date,temp_max,temp_min,precipitation,wind_speed,city
01/01/2019,17.9,6.0,0.3,10.0,Lahore
02/01/2019,18.8,7.9,0.0,10.5,Lahore
03/01/2019,19.8,5.2,0.0,10.5,Lahore
04/01/2019,18.1,5.7,0.0,10.2,Lahore
05/01/2019,14.8,9.2,3.9,19.8,Lahore
06/01/2019,17.0,6.4,0.2,9.3,Lahore
07/01/2019,18.0,5.0,0.0,10.4,Lahore
08/01/2019,18.0,8.4,0.1,13.6,Lahore
09/01/2019,19.7,5.3,0.0,11.7,Lahore
10/01/2019,18.4,5.1,0.7,9.2,Lahore
11/01/2019,18.6,8.1,1.4,10.6,Lahore
12/01/2019,17.3,6.4,6.3,15.5,Lahore
13/01/2019,18.6,7.9,0.1,14.9,Lahore
14/01/2019,18.2,5.6,0.0,14.8,Lahore
15/01/2019,18.5,3.5,0.0,9.9,Lahore
16/01/2019,18.1,4.7,0.0,11.1,Lahore
17/01/2019,19.4,4.2,0.0,10.4,Lahore
18/01/2019,17.7,4.1,0.0,9.8,Lahore
19/01/2019,21.4,6.6,0.4,9.8,Lahore
20/01/2019,19.0,8.3,0.0,17.1,Lahore
21/01/2019,15.6,10.6,8.0,13.3,Lahore
22/01/2019,15.6,8.7,4.7,10.6,Lahore
23/01/2019,16.9,6.8,0.3,10.7,Lahore
24/01/2019,17.0,5.4,0.0,8.4,Lahore
25/01/2019,15.9,4.2,0.0,7.9,Lahore
26/01/2019,16.9,6.1,0.0,11.4,Lahore
27/01/2019,17.5,5.3,0.0,13.5,Lahore
28/01/2019,18.5,3.0,0.0,13.4,Lahore
29/01/2019,19.2,3.0,0.0,11.4,Lahore
30/01/2019,15.9,7.3,1.3,14.6,Lahore
31/01/2019,13.4,9.0,6.8,19.1,Lahore
01/02/2019,16.8,7.8,1.3,13.6,Lahore
02/02/2019,19.7,6.6,0.0,9.8,Lahore
03/02/2019,21.6,7.3,0.0,10.0,Lahore
04/02/2019,21.0,6.8,0.0,10.7,Lahore
05/02/2019,21.4,10.0,0.3,9.1,Lahore
06/02/2019,20.5,10.2,0.6,17.4,Lahore
07/02/2019,15.1,8.0,9.9,15.2,Lahore
08/02/2019,16.4,7.7,7.4,14.4,Lahore
09/02/2019,19.2,5.6,0.0,12.3,Lahore
10/02/2019,18.9,6.4,0.0,7.9,Lahore
11/02/2019,20.5,7.4,0.0,9.7,Lahore
12/02/2019,20.0,10.1,0.0,9.7,Lahore
13/02/2019,20.9,10.0,0.3,11.3,Lahore
14/02/2019,17.0,8.6,16.5,16.8,Lahore
15/02/2019,18.9,7.7,0.0,10.9,Lahore
16/02/2019,20.2,9.4,0.1,10.0,Lahore
17/02/2019,19.9,8.6,1.2,9.6,Lahore
18/02/2019,19.0,10.8,7.3,18.4,Lahore
19/02/2019,19.9,8.4,0.2,13.8,Lahore
20/02/2019,21.0,10.6,10.6,25.1,Lahore
21/02/2019,19.6,12.8,16.7,21.4,Lahore
22/02/2019,19.5,10.4,0.0,13.2,Lahore
23/02/2019,20.8,7.9,0.0,12.7,Lahore
24/02/2019,21.0,7.6,0.0,11.5,Lahore
25/02/2019,19.1,8.5,2.3,13.4,Lahore
26/02/2019,18.5,9.4,2.3,18.1,Lahore
27/02/2019,18.3,7.3,0.4,20.9,Lahore
28/02/2019,19.6,5.8,0.0,9.7,Lahore
01/03/2019,19.2,6.3,0.0,15.2,Lahore
02/03/2019,16.3,11.1,5.4,13.8,Lahore
03/03/2019,18.7,10.4,1.6,10.5,Lahore
04/03/2019,20.5,10.1,0.2,12.5,Lahore
05/03/2019,21.2,8.9,0.1,9.0,Lahore
06/03/2019,23.2,9.9,0.0,10.0,Lahore
07/03/2019,23.2,9.9,0.0,14.0,Lahore
08/03/2019,22.4,10.9,0.0,12.2,Lahore
09/03/2019,24.5,10.4,0.0,14.8,Lahore
10/03/2019,24.9,10.4,0.0,12.9,Lahore
11/03/2019,19.4,12.3,11.3,21.1,Lahore
12/03/2019,23.5,10.0,0.0,12.7,Lahore
13/03/2019,21.9,10.3,0.0,12.9,Lahore
14/03/2019,21.9,9.8,0.9,12.6,Lahore
15/03/2019,24.1,9.4,0.0,11.2,Lahore
16/03/2019,25.7,11.0,0.0,8.5,Lahore
17/03/2019,27.6,13.2,0.0,8.0,Lahore
18/03/2019,28.5,12.5,0.0,8.4,Lahore
19/03/2019,29.8,15.6,0.5,18.7,Lahore
20/03/2019,26.1,14.3,1.4,25.4,Lahore
21/03/2019,29.1,13.4,0.0,15.3,Lahore
22/03/2019,29.1,14.1,0.0,16.4,Lahore
23/03/2019,25.6,14.9,0.3,18.9,Lahore
24/03/2019,24.9,14.0,0.5,13.6,Lahore
25/03/2019,29.2,15.4,0.0,13.7,Lahore
26/03/2019,32.0,13.6,0.0,20.1,Lahore
27/03/2019,33.7,15.9,0.0,10.6,Lahore
28/03/2019,34.5,18.1,0.0,10.5,Lahore
29/03/2019,35.2,20.0,0.0,21.8,Lahore
30/03/2019,34.1,19.2,0.0,17.0,Lahore
31/03/2019,33.0,17.6,0.0,20.7,Lahore
01/04/2019,34.5,17.2,0.0,19.7,Lahore
02/04/2019,35.5,15.9,0.0,14.6,Lahore
03/04/2019,36.8,18.0,0.0,14.7,Lahore
04/04/2019,37.5,20.5,0.0,10.0,Lahore
05/04/2019,37.4,20.9,0.0,23.3,Lahore
06/04/2019,35.3,20.0,0.3,18.3,Lahore
07/04/2019,37.6,20.1,0.0,12.6,Lahore
08/04/2019,33.0,21.4,0.1,21.3,Lahore
09/04/2019,36.1,19.8,0.0,10.9,Lahore
10/04/2019,36.2,22.4,0.0,18.4,Lahore
11/04/2019,36.2,21.2,0.0,17.3,Lahore
12/04/2019,33.5,22.9,0.0,14.6,Lahore
13/04/2019,32.2,22.5,0.2,12.4,Lahore
14/04/2019,34.9,22.4,0.0,15.8,Lahore
15/04/2019,36.9,22.0,0.0,23.7,Lahore
16/04/2019,29.6,20.5,5.7,28.4,Lahore
17/04/2019,22.0,16.9,26.1,16.1,Lahore
18/04/2019,26.1,15.7,2.6,10.3,Lahore
19/04/2019,29.4,17.0,0.0,9.5,Lahore
20/04/2019,31.5,18.0,0.0,10.2,Lahore
21/04/2019,33.8,19.9,0.1,16.2,Lahore
22/04/2019,36.6,20.4,0.0,14.6,Lahore
23/04/2019,38.8,23.2,0.0,16.0,Lahore
24/04/2019,37.8,22.2,0.0,32.1,Lahore
25/04/2019,37.4,23.1,0.0,17.8,Lahore
26/04/2019,38.0,22.8,0.0,19.4,Lahore
27/04/2019,38.7,22.4,0.0,20.7,Lahore
28/04/2019,39.3,23.3,0.0,17.0,Lahore
29/04/2019,39.7,23.2,0.0,13.0,Lahore
30/04/2019,36.6,25.5,0.0,33.3,Lahore
01/05/2019,38.2,24.4,0.0,20.7,Lahore
02/05/2019,38.2,21.5,0.0,17.0,Lahore
03/05/2019,36.5,20.6,0.0,21.0,Lahore
04/05/2019,37.0,21.5,0.0,20.2,Lahore
05/05/2019,38.6,21.0,0.0,11.2,Lahore
06/05/2019,39.7,21.0,0.0,14.8,Lahore
07/05/2019,39.8,22.5,0.0,14.0,Lahore
08/05/2019,40.9,23.0,0.0,10.8,Lahore
09/05/2019,41.7,24.4,0.0,15.7,Lahore
10/05/2019,40.0,27.0,0.0,24.8,Lahore
11/05/2019,38.2,24.1,0.6,25.7,Lahore
12/05/2019,37.3,23.5,0.0,13.3,Lahore
13/05/2019,37.8,24.5,1.9,20.6,Lahore
14/05/2019,35.1,23.1,0.3,23.9,Lahore
15/05/2019,37.0,23.1,0.0,17.8,Lahore
16/05/2019,34.2,21.6,0.0,11.7,Lahore
17/05/2019,30.6,23.0,9.4,20.7,Lahore
18/05/2019,34.6,21.4,0.0,16.7,Lahore
19/05/2019,37.7,24.0,0.0,23.3,Lahore
20/05/2019,38.7,25.1,0.0,21.7,Lahore
21/05/2019,39.6,25.0,0.0,14.2,Lahore
22/05/2019,39.8,26.4,0.0,20.5,Lahore
23/05/2019,37.7,25.8,1.1,19.9,Lahore
24/05/2019,33.0,23.0,0.9,17.6,Lahore
25/05/2019,34.8,21.6,0.0,17.6,Lahore
26/05/2019,38.2,23.5,0.0,17.1,Lahore
27/05/2019,39.8,23.8,0.0,16.9,Lahore
28/05/2019,41.4,23.5,0.0,14.3,Lahore
29/05/2019,42.7,26.0,0.0,27.0,Lahore
30/05/2019,43.7,25.1,0.0,15.9,Lahore
31/05/2019,44.5,26.9,0.0,11.3,Lahore
01/06/2019,44.1,26.7,0.0,11.3,Lahore
02/06/2019,44.2,27.4,0.0,20.5,Lahore
03/06/2019,44.2,28.4,0.0,33.3,Lahore
04/06/2019,42.1,29.2,0.3,21.9,Lahore
05/06/2019,42.6,27.8,0.0,19.7,Lahore
06/06/2019,41.9,27.8,0.0,18.5,Lahore
07/06/2019,41.2,24.9,0.0,11.5,Lahore
08/06/2019,41.5,26.6,0.0,17.7,Lahore
09/06/2019,42.9,28.8,0.0,11.0,Lahore
10/06/2019,44.3,27.8,0.0,10.1,Lahore
11/06/2019,43.2,27.9,0.0,17.8,Lahore
12/06/2019,43.0,28.7,0.0,31.2,Lahore
13/06/2019,42.3,28.8,0.0,18.2,Lahore
14/06/2019,42.7,28.0,0.0,18.3,Lahore
15/06/2019,43.1,28.2,1.4,21.9,Lahore
16/06/2019,40.6,29.2,0.0,14.2,Lahore
17/06/2019,40.8,28.3,0.2,34.5,Lahore
18/06/2019,34.0,25.0,4.5,23.4,Lahore
19/06/2019,38.5,26.5,0.0,9.2,Lahore
20/06/2019,37.7,28.4,0.0,18.8,Lahore
21/06/2019,37.7,26.4,0.0,12.3,Lahore
22/06/2019,40.6,27.6,0.0,15.8,Lahore
23/06/2019,40.3,29.0,0.0,16.3,Lahore
24/06/2019,31.7,28.0,0.7,21.3,Lahore
25/06/2019,38.6,27.0,0.0,10.5,Lahore
26/06/2019,41.0,27.9,0.0,19.5,Lahore
27/06/2019,40.6,27.9,0.0,17.3,Lahore
28/06/2019,42.0,28.5,0.0,17.3,Lahore
29/06/2019,41.9,29.6,0.1,29.0,Lahore
30/06/2019,41.0,29.6,0.1,11.6,Lahore
01/07/2019,41.2,30.4,0.4,21.4,Lahore
02/07/2019,42.5,29.6,0.0,11.5,Lahore
03/07/2019,41.7,31.0,0.0,11.8,Lahore
04/07/2019,41.8,30.8,0.0,20.6,Lahore
05/07/2019,38.2,27.9,0.3,15.5,Lahore
06/07/2019,35.8,28.3,4.0,16.0,Lahore
07/07/2019,37.0,26.2,6.5,17.6,Lahore
08/07/2019,39.7,29.8,0.0,14.8,Lahore
09/07/2019,37.5,28.4,0.0,22.0,Lahore
10/07/2019,35.7,27.8,5.4,17.7,Lahore
11/07/2019,36.7,27.4,7.3,19.8,Lahore
12/07/2019,36.8,26.5,3.9,15.9,Lahore
13/07/2019,34.3,26.0,4.2,21.7,Lahore
14/07/2019,33.0,25.6,10.3,16.2,Lahore
15/07/2019,33.1,25.0,3.5,20.1,Lahore
16/07/2019,31.6,24.2,10.6,16.8,Lahore
17/07/2019,32.0,24.0,0.8,12.5,Lahore
18/07/2019,33.3,25.6,1.2,11.5,Lahore
19/07/2019,33.0,25.7,15.8,13.9,Lahore
20/07/2019,33.7,25.5,0.1,11.6,Lahore
21/07/2019,33.7,26.4,3.0,16.1,Lahore
22/07/2019,34.5,27.7,3.6,9.0,Lahore
23/07/2019,36.2,27.9,0.7,7.1,Lahore
24/07/2019,37.8,28.7,0.0,13.2,Lahore
25/07/2019,32.2,27.1,17.4,22.3,Lahore
26/07/2019,29.6,25.8,31.6,13.1,Lahore
27/07/2019,31.4,25.9,2.8,18.0,Lahore
28/07/2019,30.9,25.7,16.5,16.1,Lahore
29/07/2019,33.7,26.4,0.7,10.8,Lahore
30/07/2019,33.9,27.6,3.5,13.1,Lahore
31/07/2019,32.7,26.8,7.7,15.0,Lahore
01/08/2019,33.1,26.0,2.8,13.9,Lahore
02/08/2019,29.2,25.0,21.1,12.0,Lahore
03/08/2019,33.1,25.3,1.1,9.0,Lahore
04/08/2019,33.5,26.4,0.7,9.7,Lahore
05/08/2019,34.2,27.1,0.2,6.8,Lahore
06/08/2019,33.9,27.9,5.3,17.7,Lahore
07/08/2019,32.7,26.5,6.8,14.1,Lahore
08/08/2019,34.5,27.4,0.0,9.4,Lahore
09/08/2019,32.0,27.0,6.6,15.6,Lahore
10/08/2019,32.0,26.2,4.9,15.0,Lahore
11/08/2019,33.0,27.1,2.1,12.6,Lahore
12/08/2019,32.3,27.0,3.5,10.4,Lahore
13/08/2019,33.5,26.3,11.1,14.6,Lahore
14/08/2019,32.2,27.0,5.2,18.4,Lahore
15/08/2019,34.2,26.7,1.1,11.4,Lahore
16/08/2019,32.4,27.2,3.5,12.2,Lahore
17/08/2019,28.0,24.0,5.7,14.8,Lahore
18/08/2019,32.5,23.0,0.2,12.2,Lahore
19/08/2019,32.5,24.6,0.7,13.1,Lahore
20/08/2019,34.3,24.3,0.0,10.6,Lahore
21/08/2019,35.1,25.0,0.1,8.9,Lahore
22/08/2019,35.0,26.1,0.0,12.1,Lahore
23/08/2019,35.5,26.6,0.0,10.0,Lahore
24/08/2019,37.5,26.9,0.0,12.5,Lahore
25/08/2019,34.2,27.1,0.3,17.7,Lahore
26/08/2019,34.1,26.2,0.0,13.4,Lahore
27/08/2019,34.8,28.1,0.1,8.7,Lahore
28/08/2019,35.7,27.6,0.1,9.3,Lahore
29/08/2019,36.9,28.1,0.0,10.9,Lahore
30/08/2019,34.8,27.0,4.8,15.2,Lahore
31/08/2019,35.2,28.1,2.6,8.1,Lahore
01/09/2019,35.1,26.9,7.1,17.9,Lahore
02/09/2019,33.3,26.0,4.3,13.6,Lahore
03/09/2019,35.3,26.8,0.0,7.5,Lahore
04/09/2019,36.2,27.5,0.8,17.7,Lahore
05/09/2019,35.0,26.9,2.5,17.6,Lahore
06/09/2019,35.5,27.3,1.3,11.5,Lahore
07/09/2019,35.3,27.5,0.2,11.2,Lahore
08/09/2019,35.5,27.1,0.0,11.0,Lahore
09/09/2019,37.3,27.0,0.0,9.5,Lahore
10/09/2019,38.8,28.5,0.0,13.0,Lahore
11/09/2019,39.5,28.6,0.0,12.0,Lahore
12/09/2019,39.4,28.5,0.0,12.9,Lahore
13/09/2019,37.0,28.0,0.0,16.1,Lahore
14/09/2019,36.0,27.4,3.0,12.3,Lahore
15/09/2019,36.5,27.9,0.0,10.4,Lahore
16/09/2019,35.3,27.5,1.4,12.3,Lahore
17/09/2019,36.1,26.5,1.5,14.4,Lahore
18/09/2019,34.5,25.9,0.6,16.3,Lahore
19/09/2019,33.0,26.5,0.7,22.1,Lahore
20/09/2019,32.7,25.2,0.2,14.8,Lahore
21/09/2019,33.5,24.6,0.0,11.2,Lahore
22/09/2019,34.2,25.1,0.1,13.8,Lahore
23/09/2019,33.0,25.7,0.0,10.7,Lahore
24/09/2019,33.5,25.1,0.0,9.7,Lahore
25/09/2019,33.5,25.9,0.0,11.6,Lahore
26/09/2019,33.0,25.9,0.9,14.2,Lahore
27/09/2019,32.7,25.5,1.6,14.5,Lahore
28/09/2019,30.6,24.0,4.9,12.1,Lahore
29/09/2019,28.8,22.5,4.2,12.7,Lahore
30/09/2019,29.8,21.7,0.0,8.9,Lahore
01/10/2019,29.9,21.7,0.3,12.0,Lahore
02/10/2019,30.8,21.7,0.1,8.0,Lahore
03/10/2019,30.5,21.5,10.2,25.0,Lahore
04/10/2019,29.4,20.1,2.3,13.6,Lahore
05/10/2019,30.7,19.6,0.0,12.5,Lahore
06/10/2019,30.0,19.4,0.0,15.4,Lahore
07/10/2019,30.5,21.1,0.0,14.7,Lahore
08/10/2019,31.2,19.2,0.0,8.7,Lahore
09/10/2019,31.6,18.9,0.0,8.2,Lahore
10/10/2019,32.2,19.2,0.0,9.4,Lahore
11/10/2019,32.5,20.4,0.0,8.0,Lahore
12/10/2019,32.8,20.6,0.0,8.6,Lahore
13/10/2019,33.3,19.9,0.0,8.6,Lahore
14/10/2019,33.3,20.2,0.0,8.4,Lahore
15/10/2019,33.1,20.5,0.0,11.4,Lahore
16/10/2019,32.4,20.8,0.0,9.7,Lahore
17/10/2019,29.8,20.9,3.3,25.6,Lahore
18/10/2019,29.0,19.2,5.1,29.2,Lahore
19/10/2019,30.6,17.4,0.0,9.7,Lahore
20/10/2019,29.7,17.9,0.0,12.2,Lahore
21/10/2019,30.1,16.8,0.0,10.4,Lahore
22/10/2019,31.5,17.8,0.0,12.7,Lahore
23/10/2019,30.3,18.0,0.0,12.0,Lahore
24/10/2019,30.8,17.7,0.0,9.4,Lahore
25/10/2019,30.6,17.5,0.0,10.5,Lahore
26/10/2019,30.5,18.3,0.0,8.9,Lahore
27/10/2019,31.1,17.6,0.0,14.7,Lahore
28/10/2019,31.2,18.5,0.0,9.4,Lahore
29/10/2019,31.4,18.1,0.0,8.9,Lahore
30/10/2019,31.4,18.1,0.0,9.2,Lahore
31/10/2019,31.1,18.7,0.0,9.4,Lahore
01/11/2019,27.9,18.7,0.2,17.7,Lahore
02/11/2019,27.8,18.6,0.0,10.3,Lahore
03/11/2019,27.2,18.8,0.9,11.7,Lahore
04/11/2019,29.0,17.0,0.0,11.2,Lahore
05/11/2019,29.4,17.0,0.0,10.4,Lahore
06/11/2019,27.6,17.8,6.6,19.5,Lahore
07/11/2019,22.0,15.4,16.4,17.4,Lahore
08/11/2019,23.5,13.7,0.4,20.4,Lahore
09/11/2019,25.3,12.4,0.0,10.4,Lahore
10/11/2019,25.1,12.3,0.0,9.7,Lahore
11/11/2019,24.4,13.1,0.0,9.4,Lahore
12/11/2019,24.7,14.1,0.0,9.6,Lahore
13/11/2019,25.3,15.6,0.0,9.2,Lahore
14/11/2019,22.7,15.9,0.8,8.2,Lahore
15/11/2019,23.6,15.1,0.1,8.8,Lahore
16/11/2019,24.8,16.6,1.1,9.5,Lahore
17/11/2019,25.2,14.7,0.0,13.9,Lahore
18/11/2019,25.1,12.6,0.0,10.0,Lahore
19/11/2019,24.4,11.6,0.0,9.4,Lahore
20/11/2019,23.8,11.4,0.0,7.2,Lahore
21/11/2019,22.7,11.6,0.0,9.7,Lahore
22/11/2019,20.4,13.5,0.0,11.6,Lahore
23/11/2019,23.4,12.5,0.1,12.2,Lahore
24/11/2019,23.9,12.3,0.0,8.8,Lahore
25/11/2019,23.6,11.6,0.0,9.7,Lahore
26/11/2019,23.3,12.1,0.0,9.6,Lahore
27/11/2019,17.9,13.9,6.3,13.4,Lahore
28/11/2019,20.7,13.1,0.4,13.3,Lahore
29/11/2019,20.9,10.8,0.0,8.6,Lahore
30/11/2019,21.5,10.6,0.0,10.2,Lahore
01/12/2019,22.0,8.9,0.0,10.4,Lahore
02/12/2019,22.3,8.5,0.0,10.8,Lahore
03/12/2019,21.9,7.4,0.0,11.2,Lahore
04/12/2019,21.8,7.6,0.0,10.5,Lahore
05/12/2019,21.1,7.8,0.0,8.8,Lahore
06/12/2019,21.5,8.2,0.0,11.0,Lahore
07/12/2019,22.0,7.5,0.0,10.6,Lahore
08/12/2019,21.5,7.1,0.0,8.6,Lahore
09/12/2019,20.8,7.8,0.1,8.4,Lahore
10/12/2019,19.5,7.3,0.0,7.4,Lahore
11/12/2019,20.2,8.1,0.0,7.2,Lahore
12/12/2019,16.1,11.8,20.6,17.9,Lahore
13/12/2019,16.3,9.8,3.1,14.0,Lahore
14/12/2019,17.0,8.3,0.2,8.3,Lahore
15/12/2019,16.9,8.7,0.0,9.9,Lahore
16/12/2019,18.2,7.3,0.0,10.0,Lahore
17/12/2019,18.1,6.0,0.0,10.9,Lahore
18/12/2019,17.4,5.6,0.0,10.6,Lahore
19/12/2019,16.5,5.2,0.0,7.7,Lahore
20/12/2019,16.7,8.2,0.8,9.4,Lahore
21/12/2019,17.2,8.2,0.0,11.0,Lahore
22/12/2019,17.5,7.4,0.0,8.8,Lahore
23/12/2019,16.4,5.2,0.0,8.2,Lahore
24/12/2019,14.1,4.3,0.0,9.1,Lahore
25/12/2019,13.6,5.3,0.0,8.7,Lahore
26/12/2019,12.8,3.4,0.0,7.5,Lahore
27/12/2019,12.1,1.3,0.0,8.4,Lahore
28/12/2019,10.6,2.0,0.0,7.8,Lahore
29/12/2019,11.4,3.7,0.0,7.8,Lahore
30/12/2019,11.6,1.8,0.0,8.3,Lahore
31/12/2019,11.6,2.6,0.0,11.0,Lahore
01/01/2020,13.4,2.0,0.0,10.1,Lahore
02/01/2020,18.0,3.9,0.0,10.4,Lahore
03/01/2020,18.0,4.2,0.0,9.6,Lahore
04/01/2020,16.4,5.3,0.2,10.2,Lahore
05/01/2020,15.9,5.2,1.0,8.6,Lahore
06/01/2020,10.3,9.2,13.1,10.9,Lahore
07/01/2020,12.3,8.2,3.4,6.9,Lahore
08/01/2020,14.4,6.9,0.1,10.7,Lahore
09/01/2020,15.6,3.3,0.0,10.2,Lahore
10/01/2020,16.7,4.2,0.0,12.7,Lahore
11/01/2020,14.8,4.5,0.0,9.1,Lahore
12/01/2020,18.0,8.6,0.1,11.9,Lahore
13/01/2020,12.5,7.8,14.2,20.3,Lahore
14/01/2020,14.9,6.2,0.0,9.8,Lahore
15/01/2020,15.6,4.0,0.0,10.9,Lahore
16/01/2020,16.6,5.4,0.0,9.5,Lahore
17/01/2020,15.9,5.6,0.0,8.4,Lahore
18/01/2020,17.0,5.5,0.0,11.9,Lahore
19/01/2020,17.0,4.7,0.0,10.4,Lahore
20/01/2020,17.9,7.7,0.3,10.3,Lahore
21/01/2020,16.3,8.3,0.4,14.4,Lahore
22/01/2020,18.0,6.8,0.0,15.0,Lahore
23/01/2020,17.6,5.7,0.0,15.3,Lahore
24/01/2020,19.4,5.0,0.0,12.9,Lahore
25/01/2020,18.0,8.4,1.1,9.7,Lahore
26/01/2020,19.2,6.6,0.0,8.7,Lahore
27/01/2020,17.9,6.6,7.7,16.5,Lahore
28/01/2020,14.1,9.9,16.4,16.8,Lahore
29/01/2020,16.0,7.8,3.1,15.0,Lahore
30/01/2020,16.1,6.1,0.0,10.2,Lahore
31/01/2020,16.9,4.9,0.0,10.6,Lahore
01/02/2020,17.4,4.8,0.3,9.1,Lahore
02/02/2020,18.9,5.4,0.0,11.0,Lahore
03/02/2020,18.9,5.6,0.0,9.4,Lahore
04/02/2020,15.4,5.2,1.5,10.1,Lahore
05/02/2020,17.5,5.6,0.0,11.8,Lahore
06/02/2020,17.6,5.5,0.0,9.0,Lahore
07/02/2020,18.6,4.7,0.0,10.8,Lahore
08/02/2020,19.4,5.8,0.0,10.5,Lahore
09/02/2020,20.8,7.9,0.0,8.4,Lahore
10/02/2020,20.9,5.9,0.0,10.8,Lahore
11/02/2020,21.5,7.2,0.0,9.7,Lahore
12/02/2020,22.4,9.8,0.1,18.9,Lahore
13/02/2020,23.8,11.3,0.0,16.7,Lahore
14/02/2020,23.1,10.6,0.0,19.2,Lahore
15/02/2020,26.0,8.4,0.0,15.1,Lahore
16/02/2020,25.1,8.1,0.0,11.6,Lahore
17/02/2020,26.0,7.2,0.0,15.9,Lahore
18/02/2020,26.6,7.7,0.0,13.3,Lahore
19/02/2020,24.1,9.9,0.4,25.3,Lahore
20/02/2020,21.7,13.9,3.6,28.8,Lahore
21/02/2020,21.3,12.1,0.7,18.2,Lahore
22/02/2020,23.6,10.1,0.0,10.7,Lahore
23/02/2020,25.0,12.6,0.0,10.8,Lahore
24/02/2020,25.6,11.6,0.0,11.1,Lahore
25/02/2020,26.6,12.4,0.0,12.5,Lahore
26/02/2020,27.5,11.8,0.0,11.7,Lahore
27/02/2020,26.5,14.0,0.0,12.3,Lahore
28/02/2020,25.2,15.4,0.5,27.1,Lahore
29/02/2020,21.7,15.1,21.3,22.6,Lahore
01/03/2020,23.2,12.7,0.8,16.3,Lahore
02/03/2020,24.4,12.1,0.0,8.6,Lahore
03/03/2020,25.0,11.9,0.0,9.7,Lahore
04/03/2020,24.6,12.1,0.0,13.8,Lahore
05/03/2020,20.0,13.4,11.3,25.0,Lahore
06/03/2020,17.1,12.6,23.2,26.9,Lahore
07/03/2020,18.2,12.0,1.5,16.9,Lahore
08/03/2020,21.5,11.7,0.0,13.2,Lahore
09/03/2020,22.7,10.9,0.0,16.6,Lahore
10/03/2020,22.9,9.6,0.0,9.7,Lahore
11/03/2020,19.5,11.8,19.0,25.1,Lahore
12/03/2020,23.0,13.1,20.3,30.4,Lahore
13/03/2020,20.1,11.9,17.9,20.3,Lahore
14/03/2020,19.1,11.1,5.3,14.5,Lahore
15/03/2020,21.6,10.1,0.0,10.0,Lahore
16/03/2020,23.4,12.1,0.0,9.8,Lahore
17/03/2020,25.6,12.8,0.0,10.8,Lahore
18/03/2020,25.2,14.4,0.8,12.8,Lahore
19/03/2020,25.6,13.9,0.0,9.8,Lahore
20/03/2020,25.7,13.7,1.4,11.7,Lahore
21/03/2020,25.5,15.2,0.4,13.3,Lahore
22/03/2020,26.7,14.2,0.0,10.6,Lahore
23/03/2020,27.6,14.4,0.0,9.0,Lahore
24/03/2020,24.5,16.4,2.8,15.5,Lahore
25/03/2020,26.6,14.8,0.0,10.0,Lahore
26/03/2020,25.8,16.1,0.0,15.2,Lahore
27/03/2020,20.5,14.9,21.7,25.8,Lahore
28/03/2020,24.0,14.1,0.7,15.8,Lahore
29/03/2020,25.6,14.2,0.0,13.8,Lahore
30/03/2020,26.9,13.9,0.0,12.0,Lahore
31/03/2020,24.5,15.6,2.6,19.4,Lahore
01/04/2020,27.0,14.1,0.0,18.2,Lahore
02/04/2020,26.6,14.5,0.0,16.0,Lahore
03/04/2020,27.5,13.7,0.0,14.3,Lahore
04/04/2020,29.1,14.2,0.0,9.0,Lahore
05/04/2020,28.2,15.4,0.4,17.8,Lahore
06/04/2020,29.1,16.0,0.0,14.6,Lahore
07/04/2020,27.6,17.1,0.2,21.8,Lahore
08/04/2020,28.6,14.9,0.0,11.7,Lahore
09/04/2020,30.8,15.6,0.0,9.5,Lahore
10/04/2020,30.7,19.9,0.0,17.3,Lahore
11/04/2020,33.2,18.1,0.0,11.6,Lahore
12/04/2020,35.0,19.2,0.0,12.0,Lahore
13/04/2020,36.4,21.0,0.0,15.1,Lahore
14/04/2020,35.4,20.9,0.2,20.4,Lahore
15/04/2020,35.5,23.0,0.1,20.3,Lahore
16/04/2020,35.5,21.0,0.0,15.2,Lahore
17/04/2020,26.6,19.2,7.4,19.6,Lahore
18/04/2020,29.5,16.9,4.8,25.2,Lahore
19/04/2020,30.4,17.4,0.0,17.8,Lahore
20/04/2020,30.1,17.9,0.0,19.3,Lahore
21/04/2020,30.2,17.1,0.2,15.6,Lahore
22/04/2020,32.2,18.0,0.0,11.0,Lahore
23/04/2020,34.0,20.0,0.0,9.8,Lahore
24/04/2020,35.2,20.6,0.0,9.2,Lahore
25/04/2020,34.1,21.5,0.0,13.2,Lahore
26/04/2020,32.4,21.0,3.5,19.1,Lahore
27/04/2020,30.0,20.6,1.4,28.7,Lahore
28/04/2020,31.5,20.0,0.1,14.8,Lahore
29/04/2020,35.4,21.6,0.1,8.8,Lahore
30/04/2020,36.3,23.3,0.4,18.0,Lahore
01/05/2020,39.8,21.8,0.0,11.2,Lahore
02/05/2020,36.7,26.0,0.1,26.4,Lahore
03/05/2020,34.7,21.5,3.1,31.1,Lahore
04/05/2020,33.0,19.8,0.0,10.9,Lahore
05/05/2020,34.2,22.0,1.1,17.6,Lahore
06/05/2020,33.2,21.2,0.2,21.6,Lahore
07/05/2020,35.5,19.0,0.0,13.7,Lahore
08/05/2020,37.8,23.2,0.0,10.3,Lahore
09/05/2020,38.8,24.1,0.0,35.5,Lahore
10/05/2020,38.5,23.7,0.0,36.2,Lahore
11/05/2020,37.0,23.8,0.1,21.6,Lahore
12/05/2020,35.9,23.0,0.0,11.4,Lahore
13/05/2020,34.3,24.3,0.2,16.6,Lahore
14/05/2020,32.2,22.4,0.6,23.5,Lahore
15/05/2020,36.1,20.6,0.0,17.1,Lahore
16/05/2020,37.2,22.0,0.0,17.0,Lahore
17/05/2020,38.5,22.6,0.0,16.7,Lahore
18/05/2020,38.3,22.7,0.0,13.6,Lahore
19/05/2020,35.0,23.0,0.2,22.7,Lahore
20/05/2020,39.1,22.0,0.0,15.8,Lahore
21/05/2020,42.0,23.9,0.0,18.2,Lahore
22/05/2020,42.3,25.1,0.0,11.2,Lahore
23/05/2020,42.8,26.3,0.0,21.5,Lahore
24/05/2020,41.2,26.3,0.0,15.8,Lahore
25/05/2020,43.5,26.4,0.0,18.0,Lahore
26/05/2020,44.0,26.7,0.0,13.3,Lahore
27/05/2020,43.5,26.5,0.0,21.1,Lahore
28/05/2020,40.3,27.5,0.1,43.4,Lahore
29/05/2020,35.9,26.2,0.3,31.2,Lahore
30/05/2020,32.2,22.8,11.6,21.6,Lahore
31/05/2020,30.6,22.6,1.3,17.4,Lahore
01/06/2020,32.2,21.9,0.1,13.5,Lahore
02/06/2020,33.2,22.5,0.0,12.7,Lahore
03/06/2020,34.8,23.9,0.2,23.4,Lahore
04/06/2020,35.8,23.9,0.0,15.6,Lahore
05/06/2020,35.9,24.1,0.0,19.6,Lahore
06/06/2020,33.2,25.0,0.6,24.0,Lahore
07/06/2020,35.2,23.6,1.5,8.9,Lahore
08/06/2020,37.8,25.2,0.0,12.0,Lahore
09/06/2020,38.6,27.3,0.2,21.2,Lahore
10/06/2020,38.4,27.1,0.0,11.9,Lahore
11/06/2020,39.0,27.5,0.0,15.6,Lahore
12/06/2020,39.7,27.7,0.0,17.2,Lahore
13/06/2020,38.2,27.6,0.0,23.2,Lahore
14/06/2020,40.2,27.1,0.0,14.0,Lahore
15/06/2020,41.2,27.2,0.0,13.4,Lahore
16/06/2020,42.2,26.6,0.0,13.4,Lahore
17/06/2020,42.5,28.5,0.0,12.4,Lahore
18/06/2020,43.0,29.4,0.0,13.4,Lahore
19/06/2020,41.8,29.7,0.0,23.7,Lahore
20/06/2020,40.6,29.6,0.0,19.6,Lahore
21/06/2020,42.3,30.4,0.0,26.8,Lahore
22/06/2020,40.0,29.0,0.0,20.9,Lahore
23/06/2020,39.2,30.1,0.0,17.9,Lahore
24/06/2020,36.8,28.8,0.9,17.4,Lahore
25/06/2020,34.9,26.5,4.9,11.9,Lahore
26/06/2020,37.3,27.9,0.8,10.0,Lahore
27/06/2020,38.9,28.9,0.8,7.5,Lahore
28/06/2020,40.4,28.3,0.3,20.4,Lahore
29/06/2020,39.3,27.9,7.8,17.0,Lahore
30/06/2020,37.8,28.9,0.0,13.5,Lahore
01/07/2020,37.2,29.0,3.8,11.6,Lahore
02/07/2020,41.1,29.6,0.0,12.4,Lahore
03/07/2020,43.7,30.7,0.0,16.6,Lahore
04/07/2020,41.2,28.2,9.8,20.3,Lahore
05/07/2020,33.7,25.1,10.9,21.6,Lahore
06/07/2020,35.0,26.5,0.0,8.8,Lahore
07/07/2020,36.0,27.9,0.0,15.0,Lahore
08/07/2020,32.8,26.9,0.4,20.6,Lahore
09/07/2020,36.1,27.0,0.0,8.4,Lahore
10/07/2020,38.6,28.5,0.0,17.6,Lahore
11/07/2020,38.0,27.4,1.0,15.3,Lahore
12/07/2020,35.2,26.7,6.3,17.2,Lahore
13/07/2020,35.5,25.0,0.0,7.9,Lahore
14/07/2020,37.7,27.4,0.1,10.0,Lahore
15/07/2020,38.0,29.2,1.1,17.9,Lahore
16/07/2020,36.0,28.1,0.7,14.8,Lahore
17/07/2020,35.7,28.1,0.4,15.2,Lahore
18/07/2020,36.0,28.7,2.4,12.2,Lahore
19/07/2020,37.4,28.6,0.2,12.4,Lahore
20/07/2020,35.0,26.5,5.8,13.3,Lahore
21/07/2020,28.5,24.6,15.2,17.9,Lahore
22/07/2020,32.2,23.5,0.1,9.8,Lahore
23/07/2020,34.6,24.4,0.0,10.0,Lahore
24/07/2020,34.5,26.6,0.1,15.1,Lahore
25/07/2020,34.2,27.3,0.0,13.5,Lahore
26/07/2020,35.1,27.5,0.0,13.0,Lahore
27/07/2020,36.7,28.0,1.2,8.9,Lahore
28/07/2020,39.3,29.1,0.0,9.2,Lahore
29/07/2020,38.5,29.4,0.0,15.5,Lahore
30/07/2020,33.9,26.5,4.7,21.1,Lahore
31/07/2020,35.0,26.5,8.9,16.9,Lahore
01/08/2020,34.9,27.2,6.8,13.6,Lahore
02/08/2020,37.0,28.0,0.1,10.0,Lahore
03/08/2020,38.0,29.1,0.0,12.9,Lahore
04/08/2020,38.2,27.8,0.0,12.9,Lahore
05/08/2020,38.3,28.8,0.0,18.0,Lahore
06/08/2020,35.1,28.7,0.0,14.6,Lahore
07/08/2020,36.1,29.5,0.0,20.0,Lahore
08/08/2020,36.8,28.9,0.0,10.5,Lahore
09/08/2020,34.0,27.8,23.7,10.1,Lahore
10/08/2020,34.2,27.6,6.1,13.6,Lahore
11/08/2020,34.2,27.5,3.7,10.7,Lahore
12/08/2020,37.2,27.6,2.3,17.1,Lahore
13/08/2020,35.5,27.4,0.1,19.8,Lahore
14/08/2020,35.5,27.0,1.6,17.2,Lahore
15/08/2020,35.6,27.3,0.7,13.4,Lahore
16/08/2020,35.8,28.5,1.2,13.4,Lahore
17/08/2020,35.8,29.0,0.2,13.8,Lahore
18/08/2020,36.5,28.1,2.6,13.8,Lahore
19/08/2020,34.7,26.8,17.0,18.2,Lahore
20/08/2020,31.5,26.0,4.8,20.2,Lahore
21/08/2020,31.5,25.3,2.9,13.8,Lahore
22/08/2020,33.8,24.3,0.0,7.1,Lahore
23/08/2020,33.3,26.4,0.8,10.1,Lahore
24/08/2020,34.5,26.5,0.4,11.4,Lahore
25/08/2020,33.6,27.4,1.0,15.3,Lahore
26/08/2020,32.0,27.0,4.2,18.1,Lahore
27/08/2020,32.1,26.4,6.3,10.9,Lahore
28/08/2020,31.2,24.9,12.9,8.8,Lahore
29/08/2020,33.0,24.8,0.3,6.9,Lahore
30/08/2020,33.7,25.8,1.6,12.9,Lahore
31/08/2020,32.0,26.9,6.7,19.4,Lahore
01/09/2020,32.5,26.2,1.3,22.2,Lahore
02/09/2020,32.4,25.9,2.7,12.9,Lahore
03/09/2020,33.0,26.4,13.0,12.3,Lahore
04/09/2020,29.5,25.1,22.7,12.4,Lahore
05/09/2020,30.9,25.0,12.4,7.2,Lahore
06/09/2020,31.9,25.3,1.1,8.8,Lahore
07/09/2020,33.0,24.9,0.0,8.2,Lahore
08/09/2020,34.5,25.4,0.0,7.4,Lahore
09/09/2020,34.7,25.6,0.0,7.6,Lahore
10/09/2020,35.2,25.6,0.0,10.5,Lahore
11/09/2020,35.7,25.9,0.0,9.1,Lahore
12/09/2020,36.2,25.2,0.0,9.7,Lahore
13/09/2020,36.5,25.3,0.0,7.9,Lahore
14/09/2020,36.5,25.0,0.0,10.7,Lahore
15/09/2020,36.8,26.2,0.0,11.3,Lahore
16/09/2020,37.2,28.2,0.0,13.8,Lahore
17/09/2020,37.2,27.9,0.0,10.5,Lahore
18/09/2020,37.8,25.9,0.0,9.4,Lahore
19/09/2020,37.8,25.6,0.0,10.1,Lahore
20/09/2020,37.6,25.0,0.0,16.7,Lahore
21/09/2020,37.8,24.8,0.0,12.0,Lahore
22/09/2020,37.2,25.4,0.0,6.9,Lahore
23/09/2020,37.0,25.6,0.0,9.3,Lahore
24/09/2020,37.2,25.0,0.0,15.8,Lahore
25/09/2020,36.9,24.9,0.0,12.2,Lahore
26/09/2020,36.2,23.0,0.0,14.2,Lahore
27/09/2020,36.5,21.8,0.0,14.6,Lahore
28/09/2020,35.6,23.1,0.0,10.1,Lahore
29/09/2020,35.3,23.2,0.0,11.0,Lahore
30/09/2020,35.7,21.6,0.0,11.5,Lahore
01/10/2020,35.6,21.6,0.0,9.3,Lahore
02/10/2020,35.5,21.3,0.0,11.8,Lahore
03/10/2020,35.0,22.5,0.0,12.3,Lahore
04/10/2020,35.5,21.0,0.0,14.2,Lahore
05/10/2020,35.3,19.7,0.0,13.7,Lahore
06/10/2020,35.8,19.5,0.0,10.2,Lahore
07/10/2020,36.2,20.6,0.0,13.0,Lahore
08/10/2020,36.3,20.5,0.0,11.3,Lahore
09/10/2020,35.8,21.0,0.0,11.5,Lahore
10/10/2020,35.5,20.8,0.0,13.3,Lahore
11/10/2020,35.7,19.0,0.0,14.3,Lahore
12/10/2020,36.3,19.9,0.0,9.7,Lahore
13/10/2020,35.6,20.4,0.0,12.5,Lahore
14/10/2020,34.8,19.2,0.0,14.1,Lahore
15/10/2020,34.0,19.5,0.0,13.2,Lahore
16/10/2020,34.2,17.6,0.0,11.4,Lahore
17/10/2020,34.4,17.3,0.0,11.5,Lahore
18/10/2020,33.8,17.4,0.0,13.3,Lahore
19/10/2020,33.6,17.5,0.0,11.2,Lahore
20/10/2020,33.7,16.5,0.0,11.5,Lahore
21/10/2020,33.3,17.7,0.0,11.1,Lahore
22/10/2020,31.5,17.0,0.0,12.9,Lahore
23/10/2020,31.9,16.1,0.0,9.2,Lahore
24/10/2020,32.4,17.1,0.0,9.7,Lahore
25/10/2020,32.8,16.8,0.0,15.2,Lahore
26/10/2020,31.1,17.3,0.0,12.3,Lahore
27/10/2020,30.5,14.6,0.0,9.2,Lahore
28/10/2020,30.9,13.9,0.0,9.5,Lahore
29/10/2020,31.4,14.8,0.0,9.3,Lahore
30/10/2020,30.2,14.2,0.0,17.9,Lahore
31/10/2020,30.4,12.6,0.0,15.1,Lahore
01/11/2020,30.0,13.6,0.0,10.4,Lahore
02/11/2020,29.9,14.1,0.0,10.8,Lahore
03/11/2020,30.1,13.8,0.0,10.3,Lahore
04/11/2020,30.5,13.9,0.0,9.4,Lahore
05/11/2020,30.4,13.1,0.0,8.8,Lahore
06/11/2020,30.1,13.5,0.0,12.5,Lahore
07/11/2020,29.5,12.9,0.0,12.9,Lahore
08/11/2020,29.6,12.2,0.0,9.5,Lahore
09/11/2020,29.3,12.4,0.0,9.9,Lahore
10/11/2020,28.7,13.1,0.0,10.5,Lahore
11/11/2020,28.4,12.4,0.0,8.6,Lahore
12/11/2020,28.1,12.6,0.0,9.4,Lahore
13/11/2020,27.4,11.9,0.0,10.0,Lahore
14/11/2020,25.8,13.3,0.0,11.6,Lahore
15/11/2020,20.4,14.5,5.5,17.7,Lahore
16/11/2020,20.7,13.1,1.2,14.3,Lahore
17/11/2020,22.9,11.2,0.0,10.8,Lahore
18/11/2020,22.1,8.8,0.0,9.7,Lahore
19/11/2020,22.4,8.4,0.0,9.0,Lahore
20/11/2020,23.0,9.8,0.0,16.9,Lahore
21/11/2020,22.1,8.1,0.0,12.2,Lahore
22/11/2020,20.4,7.4,0.0,10.6,Lahore
23/11/2020,20.6,11.6,0.0,9.4,Lahore
24/11/2020,21.2,13.9,0.0,17.7,Lahore
25/11/2020,19.4,12.4,3.1,13.4,Lahore
26/11/2020,21.2,10.6,0.0,11.4,Lahore
27/11/2020,23.0,10.0,0.0,13.3,Lahore
28/11/2020,22.7,7.8,0.0,11.5,Lahore
29/11/2020,22.4,8.9,0.0,9.0,Lahore
30/11/2020,23.5,9.1,0.0,10.1,Lahore
01/12/2020,24.4,11.7,0.0,7.7,Lahore
02/12/2020,25.0,11.2,0.0,9.3,Lahore
03/12/2020,24.8,10.6,0.0,7.6,Lahore
04/12/2020,25.1,11.5,0.0,9.7,Lahore
05/12/2020,25.1,13.2,0.0,12.1,Lahore
06/12/2020,25.0,12.9,0.0,8.7,Lahore
07/12/2020,24.7,11.6,0.0,10.0,Lahore
08/12/2020,23.5,11.6,0.0,12.2,Lahore
09/12/2020,20.0,12.8,1.3,12.7,Lahore
10/12/2020,23.0,11.4,0.0,10.6,Lahore
11/12/2020,19.9,9.9,2.7,20.0,Lahore
12/12/2020,18.6,9.9,5.0,9.7,Lahore
13/12/2020,18.1,7.6,0.0,8.9,Lahore
14/12/2020,18.1,7.2,0.0,10.1,Lahore
15/12/2020,17.3,5.4,0.0,9.8,Lahore
16/12/2020,16.5,4.4,0.0,9.6,Lahore
17/12/2020,16.8,3.1,0.0,11.0,Lahore
18/12/2020,17.2,3.0,0.0,11.5,Lahore
19/12/2020,18.2,2.5,0.0,10.8,Lahore
20/12/2020,19.6,6.2,0.0,10.9,Lahore
21/12/2020,19.8,5.7,0.0,10.3,Lahore
22/12/2020,19.6,5.2,0.0,9.8,Lahore
23/12/2020,19.8,6.1,0.0,6.6,Lahore
24/12/2020,19.2,4.6,0.0,7.4,Lahore
25/12/2020,19.0,4.7,0.0,9.2,Lahore
26/12/2020,18.1,4.8,0.0,7.9,Lahore
27/12/2020,14.2,6.4,6.2,15.2,Lahore
28/12/2020,14.9,5.7,0.0,14.5,Lahore
29/12/2020,15.2,2.8,0.0,11.4,Lahore
30/12/2020,16.0,2.7,0.0,9.5,Lahore
31/12/2020,15.6,2.9,0.0,11.1,Lahore
01/01/2021,16.3,5.1,0.0,9.5,Lahore
02/01/2021,16.2,3.8,2.6,11.7,Lahore
03/01/2021,18.1,10.2,2.4,15.3,Lahore
04/01/2021,19.7,12.4,11.2,15.5,Lahore
05/01/2021,16.4,13.9,23.1,20.5,Lahore
06/01/2021,18.2,10.9,0.3,20.4,Lahore
07/01/2021,17.7,9.3,0.0,8.9,Lahore
08/01/2021,17.6,9.2,0.0,8.8,Lahore
09/01/2021,17.6,6.7,0.0,9.9,Lahore
10/01/2021,16.8,5.6,0.0,9.7,Lahore
11/01/2021,17.7,4.9,0.0,7.0,Lahore
12/01/2021,15.2,5.3,0.0,7.6,Lahore
13/01/2021,15.1,3.3,0.0,6.5,Lahore
14/01/2021,14.4,4.0,0.0,9.2,Lahore
15/01/2021,14.2,6.3,0.0,5.4,Lahore
16/01/2021,12.4,5.7,0.0,6.2,Lahore
17/01/2021,13.2,4.8,0.0,11.9,Lahore
18/01/2021,18.0,6.2,0.0,11.2,Lahore
19/01/2021,19.1,6.5,0.0,9.2,Lahore
20/01/2021,19.3,6.8,0.0,10.7,Lahore
21/01/2021,19.0,6.6,0.0,11.4,Lahore
22/01/2021,18.9,6.2,0.0,17.2,Lahore
23/01/2021,16.2,7.6,0.8,17.0,Lahore
24/01/2021,17.7,6.7,0.0,10.9,Lahore
25/01/2021,18.7,5.2,0.0,10.4,Lahore
26/01/2021,18.4,4.4,0.0,11.5,Lahore
27/01/2021,18.1,4.2,0.0,10.7,Lahore
28/01/2021,18.7,4.7,0.0,11.1,Lahore
29/01/2021,18.6,4.2,0.0,10.5,Lahore
30/01/2021,18.8,4.4,0.0,12.3,Lahore
31/01/2021,19.8,5.8,0.0,10.9,Lahore
01/02/2021,20.6,6.9,0.0,9.8,Lahore
02/02/2021,20.9,6.4,0.0,11.3,Lahore
03/02/2021,20.9,8.9,1.1,17.8,Lahore
04/02/2021,18.6,8.9,0.0,18.7,Lahore
05/02/2021,18.5,6.8,0.0,9.2,Lahore
06/02/2021,20.5,6.9,0.0,13.8,Lahore
07/02/2021,21.9,7.8,0.0,10.5,Lahore
08/02/2021,23.0,7.4,0.0,10.2,Lahore
09/02/2021,23.5,8.2,0.0,9.1,Lahore
10/02/2021,23.0,9.6,0.0,9.0,Lahore
11/02/2021,24.0,9.8,0.0,9.0,Lahore
12/02/2021,24.0,9.4,0.0,7.9,Lahore
13/02/2021,23.0,11.1,0.0,8.3,Lahore
14/02/2021,22.9,10.3,0.0,9.2,Lahore
15/02/2021,22.8,10.1,0.0,8.4,Lahore
16/02/2021,23.0,10.6,0.0,9.4,Lahore
17/02/2021,23.9,11.4,0.0,6.4,Lahore
18/02/2021,23.5,10.5,0.0,9.5,Lahore
19/02/2021,24.0,10.1,0.0,8.1,Lahore
20/02/2021,24.2,10.2,0.0,8.0,Lahore
21/02/2021,25.2,12.6,0.0,9.0,Lahore
22/02/2021,26.1,12.1,0.0,10.6,Lahore
23/02/2021,26.5,13.1,0.0,11.4,Lahore
24/02/2021,26.7,12.4,0.0,10.6,Lahore
25/02/2021,27.6,13.4,0.0,14.1,Lahore
26/02/2021,27.8,13.6,0.0,17.4,Lahore
27/02/2021,24.5,15.1,0.0,19.5,Lahore
28/02/2021,24.5,11.8,0.0,9.2,Lahore
01/03/2021,25.5,11.6,0.0,17.3,Lahore
02/03/2021,26.7,12.4,0.0,17.3,Lahore
03/03/2021,27.5,11.6,0.0,9.4,Lahore
04/03/2021,27.2,13.2,0.0,10.0,Lahore
05/03/2021,28.4,12.4,0.0,14.8,Lahore
06/03/2021,27.1,12.2,0.0,17.1,Lahore
07/03/2021,28.6,18.1,0.2,20.1,Lahore
08/03/2021,28.2,16.5,0.7,16.9,Lahore
09/03/2021,29.5,14.8,0.0,16.8,Lahore
10/03/2021,29.0,14.9,0.0,10.7,Lahore
11/03/2021,28.4,14.9,0.0,17.7,Lahore
12/03/2021,26.9,15.6,1.3,22.9,Lahore
13/03/2021,27.1,13.9,0.0,14.2,Lahore
14/03/2021,27.3,13.4,0.0,15.2,Lahore
15/03/2021,27.8,14.8,0.0,11.2,Lahore
16/03/2021,29.2,15.1,0.0,11.9,Lahore
17/03/2021,28.9,16.0,0.7,13.0,Lahore
18/03/2021,29.3,16.3,0.0,14.2,Lahore
19/03/2021,30.6,16.1,0.1,12.8,Lahore
20/03/2021,30.1,14.8,0.0,13.4,Lahore
21/03/2021,26.1,15.6,0.0,21.0,Lahore
22/03/2021,26.9,16.8,2.6,26.6,Lahore
23/03/2021,23.8,15.9,3.9,31.6,Lahore
24/03/2021,26.5,13.3,0.6,15.5,Lahore
25/03/2021,27.4,14.6,0.0,15.6,Lahore
26/03/2021,29.0,14.9,0.0,10.1,Lahore
27/03/2021,30.7,15.9,0.0,9.1,Lahore
28/03/2021,33.9,16.9,0.0,18.8,Lahore
29/03/2021,34.8,23.0,0.0,22.8,Lahore
30/03/2021,32.7,18.5,0.0,19.2,Lahore
31/03/2021,30.1,19.0,0.0,24.4,Lahore
01/04/2021,30.4,16.1,0.0,25.7,Lahore
02/04/2021,29.0,15.2,0.0,19.7,Lahore
03/04/2021,31.3,12.9,0.0,12.5,Lahore
04/04/2021,32.2,14.5,0.0,15.2,Lahore
05/04/2021,31.5,19.0,0.0,17.2,Lahore
06/04/2021,31.0,18.5,3.1,28.8,Lahore
07/04/2021,30.7,15.2,0.3,15.3,Lahore
08/04/2021,29.9,14.6,0.0,13.9,Lahore
09/04/2021,31.6,14.9,0.0,14.6,Lahore
10/04/2021,33.3,18.0,0.0,14.5,Lahore
11/04/2021,33.7,18.5,0.0,12.7,Lahore
12/04/2021,34.2,21.1,0.0,18.5,Lahore
13/04/2021,35.4,20.1,0.0,13.2,Lahore
14/04/2021,35.3,22.0,0.0,19.3,Lahore
15/04/2021,33.5,20.7,0.0,21.9,Lahore
16/04/2021,30.8,20.8,2.9,28.6,Lahore
17/04/2021,26.4,17.9,7.8,19.0,Lahore
18/04/2021,30.6,17.1,0.0,14.1,Lahore
19/04/2021,32.6,19.6,0.0,15.0,Lahore
20/04/2021,28.5,17.1,0.8,17.9,Lahore
21/04/2021,25.7,16.3,1.4,15.5,Lahore
22/04/2021,26.5,15.9,0.1,25.5,Lahore
23/04/2021,27.0,16.2,3.3,20.0,Lahore
24/04/2021,31.1,14.4,0.0,13.1,Lahore
25/04/2021,34.5,18.0,0.0,10.8,Lahore
26/04/2021,37.1,17.9,0.0,10.8,Lahore
27/04/2021,39.3,20.5,0.0,27.7,Lahore
28/04/2021,40.2,21.5,0.0,19.5,Lahore
29/04/2021,38.5,22.9,0.0,25.4,Lahore
30/04/2021,39.2,22.2,0.0,16.8,Lahore
01/05/2021,38.5,23.2,0.0,15.0,Lahore
02/05/2021,38.9,23.1,0.0,11.7,Lahore
03/05/2021,38.8,24.5,0.0,10.1,Lahore
04/05/2021,37.7,25.0,1.5,18.1,Lahore
05/05/2021,34.3,23.5,0.0,16.9,Lahore
06/05/2021,34.2,22.8,0.9,21.4,Lahore
07/05/2021,34.6,23.1,0.5,19.7,Lahore
08/05/2021,36.5,21.5,0.0,13.5,Lahore
09/05/2021,36.7,23.2,0.4,15.6,Lahore
10/05/2021,37.8,24.2,0.0,25.3,Lahore
11/05/2021,36.8,24.2,0.0,16.9,Lahore
12/05/2021,34.8,23.2,0.3,11.6,Lahore
13/05/2021,30.8,22.6,1.0,20.3,Lahore
14/05/2021,33.0,20.0,0.2,17.1,Lahore
15/05/2021,34.8,22.1,0.0,15.5,Lahore
16/05/2021,37.3,23.2,0.0,14.5,Lahore
17/05/2021,39.3,23.4,0.0,15.5,Lahore
18/05/2021,39.8,23.9,0.0,19.6,Lahore
19/05/2021,35.2,24.6,0.0,17.6,Lahore
20/05/2021,36.5,22.0,0.0,26.1,Lahore
21/05/2021,36.8,24.2,0.2,29.0,Lahore
22/05/2021,37.2,22.5,0.0,10.2,Lahore
23/05/2021,34.5,24.7,0.0,16.6,Lahore
24/05/2021,37.0,21.4,0.0,17.6,Lahore
25/05/2021,38.7,23.1,0.0,14.5,Lahore
26/05/2021,40.4,23.6,0.0,15.8,Lahore
27/05/2021,42.3,25.0,0.0,13.1,Lahore
28/05/2021,42.5,27.0,0.0,14.8,Lahore
29/05/2021,42.5,26.5,0.0,29.3,Lahore
30/05/2021,39.7,28.3,0.0,21.9,Lahore
31/05/2021,39.2,27.6,0.6,31.0,Lahore
01/06/2021,34.5,23.9,3.3,14.8,Lahore
02/06/2021,36.1,24.7,0.4,10.7,Lahore
03/06/2021,34.7,24.8,1.4,17.6,Lahore
04/06/2021,35.2,24.4,0.9,9.6,Lahore
05/06/2021,36.6,24.9,0.4,14.9,Lahore
06/06/2021,39.0,25.9,0.0,10.0,Lahore
07/06/2021,41.7,27.6,0.0,11.2,Lahore
08/06/2021,42.9,29.1,0.0,12.4,Lahore
09/06/2021,44.2,30.2,0.0,15.8,Lahore
10/06/2021,43.0,30.9,0.0,18.1,Lahore
11/06/2021,41.2,28.8,0.1,19.0,Lahore
12/06/2021,40.6,30.0,0.0,22.7,Lahore
13/06/2021,36.3,25.4,4.0,25.6,Lahore
14/06/2021,37.0,25.7,0.0,11.6,Lahore
15/06/2021,38.7,26.3,0.0,15.9,Lahore
16/06/2021,34.7,25.5,0.1,12.2,Lahore
17/06/2021,36.3,24.5,0.0,8.0,Lahore
18/06/2021,38.8,26.7,0.0,13.1,Lahore
19/06/2021,39.8,27.0,0.0,22.7,Lahore
20/06/2021,38.5,26.2,0.0,18.8,Lahore
21/06/2021,38.5,26.7,0.0,11.6,Lahore
22/06/2021,40.5,27.2,0.0,12.4,Lahore
23/06/2021,41.0,27.4,0.0,10.0,Lahore
24/06/2021,40.7,28.0,0.1,24.7,Lahore
25/06/2021,38.9,28.1,0.0,15.1,Lahore
26/06/2021,37.2,26.4,0.0,13.0,Lahore
27/06/2021,39.5,26.4,0.0,10.9,Lahore
28/06/2021,41.2,27.6,0.0,14.2,Lahore
29/06/2021,42.0,28.6,0.0,18.7,Lahore
30/06/2021,43.8,28.3,0.0,17.1,Lahore
01/07/2021,42.5,29.4,0.0,18.5,Lahore
02/07/2021,41.8,29.4,0.2,14.8,Lahore
03/07/2021,39.0,28.6,0.1,18.7,Lahore
04/07/2021,39.5,28.6,0.0,12.3,Lahore
05/07/2021,39.3,29.1,0.0,14.6,Lahore
06/07/2021,40.5,29.4,0.0,10.1,Lahore
07/07/2021,41.7,29.6,0.0,10.8,Lahore
08/07/2021,41.0,30.2,0.0,20.7,Lahore
09/07/2021,38.0,30.9,0.0,15.6,Lahore
10/07/2021,38.1,30.7,0.3,10.7,Lahore
11/07/2021,37.6,30.8,1.7,16.8,Lahore
12/07/2021,34.7,26.3,5.0,26.7,Lahore
13/07/2021,33.5,25.0,2.9,17.3,Lahore
14/07/2021,34.2,26.5,0.2,12.3,Lahore
15/07/2021,35.3,26.9,0.0,14.8,Lahore
16/07/2021,36.4,28.1,0.6,13.7,Lahore
17/07/2021,38.3,28.9,0.2,13.6,Lahore
18/07/2021,40.7,30.0,0.0,21.4,Lahore
19/07/2021,35.8,26.8,7.2,23.0,Lahore
20/07/2021,31.6,25.5,20.8,17.8,Lahore
21/07/2021,32.7,24.6,2.4,12.6,Lahore
22/07/2021,33.5,25.9,0.6,11.6,Lahore
23/07/2021,32.2,27.0,0.3,19.5,Lahore
24/07/2021,36.3,27.8,0.2,9.1,Lahore
25/07/2021,36.2,28.8,0.4,11.6,Lahore
26/07/2021,34.1,29.3,1.5,14.1,Lahore
27/07/2021,33.0,27.8,8.4,13.0,Lahore
28/07/2021,28.0,25.8,18.3,15.5,Lahore
29/07/2021,31.6,24.9,15.1,14.4,Lahore
30/07/2021,30.7,25.6,4.3,17.7,Lahore
31/07/2021,32.0,26.0,2.1,17.3,Lahore
01/08/2021,33.5,26.3,4.5,11.5,Lahore
02/08/2021,34.0,26.8,3.0,9.1,Lahore
03/08/2021,34.2,27.0,0.2,11.5,Lahore
04/08/2021,34.2,26.8,0.1,10.0,Lahore
05/08/2021,34.1,26.5,5.6,13.0,Lahore
06/08/2021,33.7,26.0,0.8,14.4,Lahore
07/08/2021,34.9,26.0,0.0,9.9,Lahore
08/08/2021,34.7,27.2,0.3,13.4,Lahore
09/08/2021,34.2,27.5,1.2,12.6,Lahore
10/08/2021,35.3,26.9,0.4,12.0,Lahore
11/08/2021,37.2,27.5,0.0,10.7,Lahore
12/08/2021,37.3,27.4,0.0,9.4,Lahore
13/08/2021,37.8,27.9,0.0,11.0,Lahore
14/08/2021,36.8,28.2,0.6,11.3,Lahore
15/08/2021,33.5,26.6,7.3,18.8,Lahore
16/08/2021,36.3,27.0,0.4,10.5,Lahore
17/08/2021,38.2,27.5,0.0,10.1,Lahore
18/08/2021,38.5,28.1,0.0,10.0,Lahore
19/08/2021,38.8,27.6,0.0,10.1,Lahore
20/08/2021,37.7,28.4,0.1,15.7,Lahore
21/08/2021,33.6,26.6,0.0,20.9,Lahore
22/08/2021,32.0,25.4,0.9,13.3,Lahore
23/08/2021,34.8,24.8,0.0,8.0,Lahore
24/08/2021,38.2,27.0,0.0,14.0,Lahore
25/08/2021,39.0,28.6,0.0,12.1,Lahore
26/08/2021,38.7,28.4,0.0,11.9,Lahore
27/08/2021,38.5,28.3,0.0,11.7,Lahore
28/08/2021,36.8,28.1,0.0,13.7,Lahore
29/08/2021,35.2,27.2,0.1,15.3,Lahore
30/08/2021,33.3,25.9,3.5,18.4,Lahore
31/08/2021,32.8,24.8,4.0,18.6,Lahore
01/09/2021,34.2,26.5,0.8,11.3,Lahore
02/09/2021,34.2,25.1,0.0,10.2,Lahore
03/09/2021,33.7,26.5,5.5,10.3,Lahore
04/09/2021,34.5,24.8,0.0,6.9,Lahore
05/09/2021,35.2,25.9,0.0,10.0,Lahore
06/09/2021,35.5,27.3,0.1,8.2,Lahore
07/09/2021,34.6,28.0,0.7,15.6,Lahore
08/09/2021,32.8,27.1,3.8,14.3,Lahore
09/09/2021,32.8,26.4,5.1,13.9,Lahore
10/09/2021,31.4,24.6,16.1,17.3,Lahore
11/09/2021,29.1,24.3,18.9,19.1,Lahore
12/09/2021,28.4,22.8,2.6,16.4,Lahore
13/09/2021,32.0,22.6,0.0,8.7,Lahore
14/09/2021,32.5,24.4,0.7,9.1,Lahore
15/09/2021,33.9,25.0,0.0,13.8,Lahore
16/09/2021,34.0,25.4,0.0,10.7,Lahore
17/09/2021,32.5,25.5,0.0,15.3,Lahore
18/09/2021,32.5,25.5,0.2,7.9,Lahore
19/09/2021,32.8,26.3,0.6,8.6,Lahore
20/09/2021,32.7,26.7,0.1,7.5,Lahore
21/09/2021,31.9,25.0,13.5,21.6,Lahore
22/09/2021,31.0,24.1,10.0,12.9,Lahore
23/09/2021,29.1,23.3,3.1,13.1,Lahore
24/09/2021,30.5,23.1,0.2,10.5,Lahore
25/09/2021,32.2,23.9,0.1,7.9,Lahore
26/09/2021,32.7,23.9,0.0,7.8,Lahore
27/09/2021,33.1,24.5,0.0,8.0,Lahore
28/09/2021,33.2,25.0,0.0,6.9,Lahore
29/09/2021,33.1,25.7,0.2,9.4,Lahore
30/09/2021,32.5,25.1,0.3,8.6,Lahore
01/10/2021,33.1,25.1,0.6,10.5,Lahore
02/10/2021,32.9,24.8,0.2,11.9,Lahore
03/10/2021,34.2,25.4,1.1,12.0,Lahore
04/10/2021,33.1,24.9,1.7,12.3,Lahore
05/10/2021,32.0,24.5,1.1,11.6,Lahore
06/10/2021,34.1,23.4,0.0,9.2,Lahore
07/10/2021,34.2,22.5,0.0,10.1,Lahore
08/10/2021,35.3,22.2,0.0,10.5,Lahore
09/10/2021,35.2,22.9,0.0,10.5,Lahore
10/10/2021,35.5,23.8,0.0,17.8,Lahore
11/10/2021,35.5,22.1,0.0,20.5,Lahore
12/10/2021,33.7,21.4,0.0,9.8,Lahore
13/10/2021,32.3,19.4,0.0,9.4,Lahore
14/10/2021,32.7,18.9,0.0,10.5,Lahore
15/10/2021,33.2,18.0,0.0,8.0,Lahore
16/10/2021,33.3,19.2,0.0,9.4,Lahore
17/10/2021,31.5,21.9,1.5,16.6,Lahore
18/10/2021,27.5,20.3,1.1,15.9,Lahore
19/10/2021,31.2,19.9,0.0,14.8,Lahore
20/10/2021,32.2,18.5,0.0,9.4,Lahore
21/10/2021,31.8,18.4,0.0,10.2,Lahore
22/10/2021,31.2,17.0,0.0,18.7,Lahore
23/10/2021,27.3,18.2,42.6,27.9,Lahore
24/10/2021,22.6,16.6,2.3,19.8,Lahore
25/10/2021,25.1,14.9,0.0,14.7,Lahore
26/10/2021,25.7,13.6,0.0,9.7,Lahore
27/10/2021,26.5,14.2,0.0,9.9,Lahore
28/10/2021,27.0,13.7,0.0,10.1,Lahore
29/10/2021,27.6,14.6,0.0,8.8,Lahore
30/10/2021,28.5,15.0,0.0,12.0,Lahore
31/10/2021,27.0,14.4,0.0,10.5,Lahore
01/11/2021,27.5,14.6,0.0,16.3,Lahore
02/11/2021,24.2,18.0,0.9,28.7,Lahore
03/11/2021,27.2,14.9,0.0,15.8,Lahore
04/11/2021,27.0,13.9,0.0,8.6,Lahore
05/11/2021,27.0,13.8,0.0,11.6,Lahore
06/11/2021,27.4,14.1,0.0,12.6,Lahore
07/11/2021,26.5,12.9,0.0,8.9,Lahore
08/11/2021,27.2,13.0,0.0,10.2,Lahore
09/11/2021,27.0,12.6,0.0,9.0,Lahore
10/11/2021,28.0,12.6,0.0,9.6,Lahore
11/11/2021,27.0,13.1,0.0,7.6,Lahore
12/11/2021,27.0,13.1,0.0,9.4,Lahore
13/11/2021,26.5,12.8,0.0,10.7,Lahore
14/11/2021,26.8,11.2,0.0,11.2,Lahore
15/11/2021,25.8,10.2,0.0,11.8,Lahore
16/11/2021,24.6,10.4,0.0,9.5,Lahore
17/11/2021,25.3,10.8,0.0,7.3,Lahore
18/11/2021,24.1,10.8,0.0,6.5,Lahore
19/11/2021,24.3,10.1,0.0,10.0,Lahore
20/11/2021,24.5,10.0,0.0,10.4,Lahore
21/11/2021,25.2,10.1,0.0,10.9,Lahore
22/11/2021,24.8,9.2,0.0,15.0,Lahore
23/11/2021,24.5,8.6,0.0,9.7,Lahore
24/11/2021,25.5,10.4,0.0,13.3,Lahore
25/11/2021,25.0,11.1,0.0,10.8,Lahore
26/11/2021,24.2,11.2,0.0,8.9,Lahore
27/11/2021,24.5,9.9,0.0,9.8,Lahore
28/11/2021,24.2,11.2,0.0,10.1,Lahore
29/11/2021,24.6,10.1,0.0,15.0,Lahore
30/11/2021,23.2,10.1,0.0,10.0,Lahore
01/12/2021,23.1,8.8,0.0,7.4,Lahore
02/12/2021,22.4,11.6,0.0,9.7,Lahore
03/12/2021,22.6,9.6,0.0,9.2,Lahore
04/12/2021,23.5,10.9,0.0,9.2,Lahore
05/12/2021,23.2,11.8,0.4,24.3,Lahore
06/12/2021,22.2,10.9,0.0,11.0,Lahore
07/12/2021,21.6,9.2,0.0,10.2,Lahore
08/12/2021,22.0,8.5,0.0,9.2,Lahore
09/12/2021,22.5,9.9,0.0,10.0,Lahore
10/12/2021,22.0,9.1,0.0,10.6,Lahore
11/12/2021,20.8,5.9,0.0,10.2,Lahore
12/12/2021,21.0,5.8,0.0,9.0,Lahore
13/12/2021,19.8,5.9,0.0,9.1,Lahore
14/12/2021,19.7,6.4,0.0,9.5,Lahore
15/12/2021,19.3,5.7,0.0,10.5,Lahore
16/12/2021,17.4,4.8,1.3,10.3,Lahore
17/12/2021,17.0,4.8,0.0,11.9,Lahore
18/12/2021,16.8,3.8,0.0,13.6,Lahore
19/12/2021,16.1,2.4,0.0,9.3,Lahore
20/12/2021,17.2,4.5,1.0,9.7,Lahore
21/12/2021,18.1,4.8,0.0,9.1,Lahore
22/12/2021,18.2,5.4,0.0,7.8,Lahore
23/12/2021,18.6,7.8,0.0,8.7,Lahore
24/12/2021,19.1,6.2,0.0,8.0,Lahore
25/12/2021,19.0,5.7,0.0,6.6,Lahore
26/12/2021,17.6,7.7,0.1,14.3,Lahore
27/12/2021,17.9,6.4,0.0,9.1,Lahore
28/12/2021,18.6,7.3,0.0,11.0,Lahore
29/12/2021,17.2,4.3,0.0,10.8,Lahore
30/12/2021,18.0,4.8,0.0,7.2,Lahore
31/12/2021,18.0,5.4,0.0,11.2,Lahore
01/01/2022,18.0,5.3,0.0,10.1,Lahore
02/01/2022,18.6,5.8,0.0,10.8,Lahore
03/01/2022,19.1,7.7,0.0,11.2,Lahore
04/01/2022,15.6,11.4,0.3,13.5,Lahore
05/01/2022,13.6,11.1,21.2,15.3,Lahore
06/01/2022,16.1,10.2,0.9,15.3,Lahore
07/01/2022,14.5,11.4,25.7,21.8,Lahore
08/01/2022,16.5,8.3,16.3,27.2,Lahore
09/01/2022,16.2,6.7,0.1,9.4,Lahore
10/01/2022,16.2,6.2,0.0,9.7,Lahore
11/01/2022,17.0,6.3,0.0,10.0,Lahore
12/01/2022,17.5,5.5,0.0,9.4,Lahore
13/01/2022,16.7,5.7,0.0,8.4,Lahore
14/01/2022,15.8,5.8,0.0,8.3,Lahore
15/01/2022,15.1,4.6,0.0,8.0,Lahore
16/01/2022,13.6,6.4,0.0,7.4,Lahore
17/01/2022,14.9,6.6,0.1,7.0,Lahore
18/01/2022,15.9,5.8,0.0,10.0,Lahore
19/01/2022,15.9,8.6,4.3,7.6,Lahore
20/01/2022,16.1,9.4,0.4,6.3,Lahore
21/01/2022,16.7,7.5,0.5,11.0,Lahore
22/01/2022,13.6,10.2,18.1,24.1,Lahore
23/01/2022,15.4,9.2,1.3,18.3,Lahore
24/01/2022,15.2,8.1,1.6,8.8,Lahore
25/01/2022,16.1,5.6,0.8,8.9,Lahore
26/01/2022,16.6,6.8,0.0,11.6,Lahore
27/01/2022,17.5,6.2,0.0,12.6,Lahore
28/01/2022,17.8,4.8,0.0,12.3,Lahore
29/01/2022,19.1,5.1,0.0,9.2,Lahore
30/01/2022,19.5,6.8,0.0,11.9,Lahore
31/01/2022,19.8,6.8,0.0,9.3,Lahore
01/02/2022,20.0,7.3,0.0,13.2,Lahore
02/02/2022,18.1,5.8,4.8,17.5,Lahore
03/02/2022,13.3,6.9,3.8,23.9,Lahore
04/02/2022,16.1,4.8,0.0,9.0,Lahore
05/02/2022,17.0,4.9,0.2,7.2,Lahore
06/02/2022,17.9,6.4,0.4,8.7,Lahore
07/02/2022,20.4,8.4,0.1,13.0,Lahore
08/02/2022,20.7,7.5,0.0,9.1,Lahore
09/02/2022,19.9,9.4,0.1,20.9,Lahore
10/02/2022,20.0,7.1,0.0,11.3,Lahore
11/02/2022,20.5,7.4,0.0,17.9,Lahore
12/02/2022,21.1,6.8,0.0,10.9,Lahore
13/02/2022,21.9,7.5,0.0,8.8,Lahore
14/02/2022,22.1,9.6,0.0,9.4,Lahore
15/02/2022,22.0,8.8,0.3,9.0,Lahore
16/02/2022,21.9,9.2,1.3,12.2,Lahore
17/02/2022,22.4,7.9,0.0,9.4,Lahore
18/02/2022,21.8,9.3,0.1,15.8,Lahore
19/02/2022,22.6,9.6,0.0,15.3,Lahore
20/02/2022,23.1,9.3,0.0,22.9,Lahore
21/02/2022,23.1,9.9,0.0,12.9,Lahore
22/02/2022,24.1,13.2,20.8,25.5,Lahore
23/02/2022,20.9,10.6,0.0,21.6,Lahore
24/02/2022,20.9,10.1,1.7,16.4,Lahore
25/02/2022,18.9,9.6,4.5,25.5,Lahore
26/02/2022,18.1,10.1,29.6,26.7,Lahore
27/02/2022,20.4,7.9,0.0,10.7,Lahore
28/02/2022,21.1,8.2,0.0,9.9,Lahore
01/03/2022,21.8,12.2,0.0,14.0,Lahore
02/03/2022,23.3,10.6,0.0,18.7,Lahore
03/03/2022,17.9,11.6,10.2,21.7,Lahore
04/03/2022,22.3,11.0,0.0,13.2,Lahore
05/03/2022,24.5,11.4,0.0,10.7,Lahore
06/03/2022,23.9,13.7,0.0,19.2,Lahore
07/03/2022,24.9,14.4,0.0,19.2,Lahore
08/03/2022,26.5,13.6,0.0,13.9,Lahore
09/03/2022,26.2,12.4,0.0,10.1,Lahore
10/03/2022,26.6,15.1,0.0,13.2,Lahore
11/03/2022,28.0,13.1,0.0,12.9,Lahore
12/03/2022,29.7,13.4,0.0,10.8,Lahore
13/03/2022,30.5,15.6,0.0,9.8,Lahore
14/03/2022,31.9,16.1,0.0,9.5,Lahore
15/03/2022,32.5,17.5,0.0,11.3,Lahore
16/03/2022,34.8,18.8,0.0,19.2,Lahore
17/03/2022,34.6,18.7,0.0,11.5,Lahore
18/03/2022,33.0,20.8,0.0,17.8,Lahore
19/03/2022,33.5,20.5,0.0,19.6,Lahore
20/03/2022,33.3,20.0,1.3,37.6,Lahore
21/03/2022,33.2,17.4,0.0,10.5,Lahore
22/03/2022,33.1,17.6,0.0,17.9,Lahore
23/03/2022,32.4,16.3,0.0,13.6,Lahore
24/03/2022,32.4,18.9,0.0,16.8,Lahore
25/03/2022,32.3,16.4,0.0,13.3,Lahore
26/03/2022,33.5,16.9,0.0,17.7,Lahore
27/03/2022,34.2,16.5,0.0,11.5,Lahore
28/03/2022,33.8,18.9,0.0,16.1,Lahore
29/03/2022,35.3,17.5,0.0,10.1,Lahore
30/03/2022,34.8,17.5,0.0,12.5,Lahore
31/03/2022,34.8,19.5,0.0,12.7,Lahore
01/04/2022,35.2,17.7,0.0,12.6,Lahore
02/04/2022,35.5,15.9,0.0,16.5,Lahore
03/04/2022,35.5,19.0,0.0,13.7,Lahore
04/04/2022,36.0,17.6,0.0,12.2,Lahore
05/04/2022,36.5,18.4,0.0,11.7,Lahore
06/04/2022,37.5,19.0,0.0,13.7,Lahore
07/04/2022,38.8,18.1,0.0,12.4,Lahore
08/04/2022,39.1,19.5,0.0,11.3,Lahore
09/04/2022,39.1,19.5,0.0,13.3,Lahore
10/04/2022,39.5,20.1,0.0,13.0,Lahore
11/04/2022,40.8,21.1,0.0,13.8,Lahore
12/04/2022,39.0,25.2,0.0,13.7,Lahore
13/04/2022,38.3,19.5,0.0,20.0,Lahore
14/04/2022,36.2,20.9,0.0,21.1,Lahore
15/04/2022,35.2,20.0,0.0,21.9,Lahore
16/04/2022,37.2,20.1,0.0,15.1,Lahore
17/04/2022,38.0,20.0,0.0,12.6,Lahore
18/04/2022,39.3,21.7,0.0,17.5,Lahore
19/04/2022,39.5,23.2,0.0,16.6,Lahore
20/04/2022,38.5,23.8,0.2,16.3,Lahore
21/04/2022,38.2,23.0,0.2,29.5,Lahore
22/04/2022,34.8,20.0,0.0,14.9,Lahore
23/04/2022,36.2,22.3,0.0,15.3,Lahore
24/04/2022,37.4,20.8,0.0,16.9,Lahore
25/04/2022,37.5,21.9,0.3,27.4,Lahore
26/04/2022,39.0,21.6,0.0,14.7,Lahore
27/04/2022,40.2,21.9,0.0,13.4,Lahore
28/04/2022,42.5,22.6,0.0,12.6,Lahore
29/04/2022,42.3,25.0,0.0,18.2,Lahore
30/04/2022,41.6,24.6,0.0,15.1,Lahore
01/05/2022,41.5,24.5,0.0,20.9,Lahore
02/05/2022,41.5,26.1,0.0,29.8,Lahore
03/05/2022,40.5,27.5,0.0,15.5,Lahore
04/05/2022,34.5,25.4,0.0,21.6,Lahore
05/05/2022,37.0,23.1,0.0,16.9,Lahore
06/05/2022,38.1,22.9,0.0,14.5,Lahore
07/05/2022,38.8,23.3,0.0,14.4,Lahore
08/05/2022,40.6,24.5,0.0,15.3,Lahore
09/05/2022,40.8,27.0,0.2,20.6,Lahore
10/05/2022,40.3,27.3,0.1,22.6,Lahore
11/05/2022,42.0,25.5,0.0,16.4,Lahore
12/05/2022,43.0,26.9,0.0,14.9,Lahore
13/05/2022,43.7,26.2,0.0,17.9,Lahore
14/05/2022,44.7,24.6,0.0,18.3,Lahore
15/05/2022,45.5,25.8,0.0,21.2,Lahore
16/05/2022,42.6,27.6,0.0,30.7,Lahore
17/05/2022,41.1,27.1,0.0,16.6,Lahore
18/05/2022,41.2,26.0,0.0,14.0,Lahore
19/05/2022,43.5,26.8,0.0,10.9,Lahore
20/05/2022,43.7,27.2,0.0,23.5,Lahore
21/05/2022,41.3,25.7,0.0,12.6,Lahore
22/05/2022,41.3,25.5,0.0,19.4,Lahore
23/05/2022,33.9,20.5,3.6,35.5,Lahore
24/05/2022,31.6,18.9,2.6,31.0,Lahore
25/05/2022,35.8,21.2,0.0,8.9,Lahore
26/05/2022,39.0,24.1,0.0,10.1,Lahore
27/05/2022,41.5,26.3,0.0,18.0,Lahore
28/05/2022,41.0,28.3,0.1,15.7,Lahore
29/05/2022,40.4,26.8,0.0,31.5,Lahore
30/05/2022,38.1,26.6,0.5,22.1,Lahore
31/05/2022,39.8,25.5,0.0,13.1,Lahore
01/06/2022,40.8,25.1,0.0,10.8,Lahore
02/06/2022,42.2,25.2,0.0,15.8,Lahore
03/06/2022,43.0,26.0,0.0,15.6,Lahore
04/06/2022,43.5,26.4,0.0,15.6,Lahore
05/06/2022,44.4,26.6,0.0,9.8,Lahore
06/06/2022,45.3,27.4,0.0,13.8,Lahore
07/06/2022,45.5,28.7,0.0,11.1,Lahore
08/06/2022,44.3,29.3,0.0,17.5,Lahore
09/06/2022,45.2,29.3,0.0,15.9,Lahore
10/06/2022,43.5,30.0,0.0,28.9,Lahore
11/06/2022,42.4,30.2,0.0,30.6,Lahore
12/06/2022,43.3,29.2,0.0,17.7,Lahore
13/06/2022,43.3,30.0,0.0,23.2,Lahore
14/06/2022,44.8,31.0,0.0,16.2,Lahore
15/06/2022,44.8,31.8,0.0,17.9,Lahore
16/06/2022,40.0,30.6,0.4,18.6,Lahore
17/06/2022,34.8,27.5,0.7,18.7,Lahore
18/06/2022,31.2,22.9,9.1,23.5,Lahore
19/06/2022,32.2,22.0,0.6,11.1,Lahore
20/06/2022,33.5,24.0,0.6,14.3,Lahore
21/06/2022,27.3,22.2,7.4,18.5,Lahore
22/06/2022,32.1,20.8,3.4,14.4,Lahore
23/06/2022,34.6,22.8,0.0,14.7,Lahore
24/06/2022,36.6,24.0,0.0,10.8,Lahore
25/06/2022,37.6,24.1,0.0,9.1,Lahore
26/06/2022,38.5,26.5,0.0,10.0,Lahore
27/06/2022,38.5,28.5,0.0,10.0,Lahore
28/06/2022,40.5,29.5,0.0,13.4,Lahore
29/06/2022,41.2,30.5,0.0,24.0,Lahore
30/06/2022,37.5,26.8,5.5,26.3,Lahore
01/07/2022,31.2,24.9,17.2,19.7,Lahore
02/07/2022,35.0,26.8,0.5,10.7,Lahore
03/07/2022,34.2,26.7,1.1,20.4,Lahore
04/07/2022,36.3,28.0,0.7,8.8,Lahore
05/07/2022,37.2,27.5,6.4,14.3,Lahore
06/07/2022,36.0,28.2,5.3,27.2,Lahore
07/07/2022,35.9,28.0,0.2,9.5,Lahore
08/07/2022,35.3,26.2,13.8,18.5,Lahore
09/07/2022,37.5,27.1,6.7,16.3,Lahore
10/07/2022,32.8,25.1,2.9,12.9,Lahore
11/07/2022,34.9,26.8,0.1,7.2,Lahore
12/07/2022,37.2,28.5,0.2,11.7,Lahore
13/07/2022,34.8,26.2,6.1,20.3,Lahore
14/07/2022,30.6,26.3,11.9,12.0,Lahore
15/07/2022,30.6,26.0,11.8,19.2,Lahore
16/07/2022,36.1,25.6,0.0,11.5,Lahore
17/07/2022,32.7,25.5,9.2,20.8,Lahore
18/07/2022,35.5,25.7,0.0,5.8,Lahore
19/07/2022,36.6,28.1,0.0,7.1,Lahore
20/07/2022,33.3,25.8,14.9,12.9,Lahore
21/07/2022,30.0,25.0,39.8,19.3,Lahore
22/07/2022,32.8,24.9,23.4,15.7,Lahore
23/07/2022,32.0,26.0,1.8,16.3,Lahore
24/07/2022,33.5,26.9,1.6,16.1,Lahore
25/07/2022,33.0,25.5,12.5,15.3,Lahore
26/07/2022,33.1,26.5,0.5,13.0,Lahore
27/07/2022,32.5,26.2,9.5,14.6,Lahore
28/07/2022,31.6,25.4,18.6,17.6,Lahore
29/07/2022,30.6,24.8,16.4,12.4,Lahore
30/07/2022,31.8,25.4,1.5,12.0,Lahore
31/07/2022,30.8,25.0,16.9,10.2,Lahore
01/08/2022,30.9,24.5,6.8,11.2,Lahore
02/08/2022,33.6,25.1,0.2,7.0,Lahore
03/08/2022,34.2,26.2,0.7,10.0,Lahore
04/08/2022,33.6,24.6,5.5,20.0,Lahore
05/08/2022,31.7,24.5,3.7,13.4,Lahore
06/08/2022,32.7,25.4,1.8,8.6,Lahore
07/08/2022,32.9,26.2,4.8,17.8,Lahore
08/08/2022,33.9,25.5,0.0,9.5,Lahore
09/08/2022,34.5,27.5,0.0,9.5,Lahore
10/08/2022,36.0,27.4,0.0,8.4,Lahore
11/08/2022,30.0,25.4,21.9,21.3,Lahore
12/08/2022,34.5,26.0,0.0,12.9,Lahore
13/08/2022,35.2,25.7,0.0,9.2,Lahore
14/08/2022,34.0,27.2,1.9,16.1,Lahore
15/08/2022,31.0,25.6,19.9,20.0,Lahore
16/08/2022,33.0,25.0,0.0,9.3,Lahore
17/08/2022,32.2,27.3,1.6,21.6,Lahore
18/08/2022,33.2,26.3,0.3,11.4,Lahore
19/08/2022,33.5,27.0,0.8,15.5,Lahore
20/08/2022,33.7,26.6,0.6,12.8,Lahore
21/08/2022,34.3,25.1,0.1,9.2,Lahore
22/08/2022,35.2,26.3,0.0,9.0,Lahore
23/08/2022,34.8,26.8,0.2,10.9,Lahore
24/08/2022,34.0,27.4,15.1,24.8,Lahore
25/08/2022,33.0,26.2,3.4,13.8,Lahore
26/08/2022,33.8,26.0,1.7,10.8,Lahore
27/08/2022,33.8,26.7,0.7,12.9,Lahore
28/08/2022,34.5,26.3,2.8,12.2,Lahore
29/08/2022,32.7,25.1,13.3,17.6,Lahore
30/08/2022,34.0,24.0,3.6,21.9,Lahore
31/08/2022,36.7,25.6,0.0,11.0,Lahore
01/09/2022,37.0,25.9,0.0,10.1,Lahore
02/09/2022,37.5,27.2,0.1,12.7,Lahore
03/09/2022,36.9,26.4,0.0,10.5,Lahore
04/09/2022,35.7,26.6,0.0,15.4,Lahore
05/09/2022,35.5,25.5,6.2,22.0,Lahore
06/09/2022,33.3,24.9,4.4,10.0,Lahore
07/09/2022,34.8,25.5,0.0,6.8,Lahore
08/09/2022,35.5,25.6,0.0,7.2,Lahore
09/09/2022,35.7,27.0,0.7,12.4,Lahore
10/09/2022,35.2,25.2,1.0,17.3,Lahore
11/09/2022,34.4,26.1,0.5,18.9,Lahore
12/09/2022,34.5,24.4,0.0,11.7,Lahore
13/09/2022,35.5,25.4,0.0,10.9,Lahore
14/09/2022,35.5,25.4,0.0,10.0,Lahore
15/09/2022,34.9,25.9,0.0,10.0,Lahore
16/09/2022,33.3,22.7,5.2,17.9,Lahore
17/09/2022,34.2,25.1,0.8,17.9,Lahore
18/09/2022,35.8,25.3,0.0,9.7,Lahore
19/09/2022,36.4,25.4,0.0,9.4,Lahore
20/09/2022,35.5,25.0,0.0,12.5,Lahore
21/09/2022,31.9,25.1,1.9,11.2,Lahore
22/09/2022,33.7,24.2,0.0,11.5,Lahore
23/09/2022,33.8,23.8,0.8,16.1,Lahore
24/09/2022,25.6,23.2,29.9,11.9,Lahore
25/09/2022,30.2,23.1,0.0,13.7,Lahore
26/09/2022,31.5,21.9,0.0,6.6,Lahore
27/09/2022,31.6,22.5,0.0,6.9,Lahore
28/09/2022,31.9,22.9,0.0,8.8,Lahore
29/09/2022,33.4,22.4,0.1,7.8,Lahore
30/09/2022,34.2,23.2,0.0,9.4,Lahore
01/10/2022,34.2,22.9,0.0,10.5,Lahore
02/10/2022,34.4,22.6,0.0,10.2,Lahore
03/10/2022,35.5,21.6,0.0,12.3,Lahore
04/10/2022,35.9,23.2,0.0,10.9,Lahore
05/10/2022,35.8,22.0,0.0,10.0,Lahore
06/10/2022,33.4,20.1,0.0,12.2,Lahore
07/10/2022,33.2,22.0,0.0,10.6,Lahore
08/10/2022,32.5,21.9,0.0,14.0,Lahore
09/10/2022,31.8,21.2,0.0,10.8,Lahore
10/10/2022,28.2,21.1,5.8,16.4,Lahore
11/10/2022,29.0,19.9,7.8,22.4,Lahore
12/10/2022,29.9,17.9,0.0,8.1,Lahore
13/10/2022,31.2,18.9,0.0,9.7,Lahore
14/10/2022,31.5,19.4,0.0,11.9,Lahore
15/10/2022,32.1,18.4,0.0,9.6,Lahore
16/10/2022,31.9,17.6,0.0,11.7,Lahore
17/10/2022,32.1,18.1,0.0,10.8,Lahore
18/10/2022,31.4,17.0,0.0,17.8,Lahore
19/10/2022,31.4,17.5,0.0,13.9,Lahore
20/10/2022,28.5,19.1,0.7,30.2,Lahore
21/10/2022,29.2,17.1,0.0,14.9,Lahore
22/10/2022,29.8,15.8,0.0,8.9,Lahore
23/10/2022,29.8,15.2,0.0,7.9,Lahore
24/10/2022,30.0,15.0,0.0,8.8,Lahore
25/10/2022,30.5,15.2,0.0,10.7,Lahore
26/10/2022,30.3,16.8,0.0,10.9,Lahore
27/10/2022,30.5,15.6,0.0,9.8,Lahore
28/10/2022,30.4,15.6,0.0,9.9,Lahore
29/10/2022,30.5,16.2,0.0,9.4,Lahore
30/10/2022,30.1,16.0,0.0,8.4,Lahore
31/10/2022,30.0,17.1,0.0,12.0,Lahore
01/11/2022,28.5,17.9,0.3,28.8,Lahore
02/11/2022,30.0,17.7,0.0,11.2,Lahore
03/11/2022,29.5,16.8,0.0,9.4,Lahore
04/11/2022,29.6,16.6,0.0,10.1,Lahore
05/11/2022,28.1,18.1,2.3,27.6,Lahore
06/11/2022,27.2,16.8,10.6,29.0,Lahore
07/11/2022,24.2,16.5,0.0,18.6,Lahore
08/11/2022,26.1,15.6,0.0,16.0,Lahore
09/11/2022,22.6,15.0,1.8,21.2,Lahore
10/11/2022,25.5,14.4,0.1,25.1,Lahore
11/11/2022,25.1,14.3,0.0,10.0,Lahore
12/11/2022,25.6,12.4,0.0,10.1,Lahore
13/11/2022,25.1,12.9,0.0,10.5,Lahore
14/11/2022,23.0,15.1,5.7,26.8,Lahore
15/11/2022,23.6,13.2,0.0,11.8,Lahore
16/11/2022,23.0,12.8,0.0,9.1,Lahore
17/11/2022,24.0,12.6,0.0,14.2,Lahore
18/11/2022,23.3,10.4,0.0,10.2,Lahore
19/11/2022,23.1,9.9,0.0,10.0,Lahore
20/11/2022,23.5,11.6,0.0,13.0,Lahore
21/11/2022,23.2,9.6,0.0,10.5,Lahore
22/11/2022,24.0,9.0,0.0,10.9,Lahore
23/11/2022,24.0,8.3,0.0,11.2,Lahore
24/11/2022,24.3,9.1,0.0,9.8,Lahore
25/11/2022,25.2,9.8,0.0,10.3,Lahore
26/11/2022,24.6,9.9,0.0,10.5,Lahore
27/11/2022,24.5,9.5,0.0,6.3,Lahore
28/11/2022,24.4,8.9,0.0,8.6,Lahore
29/11/2022,23.8,9.0,0.0,9.9,Lahore
30/11/2022,23.6,9.9,0.0,10.1,Lahore
01/12/2022,23.7,10.3,0.0,10.0,Lahore
02/12/2022,22.6,10.0,0.0,7.2,Lahore
03/12/2022,23.0,9.7,0.0,10.1,Lahore
04/12/2022,23.2,8.8,0.0,11.6,Lahore
05/12/2022,22.4,10.2,0.0,10.6,Lahore
06/12/2022,22.9,8.9,0.0,11.2,Lahore
07/12/2022,22.9,8.6,0.0,9.8,Lahore
08/12/2022,22.0,8.8,0.0,9.8,Lahore
09/12/2022,23.6,10.2,0.0,10.5,Lahore
10/12/2022,24.5,12.1,0.0,11.7,Lahore
11/12/2022,24.2,12.3,0.0,13.1,Lahore
12/12/2022,23.0,10.2,0.0,9.5,Lahore
13/12/2022,23.9,11.9,0.0,19.4,Lahore
14/12/2022,21.8,8.1,0.0,11.5,Lahore
15/12/2022,22.5,8.0,0.0,9.4,Lahore
16/12/2022,21.8,7.2,0.0,9.2,Lahore
17/12/2022,22.4,9.9,0.0,7.6,Lahore
18/12/2022,22.0,8.9,0.0,9.7,Lahore
19/12/2022,21.1,7.6,0.0,9.3,Lahore
20/12/2022,20.6,6.8,0.0,9.3,Lahore
21/12/2022,20.2,7.2,0.0,10.5,Lahore
22/12/2022,18.8,6.9,0.0,6.8,Lahore
23/12/2022,15.9,5.6,0.0,8.2,Lahore
24/12/2022,15.8,5.9,0.0,12.5,Lahore
25/12/2022,16.3,6.2,0.0,9.4,Lahore
26/12/2022,17.6,6.6,0.0,9.4,Lahore
27/12/2022,17.8,5.9,0.0,10.9,Lahore
28/12/2022,18.5,5.9,0.0,8.7,Lahore
29/12/2022,13.9,7.1,6.6,11.8,Lahore
30/12/2022,18.5,8.9,0.0,11.2,Lahore
31/12/2022,18.2,6.7,0.0,10.0,Lahore
01/01/2023,16.9,6.1,0.0,9.2,Lahore
02/01/2023,15.7,3.8,0.0,7.4,Lahore
03/01/2023,16.0,3.3,0.0,10.0,Lahore
04/01/2023,16.5,5.2,0.0,9.7,Lahore
05/01/2023,15.1,1.2,0.0,6.3,Lahore
06/01/2023,12.5,3.2,0.2,5.2,Lahore
07/01/2023,14.1,4.6,0.4,12.2,Lahore
08/01/2023,15.8,5.3,0.0,10.3,Lahore
09/01/2023,16.5,6.1,0.0,8.7,Lahore
10/01/2023,16.9,6.8,0.0,9.4,Lahore
11/01/2023,13.4,7.0,2.8,12.4,Lahore
12/01/2023,18.1,7.8,0.0,10.4,Lahore
13/01/2023,16.5,6.7,0.0,8.9,Lahore
14/01/2023,15.7,5.9,0.0,10.8,Lahore
15/01/2023,15.4,2.7,0.0,10.2,Lahore
16/01/2023,15.6,2.2,0.0,10.7,Lahore
17/01/2023,16.1,1.1,0.0,9.7,Lahore
18/01/2023,15.9,2.8,0.0,8.6,Lahore
19/01/2023,18.4,8.2,0.0,9.6,Lahore
20/01/2023,12.6,7.2,2.7,10.8,Lahore
21/01/2023,17.8,6.4,0.0,9.5,Lahore
22/01/2023,18.0,7.2,0.0,9.3,Lahore
23/01/2023,18.9,9.1,0.0,16.3,Lahore
24/01/2023,18.1,8.7,0.0,12.3,Lahore
25/01/2023,17.5,8.8,0.5,8.7,Lahore
26/01/2023,17.5,7.9,0.0,12.8,Lahore
27/01/2023,18.8,3.5,0.0,11.0,Lahore
28/01/2023,19.7,5.8,0.0,10.7,Lahore
29/01/2023,19.3,6.4,6.6,20.1,Lahore
30/01/2023,18.1,10.6,2.1,20.7,Lahore
31/01/2023,18.8,7.1,0.0,14.7,Lahore
01/02/2023,20.4,6.3,0.0,12.3,Lahore
02/02/2023,21.9,6.8,0.0,12.9,Lahore
03/02/2023,22.6,7.0,0.0,10.0,Lahore
04/02/2023,23.5,8.6,0.0,11.6,Lahore
05/02/2023,23.1,8.4,0.0,10.1,Lahore
06/02/2023,22.2,12.4,0.3,21.0,Lahore
07/02/2023,22.5,11.4,0.0,17.7,Lahore
08/02/2023,22.6,8.6,0.0,9.2,Lahore
09/02/2023,20.9,8.6,0.0,22.7,Lahore
10/02/2023,25.0,11.9,0.0,17.0,Lahore
11/02/2023,22.2,9.1,0.0,14.8,Lahore
12/02/2023,20.7,6.8,0.0,17.2,Lahore
13/02/2023,22.0,7.6,0.0,14.8,Lahore
14/02/2023,23.9,8.1,0.0,10.4,Lahore
15/02/2023,28.0,9.7,0.0,14.6,Lahore
16/02/2023,30.0,11.1,0.0,9.8,Lahore
17/02/2023,29.2,11.9,0.0,8.7,Lahore
18/02/2023,29.8,11.9,0.0,8.3,Lahore
19/02/2023,28.4,13.9,0.0,12.2,Lahore
20/02/2023,29.2,16.5,0.0,15.5,Lahore
21/02/2023,28.9,14.6,0.0,18.6,Lahore
22/02/2023,27.2,12.1,0.0,9.6,Lahore
23/02/2023,28.6,12.6,0.0,18.4,Lahore
24/02/2023,28.5,11.6,0.0,13.2,Lahore
25/02/2023,28.7,12.9,0.0,9.6,Lahore
26/02/2023,26.5,13.6,0.7,16.8,Lahore
27/02/2023,28.7,13.3,0.0,12.2,Lahore
28/02/2023,23.5,14.9,1.7,18.4,Lahore
01/03/2023,25.5,14.1,0.6,15.5,Lahore
02/03/2023,26.9,14.9,3.9,19.0,Lahore
03/03/2023,27.0,13.9,0.0,12.8,Lahore
04/03/2023,27.4,13.6,0.0,10.0,Lahore
05/03/2023,27.6,14.0,0.0,15.2,Lahore
06/03/2023,29.1,13.9,0.0,13.8,Lahore
07/03/2023,29.0,13.5,0.0,17.4,Lahore
08/03/2023,29.2,13.9,0.0,11.3,Lahore
09/03/2023,29.4,13.6,0.0,12.0,Lahore
10/03/2023,30.2,15.6,0.0,15.0,Lahore
11/03/2023,30.8,14.8,0.0,11.3,Lahore
12/03/2023,30.9,15.9,0.0,14.3,Lahore
13/03/2023,30.1,16.3,3.9,19.2,Lahore
14/03/2023,31.2,16.0,0.0,15.8,Lahore
15/03/2023,30.7,15.8,0.1,11.6,Lahore
16/03/2023,30.5,17.0,0.0,26.8,Lahore
17/03/2023,24.2,16.6,0.3,24.7,Lahore
18/03/2023,24.4,14.3,0.4,13.1,Lahore
19/03/2023,25.0,13.8,2.5,15.4,Lahore
20/03/2023,24.7,15.2,7.7,14.2,Lahore
21/03/2023,24.9,13.9,0.0,12.1,Lahore
22/03/2023,25.8,14.2,0.1,17.3,Lahore
23/03/2023,25.5,14.6,0.1,19.8,Lahore
24/03/2023,21.4,15.5,11.3,21.6,Lahore
25/03/2023,23.3,14.4,15.6,27.2,Lahore
26/03/2023,24.3,12.4,0.0,10.7,Lahore
27/03/2023,25.8,13.2,0.0,8.2,Lahore
28/03/2023,27.9,14.3,0.0,9.8,Lahore
29/03/2023,29.2,14.5,0.3,15.6,Lahore
30/03/2023,26.6,17.3,6.6,19.5,Lahore
31/03/2023,20.9,16.4,20.2,20.6,Lahore
01/04/2023,22.5,14.8,11.0,21.3,Lahore
02/04/2023,25.1,13.7,0.0,8.4,Lahore
03/04/2023,24.0,16.7,8.8,16.1,Lahore
04/04/2023,26.1,14.9,1.6,11.3,Lahore
05/04/2023,27.6,13.4,0.0,14.5,Lahore
06/04/2023,27.9,14.4,0.0,11.0,Lahore
07/04/2023,29.0,15.1,0.0,15.1,Lahore
08/04/2023,31.0,14.4,0.0,10.6,Lahore
09/04/2023,32.1,15.4,0.0,12.7,Lahore
10/04/2023,33.5,16.8,0.0,16.8,Lahore
11/04/2023,34.4,17.6,0.3,20.5,Lahore
12/04/2023,35.8,18.8,0.0,16.6,Lahore
13/04/2023,36.0,18.8,0.0,13.3,Lahore
14/04/2023,37.7,19.8,0.0,11.6,Lahore
15/04/2023,38.2,19.4,0.0,15.3,Lahore
16/04/2023,37.3,23.5,0.0,24.1,Lahore
17/04/2023,37.8,20.8,0.0,13.4,Lahore
18/04/2023,35.3,23.2,2.7,24.3,Lahore
19/04/2023,27.5,20.8,15.1,27.3,Lahore
20/04/2023,30.0,18.5,1.7,15.6,Lahore
21/04/2023,30.0,17.2,2.2,19.9,Lahore
22/04/2023,29.6,16.5,0.0,25.0,Lahore
23/04/2023,32.8,15.2,0.0,10.8,Lahore
24/04/2023,34.7,17.9,0.0,12.1,Lahore
25/04/2023,35.5,18.9,0.0,13.0,Lahore
26/04/2023,36.3,19.9,0.1,19.9,Lahore
27/04/2023,33.8,21.9,1.4,30.4,Lahore
28/04/2023,35.2,20.2,0.0,25.7,Lahore
29/04/2023,35.2,20.5,0.0,26.2,Lahore
30/04/2023,31.5,19.8,1.6,11.6,Lahore
01/05/2023,26.5,19.6,8.9,22.8,Lahore
02/05/2023,28.6,18.5,1.1,17.8,Lahore
03/05/2023,28.7,17.5,1.2,12.3,Lahore
04/05/2023,30.2,17.8,0.0,19.9,Lahore
05/05/2023,31.6,19.1,0.2,11.8,Lahore
06/05/2023,34.1,20.5,0.1,20.3,Lahore
07/05/2023,34.6,20.9,0.0,22.4,Lahore
08/05/2023,33.7,18.6,0.0,26.7,Lahore
09/05/2023,34.3,17.9,0.0,17.7,Lahore
10/05/2023,35.6,18.9,0.0,16.5,Lahore
11/05/2023,37.5,21.0,0.0,10.2,Lahore
12/05/2023,39.2,19.9,0.0,11.8,Lahore
13/05/2023,39.3,22.2,0.0,16.4,Lahore
14/05/2023,38.2,24.1,0.1,29.7,Lahore
15/05/2023,39.2,22.1,0.0,12.8,Lahore
16/05/2023,39.0,22.5,0.0,18.5,Lahore
17/05/2023,39.0,23.1,0.0,15.8,Lahore
18/05/2023,34.0,22.3,0.0,21.7,Lahore
19/05/2023,36.8,22.3,0.0,10.7,Lahore
20/05/2023,40.2,23.6,0.0,17.2,Lahore
21/05/2023,41.9,24.5,0.0,13.0,Lahore
22/05/2023,42.6,24.8,0.0,23.6,Lahore
23/05/2023,39.9,25.9,0.1,17.8,Lahore
24/05/2023,34.7,24.8,6.4,27.2,Lahore
25/05/2023,34.5,22.7,0.7,17.4,Lahore
26/05/2023,30.7,21.8,9.7,17.7,Lahore
27/05/2023,34.4,21.1,0.0,21.0,Lahore
28/05/2023,35.8,21.6,0.0,10.2,Lahore
29/05/2023,32.7,23.8,6.4,25.1,Lahore
30/05/2023,32.0,21.7,0.0,14.8,Lahore
31/05/2023,28.0,20.7,16.3,23.4,Lahore
01/06/2023,27.1,19.8,6.4,21.4,Lahore
02/06/2023,30.0,18.5,0.2,10.7,Lahore
03/06/2023,33.0,20.2,0.0,7.6,Lahore
04/06/2023,35.1,23.0,0.0,9.7,Lahore
05/06/2023,35.9,23.2,0.0,19.0,Lahore
06/06/2023,36.4,23.3,0.4,16.4,Lahore
07/06/2023,34.2,22.5,0.0,27.2,Lahore
08/06/2023,36.7,24.4,0.8,10.4,Lahore
09/06/2023,39.2,24.0,0.0,9.2,Lahore
10/06/2023,40.5,26.0,0.0,22.1,Lahore
11/06/2023,37.2,25.3,0.0,13.2,Lahore
12/06/2023,38.7,27.0,0.0,11.5,Lahore
13/06/2023,39.9,28.7,0.3,19.0,Lahore
14/06/2023,37.6,27.2,20.1,19.2,Lahore
15/06/2023,33.2,24.0,14.8,28.3,Lahore
16/06/2023,34.9,24.9,0.6,11.6,Lahore
17/06/2023,37.0,25.5,0.1,7.1,Lahore
18/06/2023,37.8,26.9,0.3,11.7,Lahore
19/06/2023,37.2,27.0,0.0,10.4,Lahore
20/06/2023,39.0,27.9,0.0,8.7,Lahore
21/06/2023,39.5,30.0,0.0,20.3,Lahore
22/06/2023,41.0,29.3,0.0,12.3,Lahore
23/06/2023,41.5,30.2,0.0,12.6,Lahore
24/06/2023,39.8,30.3,0.0,18.7,Lahore
25/06/2023,40.0,28.6,0.3,26.9,Lahore
26/06/2023,32.3,25.2,18.2,23.8,Lahore
27/06/2023,34.2,24.9,0.5,12.4,Lahore
28/06/2023,36.5,26.5,0.3,15.5,Lahore
29/06/2023,35.7,25.1,13.2,13.5,Lahore
30/06/2023,36.2,26.8,0.3,10.0,Lahore
01/07/2023,37.4,27.4,0.0,16.5,Lahore
02/07/2023,36.8,26.7,0.8,14.9,Lahore
03/07/2023,39.5,28.9,0.0,16.2,Lahore
04/07/2023,38.8,28.3,18.4,18.7,Lahore
05/07/2023,31.4,26.0,38.3,21.5,Lahore
06/07/2023,32.6,24.5,4.4,20.6,Lahore
07/07/2023,32.3,25.7,2.4,13.5,Lahore
08/07/2023,27.5,24.8,13.4,18.9,Lahore
09/07/2023,31.3,24.0,1.1,15.9,Lahore
10/07/2023,31.8,24.9,0.2,16.9,Lahore
11/07/2023,35.1,24.0,0.0,10.5,Lahore
12/07/2023,35.7,26.1,0.2,16.6,Lahore
13/07/2023,34.4,26.5,0.1,14.2,Lahore
14/07/2023,34.2,27.1,0.8,16.3,Lahore
15/07/2023,34.8,27.2,0.0,18.5,Lahore
16/07/2023,33.0,26.5,4.1,15.1,Lahore
17/07/2023,34.7,26.6,1.4,12.2,Lahore
18/07/2023,34.2,27.2,0.3,14.6,Lahore
19/07/2023,34.0,27.4,0.8,18.8,Lahore
20/07/2023,34.9,27.1,5.9,11.6,Lahore
21/07/2023,34.3,27.9,9.8,12.8,Lahore
22/07/2023,31.4,26.2,28.1,23.5,Lahore
23/07/2023,34.3,26.2,6.1,12.0,Lahore
24/07/2023,33.6,27.5,7.2,11.9,Lahore
25/07/2023,33.7,27.5,0.2,9.7,Lahore
26/07/2023,32.9,25.1,19.8,13.4,Lahore
27/07/2023,31.9,25.1,23.9,11.9,Lahore
28/07/2023,32.7,25.9,4.3,10.7,Lahore
29/07/2023,32.6,24.1,21.6,10.5,Lahore
30/07/2023,33.8,25.0,0.2,10.0,Lahore
31/07/2023,34.3,26.0,0.7,22.7,Lahore
01/08/2023,35.3,27.4,0.1,11.1,Lahore
02/08/2023,36.2,28.0,0.1,12.8,Lahore
03/08/2023,34.7,25.1,7.5,13.2,Lahore
04/08/2023,35.6,27.8,0.1,14.2,Lahore
05/08/2023,34.6,25.5,26.7,12.5,Lahore
06/08/2023,34.3,26.1,5.4,12.2,Lahore
07/08/2023,34.7,25.5,17.4,16.6,Lahore
08/08/2023,35.0,27.0,0.0,13.6,Lahore
09/08/2023,35.4,26.2,2.8,14.4,Lahore
10/08/2023,34.9,24.2,6.9,15.8,Lahore
11/08/2023,35.2,26.6,0.2,24.1,Lahore
12/08/2023,36.2,28.5,0.0,11.4,Lahore
13/08/2023,36.4,27.4,0.1,16.0,Lahore
14/08/2023,35.0,26.0,0.5,25.1,Lahore
15/08/2023,34.9,25.1,0.7,20.6,Lahore
16/08/2023,35.2,26.6,0.4,7.7,Lahore
17/08/2023,36.6,27.7,0.0,9.4,Lahore
18/08/2023,36.5,27.5,0.4,12.7,Lahore
19/08/2023,34.5,28.0,1.8,16.4,Lahore
20/08/2023,35.2,27.8,3.7,12.7,Lahore
21/08/2023,37.2,28.5,0.0,6.4,Lahore
22/08/2023,39.2,28.9,0.0,12.2,Lahore
23/08/2023,38.2,28.4,0.0,19.2,Lahore
24/08/2023,35.5,26.2,0.2,15.1,Lahore
25/08/2023,34.7,24.8,9.8,32.5,Lahore
26/08/2023,31.0,24.8,3.1,18.4,Lahore
27/08/2023,34.2,24.5,0.3,9.9,Lahore
28/08/2023,33.5,25.0,0.3,22.9,Lahore
29/08/2023,34.0,22.9,1.6,18.4,Lahore
30/08/2023,36.1,25.0,0.0,8.2,Lahore
31/08/2023,36.7,26.2,0.0,8.0,Lahore
01/09/2023,37.4,26.9,0.0,13.7,Lahore
02/09/2023,36.7,26.3,0.0,16.3,Lahore
03/09/2023,36.3,25.5,0.0,10.7,Lahore
04/09/2023,36.5,25.5,0.0,10.1,Lahore
05/09/2023,36.4,26.2,0.1,9.8,Lahore
06/09/2023,37.0,25.8,0.0,13.0,Lahore
07/09/2023,38.6,26.0,0.0,11.5,Lahore
08/09/2023,38.2,25.8,0.0,10.9,Lahore
09/09/2023,36.4,26.5,0.0,11.5,Lahore
10/09/2023,35.0,25.1,0.0,16.4,Lahore
11/09/2023,34.3,26.0,0.0,17.2,Lahore
12/09/2023,35.9,27.4,0.0,9.5,Lahore
13/09/2023,35.5,27.7,0.0,19.6,Lahore
14/09/2023,36.0,28.0,1.6,22.2,Lahore
15/09/2023,34.7,25.5,37.0,23.8,Lahore
16/09/2023,33.8,25.6,0.4,9.0,Lahore
17/09/2023,32.7,25.5,1.8,12.6,Lahore
18/09/2023,30.8,23.8,30.7,25.8,Lahore
19/09/2023,31.6,23.5,30.5,11.2,Lahore
20/09/2023,33.0,24.8,0.0,7.7,Lahore
21/09/2023,33.6,24.7,0.0,7.8,Lahore
22/09/2023,32.8,26.0,0.6,11.5,Lahore
23/09/2023,30.5,24.4,33.0,15.5,Lahore
24/09/2023,31.9,22.5,6.4,9.0,Lahore
25/09/2023,30.7,20.9,4.9,17.9,Lahore
26/09/2023,31.8,22.4,0.0,7.1,Lahore
27/09/2023,32.4,22.3,0.0,11.8,Lahore
28/09/2023,33.4,21.0,0.0,9.2,Lahore
29/09/2023,33.4,21.1,0.0,23.0,Lahore
30/09/2023,32.3,21.1,0.0,11.3,Lahore
01/10/2023,32.1,19.0,0.0,11.7,Lahore
02/10/2023,32.7,17.9,0.0,12.2,Lahore
03/10/2023,32.2,18.8,0.0,13.0,Lahore
04/10/2023,32.9,19.2,0.0,10.7,Lahore
05/10/2023,32.8,19.1,0.0,12.2,Lahore
06/10/2023,33.5,18.9,0.0,11.0,Lahore
07/10/2023,33.9,22.1,0.0,10.0,Lahore
08/10/2023,33.3,23.1,0.0,8.4,Lahore
09/10/2023,33.6,23.0,0.0,24.7,Lahore
10/10/2023,30.5,19.6,0.0,21.3,Lahore
11/10/2023,30.6,18.8,0.0,9.5,Lahore
12/10/2023,31.6,18.4,0.0,10.7,Lahore
13/10/2023,32.2,19.0,0.0,11.2,Lahore
14/10/2023,29.9,20.1,13.2,37.2,Lahore
15/10/2023,28.9,18.0,10.6,34.7,Lahore
16/10/2023,23.1,18.1,4.9,18.6,Lahore
17/10/2023,22.9,15.6,8.2,33.4,Lahore
18/10/2023,25.1,15.1,0.0,11.0,Lahore
19/10/2023,26.5,15.3,0.0,9.3,Lahore
20/10/2023,27.7,15.1,0.0,9.5,Lahore
21/10/2023,26.9,16.2,0.0,9.8,Lahore
22/10/2023,26.0,18.0,0.0,16.7,Lahore
23/10/2023,27.8,16.9,0.0,11.2,Lahore
24/10/2023,28.4,16.2,0.0,7.8,Lahore
25/10/2023,29.1,16.5,0.0,9.2,Lahore
26/10/2023,29.0,14.9,0.0,8.9,Lahore
27/10/2023,29.6,15.6,0.0,8.2,Lahore
28/10/2023,29.1,17.2,0.0,8.2,Lahore
29/10/2023,29.5,17.7,0.0,7.9,Lahore
30/10/2023,29.5,17.5,0.0,8.8,Lahore
31/10/2023,30.0,16.7,0.0,8.4,Lahore
01/11/2023,29.1,17.9,0.1,17.3,Lahore
02/11/2023,28.5,17.8,0.7,17.7,Lahore
03/11/2023,27.6,17.5,0.0,17.7,Lahore
04/11/2023,29.1,14.9,0.0,9.0,Lahore
05/11/2023,28.3,14.6,0.0,8.0,Lahore
06/11/2023,28.1,15.2,0.0,11.5,Lahore
07/11/2023,28.0,16.5,0.0,16.3,Lahore
08/11/2023,26.7,16.1,1.6,11.6,Lahore
09/11/2023,26.7,14.6,2.3,17.6,Lahore
10/11/2023,21.1,14.4,9.6,18.1,Lahore
11/11/2023,23.8,12.4,0.0,10.2,Lahore
12/11/2023,24.1,12.9,0.0,10.3,Lahore
13/11/2023,24.3,12.1,0.0,9.0,Lahore
14/11/2023,24.4,13.2,0.0,10.2,Lahore
15/11/2023,24.8,11.8,0.0,10.4,Lahore
16/11/2023,24.6,12.1,0.0,7.9,Lahore
17/11/2023,24.7,12.4,0.0,9.9,Lahore
18/11/2023,24.2,12.1,0.0,9.8,Lahore
19/11/2023,24.9,11.8,0.0,10.5,Lahore
20/11/2023,24.4,12.4,0.0,11.2,Lahore
21/11/2023,23.9,11.8,0.0,14.1,Lahore
22/11/2023,23.6,11.5,0.0,9.0,Lahore
23/11/2023,24.0,10.4,0.0,9.7,Lahore
24/11/2023,23.7,11.6,0.0,10.9,Lahore
25/11/2023,22.8,10.4,0.0,9.6,Lahore
26/11/2023,23.1,12.4,0.0,9.6,Lahore
27/11/2023,22.2,13.3,1.6,11.4,Lahore
28/11/2023,23.5,11.9,0.0,9.2,Lahore
29/11/2023,23.8,12.8,0.0,8.2,Lahore
30/11/2023,21.3,13.6,11.9,17.9,Lahore
01/12/2023,21.8,11.3,0.0,10.8,Lahore
02/12/2023,22.2,10.1,0.0,9.5,Lahore
03/12/2023,22.4,11.1,0.0,10.0,Lahore
04/12/2023,22.0,11.4,0.0,9.6,Lahore
05/12/2023,21.2,10.6,0.0,10.2,Lahore
06/12/2023,22.0,9.4,0.0,12.0,Lahore
07/12/2023,22.1,9.4,0.0,10.8,Lahore
08/12/2023,21.1,8.0,0.0,10.4,Lahore
09/12/2023,21.1,8.9,0.0,9.8,Lahore
10/12/2023,20.9,7.6,0.0,11.0,Lahore
11/12/2023,20.5,7.9,0.0,7.5,Lahore
12/12/2023,20.2,8.1,0.0,8.9,Lahore
13/12/2023,20.0,6.9,0.0,10.3,Lahore
14/12/2023,19.6,6.7,0.0,10.0,Lahore
15/12/2023,20.0,8.4,0.0,8.8,Lahore
16/12/2023,19.8,8.9,0.1,9.2,Lahore
17/12/2023,18.8,7.8,0.0,9.5,Lahore
18/12/2023,19.8,6.2,0.0,11.4,Lahore
19/12/2023,18.8,5.6,0.0,10.1,Lahore
20/12/2023,18.9,5.6,0.0,10.0,Lahore
21/12/2023,18.6,4.2,0.0,7.2,Lahore
22/12/2023,17.8,6.3,0.0,9.7,Lahore
23/12/2023,20.2,9.6,0.0,14.9,Lahore
24/12/2023,19.6,9.0,0.0,11.0,Lahore
25/12/2023,20.2,7.8,0.0,9.7,Lahore
26/12/2023,20.8,6.7,0.0,8.4,Lahore
27/12/2023,20.2,7.3,0.0,10.0,Lahore
28/12/2023,18.0,8.8,0.0,10.4,Lahore
29/12/2023,17.0,7.8,0.0,8.9,Lahore
30/12/2023,15.0,8.3,0.0,7.2,Lahore
31/12/2023,15.7,5.8,0.0,8.4,Lahore
01/01/2019,24.1,14.6,0.0,18.3,Karachi
02/01/2019,25.6,16.2,0.0,14.1,Karachi
03/01/2019,25.6,14.6,0.0,11.4,Karachi
04/01/2019,24.2,14.6,0.0,17.7,Karachi
05/01/2019,28.8,19.0,0.0,21.4,Karachi
06/01/2019,24.5,13.9,0.0,20.2,Karachi
07/01/2019,24.0,13.6,0.0,17.8,Karachi
08/01/2019,23.1,12.0,0.0,16.6,Karachi
09/01/2019,23.4,15.1,0.0,13.1,Karachi
10/01/2019,25.0,14.6,0.0,23.9,Karachi
11/01/2019,25.5,20.5,0.0,21.9,Karachi
12/01/2019,23.5,18.0,0.4,16.1,Karachi
13/01/2019,26.1,15.4,0.0,22.7,Karachi
14/01/2019,24.5,15.2,0.0,30.3,Karachi
15/01/2019,23.2,13.1,0.0,16.4,Karachi
16/01/2019,25.4,19.1,0.0,21.1,Karachi
17/01/2019,27.9,18.3,0.0,19.5,Karachi
18/01/2019,26.0,15.1,0.0,15.5,Karachi
19/01/2019,24.8,14.3,0.0,14.6,Karachi
20/01/2019,22.9,14.9,0.4,20.6,Karachi
21/01/2019,20.8,16.0,5.9,20.4,Karachi
22/01/2019,20.0,12.1,0.0,22.6,Karachi
23/01/2019,22.6,11.4,0.0,14.2,Karachi
24/01/2019,22.5,11.9,0.0,14.9,Karachi
25/01/2019,20.9,11.7,0.0,14.8,Karachi
26/01/2019,21.5,15.6,0.2,13.6,Karachi
27/01/2019,23.0,15.3,0.8,15.9,Karachi
28/01/2019,22.2,13.2,0.0,17.1,Karachi
29/01/2019,22.2,12.9,0.0,16.0,Karachi
30/01/2019,23.4,17.0,1.5,25.4,Karachi
31/01/2019,23.9,15.9,0.9,25.2,Karachi
01/02/2019,23.5,14.4,0.0,23.5,Karachi
02/02/2019,23.4,13.7,0.0,23.6,Karachi
03/02/2019,24.5,14.0,0.0,21.5,Karachi
04/02/2019,25.1,14.9,0.0,24.2,Karachi
05/02/2019,24.8,14.2,0.0,22.2,Karachi
06/02/2019,23.3,16.1,0.0,30.2,Karachi
07/02/2019,18.9,13.4,0.0,33.9,Karachi
08/02/2019,24.1,12.5,0.0,26.9,Karachi
09/02/2019,23.2,11.4,0.0,17.7,Karachi
10/02/2019,23.6,11.8,0.0,18.4,Karachi
11/02/2019,26.1,15.1,0.0,24.1,Karachi
12/02/2019,27.8,17.2,0.0,32.4,Karachi
13/02/2019,23.4,17.0,0.0,24.8,Karachi
14/02/2019,24.0,15.6,0.0,20.4,Karachi
15/02/2019,25.1,14.4,0.0,21.3,Karachi
16/02/2019,25.2,13.6,0.0,18.7,Karachi
17/02/2019,25.5,15.4,0.0,21.9,Karachi
18/02/2019,24.0,20.2,0.3,26.4,Karachi
19/02/2019,25.1,21.0,0.2,23.9,Karachi
20/02/2019,24.5,19.5,1.2,25.7,Karachi
21/02/2019,25.0,18.7,0.2,19.1,Karachi
22/02/2019,23.8,14.4,0.0,20.6,Karachi
23/02/2019,24.6,16.3,0.0,22.4,Karachi
24/02/2019,26.9,17.0,0.0,22.1,Karachi
25/02/2019,26.4,17.9,0.3,25.8,Karachi
26/02/2019,25.5,18.9,1.6,24.8,Karachi
27/02/2019,24.6,16.2,0.0,27.4,Karachi
28/02/2019,24.0,14.6,0.0,17.8,Karachi
01/03/2019,24.5,17.5,0.0,13.0,Karachi
02/03/2019,25.2,17.2,2.7,48.0,Karachi
03/03/2019,24.5,15.3,0.0,21.9,Karachi
04/03/2019,23.6,15.9,0.0,20.2,Karachi
05/03/2019,24.4,16.5,0.1,22.4,Karachi
06/03/2019,26.4,19.1,0.0,25.6,Karachi
07/03/2019,24.7,16.5,0.0,21.4,Karachi
08/03/2019,27.6,18.9,0.0,24.1,Karachi
09/03/2019,26.5,18.5,0.0,20.1,Karachi
10/03/2019,24.6,18.0,1.5,24.7,Karachi
11/03/2019,26.5,19.7,0.0,22.8,Karachi
12/03/2019,26.0,18.0,0.0,24.9,Karachi
13/03/2019,25.6,17.6,0.0,22.1,Karachi
14/03/2019,26.6,16.5,0.0,27.4,Karachi
15/03/2019,28.0,17.5,0.0,23.0,Karachi
16/03/2019,29.0,18.9,0.0,18.7,Karachi
17/03/2019,28.5,18.3,0.0,20.8,Karachi
18/03/2019,29.0,18.1,0.0,21.6,Karachi
19/03/2019,27.7,20.4,0.0,27.2,Karachi
20/03/2019,27.1,21.3,0.0,25.0,Karachi
21/03/2019,27.1,19.1,0.0,28.9,Karachi
22/03/2019,28.5,19.2,0.0,23.8,Karachi
23/03/2019,28.9,20.0,0.0,23.1,Karachi
24/03/2019,33.2,22.5,0.0,26.5,Karachi
25/03/2019,32.3,20.3,0.0,23.7,Karachi
26/03/2019,31.0,21.2,0.0,19.6,Karachi
27/03/2019,32.8,22.1,0.0,29.9,Karachi
28/03/2019,32.5,23.1,0.0,29.1,Karachi
29/03/2019,34.0,22.6,0.0,29.3,Karachi
30/03/2019,34.3,22.9,0.0,27.4,Karachi
31/03/2019,31.9,21.5,0.0,22.4,Karachi
01/04/2019,34.5,22.5,0.0,23.5,Karachi
02/04/2019,30.9,22.0,0.0,22.4,Karachi
03/04/2019,32.4,21.6,0.0,22.3,Karachi
04/04/2019,33.9,23.6,0.0,23.8,Karachi
05/04/2019,30.3,23.0,0.0,21.7,Karachi
06/04/2019,33.2,23.9,0.0,24.4,Karachi
07/04/2019,34.7,25.5,0.0,29.5,Karachi
08/04/2019,32.0,25.1,0.0,29.5,Karachi
09/04/2019,30.7,24.1,0.0,30.0,Karachi
10/04/2019,31.2,23.3,0.0,30.8,Karachi
11/04/2019,31.4,24.2,0.0,26.8,Karachi
12/04/2019,31.1,24.9,0.0,28.0,Karachi
13/04/2019,32.2,23.5,0.0,28.3,Karachi
14/04/2019,34.4,24.3,0.0,30.7,Karachi
15/04/2019,27.0,23.3,0.3,35.8,Karachi
16/04/2019,28.9,21.1,0.1,38.2,Karachi
17/04/2019,31.0,24.0,0.0,31.8,Karachi
18/04/2019,28.8,21.4,0.0,23.8,Karachi
19/04/2019,30.4,21.6,0.0,25.9,Karachi
20/04/2019,29.9,23.4,0.0,28.4,Karachi
21/04/2019,29.9,24.2,0.0,26.4,Karachi
22/04/2019,30.0,23.9,0.0,26.0,Karachi
23/04/2019,30.4,24.2,0.0,29.0,Karachi
24/04/2019,29.8,24.6,0.0,32.0,Karachi
25/04/2019,31.0,25.2,0.0,26.5,Karachi
26/04/2019,32.2,25.0,0.0,26.7,Karachi
27/04/2019,33.3,23.9,0.0,27.8,Karachi
28/04/2019,32.0,24.4,0.0,26.6,Karachi
29/04/2019,32.5,25.4,0.0,31.8,Karachi
30/04/2019,38.4,25.5,0.0,28.6,Karachi
01/05/2019,38.5,24.6,0.0,29.9,Karachi
02/05/2019,33.2,23.9,0.0,27.8,Karachi
03/05/2019,39.4,24.0,0.0,29.9,Karachi
04/05/2019,35.3,25.0,0.0,25.0,Karachi
05/05/2019,33.5,24.2,0.0,28.6,Karachi
06/05/2019,31.4,25.0,0.0,28.3,Karachi
07/05/2019,31.2,25.6,0.0,32.6,Karachi
08/05/2019,30.5,25.8,0.0,35.0,Karachi
09/05/2019,30.5,25.5,0.0,37.1,Karachi
10/05/2019,30.6,26.5,0.0,34.3,Karachi
11/05/2019,31.1,26.5,0.0,30.6,Karachi
12/05/2019,31.0,25.6,0.0,27.7,Karachi
13/05/2019,32.8,25.5,0.0,30.9,Karachi
14/05/2019,31.5,26.8,0.0,33.4,Karachi
15/05/2019,30.9,26.8,0.0,31.1,Karachi
16/05/2019,30.4,26.8,0.8,29.3,Karachi
17/05/2019,31.6,26.0,0.9,27.7,Karachi
18/05/2019,32.0,26.5,0.0,32.2,Karachi
19/05/2019,32.0,27.1,0.0,30.3,Karachi
20/05/2019,32.0,27.2,0.0,30.6,Karachi
21/05/2019,34.2,27.1,0.0,33.5,Karachi
22/05/2019,32.8,27.2,0.0,30.1,Karachi
23/05/2019,32.2,27.5,0.0,30.6,Karachi
24/05/2019,32.0,27.0,0.0,26.6,Karachi
25/05/2019,33.3,27.0,0.0,28.4,Karachi
26/05/2019,34.8,27.5,0.0,31.8,Karachi
27/05/2019,34.7,28.2,0.0,32.2,Karachi
28/05/2019,33.0,27.4,0.0,34.6,Karachi
29/05/2019,33.2,27.2,0.0,35.3,Karachi
30/05/2019,33.3,27.6,0.0,29.0,Karachi
31/05/2019,34.2,27.1,0.0,28.1,Karachi
01/06/2019,33.3,27.7,0.0,29.5,Karachi
02/06/2019,33.2,27.6,0.0,29.9,Karachi
03/06/2019,33.5,28.0,0.0,31.6,Karachi
04/06/2019,32.3,28.3,0.0,32.9,Karachi
05/06/2019,32.8,28.1,0.0,27.2,Karachi
06/06/2019,35.7,27.8,0.0,27.7,Karachi
07/06/2019,33.3,27.7,0.0,30.1,Karachi
08/06/2019,34.1,27.7,0.0,27.0,Karachi
09/06/2019,32.9,28.1,0.0,28.0,Karachi
10/06/2019,32.2,28.0,0.0,27.8,Karachi
11/06/2019,32.3,28.6,0.0,27.6,Karachi
12/06/2019,32.0,27.6,0.0,24.5,Karachi
13/06/2019,34.1,27.9,0.0,22.5,Karachi
14/06/2019,39.8,30.7,0.0,27.4,Karachi
15/06/2019,35.8,30.8,0.0,36.5,Karachi
16/06/2019,33.6,29.0,0.0,31.8,Karachi
17/06/2019,34.8,28.4,0.0,25.6,Karachi
18/06/2019,33.2,28.9,0.0,31.0,Karachi
19/06/2019,32.7,29.0,0.1,23.8,Karachi
20/06/2019,32.8,28.8,0.2,25.9,Karachi
21/06/2019,31.6,28.9,0.6,27.0,Karachi
22/06/2019,32.4,29.0,0.1,25.9,Karachi
23/06/2019,32.5,29.1,0.6,24.6,Karachi
24/06/2019,32.3,29.0,0.9,23.0,Karachi
25/06/2019,31.7,28.8,0.4,23.2,Karachi
26/06/2019,32.7,29.0,0.1,29.1,Karachi
27/06/2019,32.5,29.0,0.0,36.6,Karachi
28/06/2019,32.5,29.0,0.7,38.6,Karachi
29/06/2019,32.2,28.9,0.6,36.4,Karachi
30/06/2019,32.0,28.8,0.7,33.7,Karachi
01/07/2019,32.0,28.9,1.1,29.0,Karachi
02/07/2019,31.7,28.5,0.4,21.9,Karachi
03/07/2019,32.5,28.6,0.0,25.9,Karachi
04/07/2019,31.5,28.6,0.5,31.6,Karachi
05/07/2019,31.2,28.6,1.2,35.6,Karachi
06/07/2019,32.1,28.6,0.0,30.1,Karachi
07/07/2019,32.2,28.6,0.2,28.3,Karachi
08/07/2019,32.0,28.6,0.0,29.5,Karachi
09/07/2019,32.3,28.6,0.1,31.0,Karachi
10/07/2019,32.5,28.6,0.7,34.2,Karachi
11/07/2019,31.7,28.5,0.5,32.7,Karachi
12/07/2019,31.5,28.7,1.7,32.3,Karachi
13/07/2019,31.4,28.4,1.2,35.7,Karachi
14/07/2019,31.5,28.2,0.3,40.8,Karachi
15/07/2019,31.4,28.4,0.5,42.4,Karachi
16/07/2019,30.9,28.4,2.8,37.2,Karachi
17/07/2019,31.1,28.4,1.1,29.6,Karachi
18/07/2019,31.4,28.0,0.4,25.8,Karachi
19/07/2019,30.6,27.8,0.4,21.4,Karachi
20/07/2019,31.5,28.0,0.0,19.6,Karachi
21/07/2019,33.2,27.9,0.0,26.1,Karachi
22/07/2019,33.3,28.6,0.0,27.1,Karachi
23/07/2019,33.7,29.1,0.3,26.6,Karachi
24/07/2019,31.6,29.0,0.0,35.8,Karachi
25/07/2019,32.0,28.9,1.0,45.5,Karachi
26/07/2019,31.0,28.4,0.7,44.3,Karachi
27/07/2019,31.0,28.0,0.7,41.6,Karachi
28/07/2019,30.9,27.9,1.1,35.7,Karachi
29/07/2019,28.6,27.1,40.2,32.4,Karachi
30/07/2019,28.9,26.6,27.0,34.8,Karachi
31/07/2019,29.9,27.2,0.0,31.6,Karachi
01/08/2019,29.9,27.2,0.2,28.0,Karachi
02/08/2019,29.6,27.4,0.8,30.5,Karachi
03/08/2019,29.6,27.4,0.7,26.8,Karachi
04/08/2019,29.9,27.1,0.1,29.0,Karachi
05/08/2019,30.0,27.0,0.2,25.6,Karachi
06/08/2019,30.4,27.2,0.1,29.2,Karachi
07/08/2019,30.1,27.5,0.0,30.3,Karachi
08/08/2019,30.2,27.0,0.0,24.2,Karachi
09/08/2019,30.2,27.5,0.5,21.9,Karachi
10/08/2019,31.0,27.4,3.4,32.4,Karachi
11/08/2019,27.3,26.1,304.9,42.8,Karachi
12/08/2019,28.4,26.5,0.9,39.3,Karachi
13/08/2019,29.0,26.3,0.0,21.6,Karachi
14/08/2019,29.4,27.0,0.0,16.1,Karachi
15/08/2019,28.9,27.2,1.5,25.0,Karachi
16/08/2019,29.4,27.0,0.0,24.3,Karachi
17/08/2019,29.2,26.9,0.3,23.8,Karachi
18/08/2019,29.2,26.9,0.7,20.4,Karachi
19/08/2019,29.3,26.5,0.4,18.8,Karachi
20/08/2019,29.4,26.5,0.2,22.7,Karachi
21/08/2019,29.6,26.5,0.2,31.9,Karachi
22/08/2019,29.5,26.5,0.3,30.6,Karachi
23/08/2019,29.5,26.5,0.4,25.1,Karachi
24/08/2019,29.3,26.6,0.3,28.4,Karachi
25/08/2019,29.5,26.8,0.3,22.7,Karachi
26/08/2019,30.1,26.8,0.0,21.1,Karachi
27/08/2019,31.1,26.9,0.1,24.7,Karachi
28/08/2019,31.0,27.7,3.0,23.1,Karachi
29/08/2019,29.0,26.4,45.4,19.2,Karachi
30/08/2019,30.4,25.8,25.8,15.7,Karachi
31/08/2019,30.9,27.2,0.0,19.6,Karachi
01/09/2019,31.0,27.5,1.7,18.8,Karachi
02/09/2019,31.1,27.9,0.0,19.9,Karachi
03/09/2019,30.5,27.3,5.6,21.6,Karachi
04/09/2019,30.5,27.7,0.0,21.9,Karachi
05/09/2019,31.4,27.8,0.0,21.3,Karachi
06/09/2019,31.5,27.6,0.0,22.7,Karachi
07/09/2019,31.0,27.7,0.0,21.3,Karachi
08/09/2019,30.8,27.5,0.0,18.3,Karachi
09/09/2019,31.1,27.5,0.0,20.7,Karachi
10/09/2019,31.1,27.8,0.0,22.6,Karachi
11/09/2019,31.6,27.8,0.0,22.7,Karachi
12/09/2019,31.5,27.8,0.0,24.5,Karachi
13/09/2019,31.5,27.9,0.0,30.3,Karachi
14/09/2019,31.6,27.9,0.0,29.3,Karachi
15/09/2019,31.3,28.0,0.2,31.7,Karachi
16/09/2019,31.0,27.5,0.1,35.5,Karachi
17/09/2019,31.2,27.4,0.0,26.3,Karachi
18/09/2019,31.1,27.1,0.0,19.1,Karachi
19/09/2019,31.6,26.0,0.0,23.1,Karachi
20/09/2019,33.5,25.5,0.0,22.7,Karachi
21/09/2019,36.5,25.8,0.0,26.8,Karachi
22/09/2019,33.8,27.5,0.0,23.0,Karachi
23/09/2019,32.5,27.9,0.0,24.9,Karachi
24/09/2019,31.9,27.4,0.0,23.2,Karachi
25/09/2019,34.4,28.0,4.4,18.0,Karachi
26/09/2019,34.0,27.8,1.9,22.3,Karachi
27/09/2019,31.6,28.4,0.9,17.9,Karachi
28/09/2019,32.8,27.7,0.1,20.6,Karachi
29/09/2019,32.7,28.0,0.0,21.4,Karachi
30/09/2019,31.7,27.9,0.1,25.3,Karachi
01/10/2019,31.9,28.0,0.0,31.3,Karachi
02/10/2019,31.1,28.0,1.3,29.5,Karachi
03/10/2019,30.4,27.5,3.8,27.2,Karachi
04/10/2019,30.2,26.0,7.0,22.5,Karachi
05/10/2019,29.6,26.5,1.3,15.7,Karachi
06/10/2019,28.0,24.4,2.7,15.5,Karachi
07/10/2019,29.8,24.2,0.1,10.6,Karachi
08/10/2019,31.1,24.6,0.0,23.8,Karachi
09/10/2019,31.3,25.2,0.0,21.1,Karachi
10/10/2019,31.8,25.4,0.0,19.9,Karachi
11/10/2019,32.2,25.6,0.0,19.9,Karachi
12/10/2019,32.0,25.7,0.0,18.4,Karachi
13/10/2019,33.3,24.0,0.0,17.9,Karachi
14/10/2019,32.9,24.0,0.0,21.3,Karachi
15/10/2019,30.8,24.5,0.0,17.6,Karachi
16/10/2019,32.2,24.4,0.0,17.9,Karachi
17/10/2019,33.3,24.6,0.0,19.5,Karachi
18/10/2019,32.2,25.0,0.0,22.8,Karachi
19/10/2019,34.5,23.1,0.0,19.0,Karachi
20/10/2019,35.6,25.4,0.0,21.8,Karachi
21/10/2019,33.4,24.5,0.0,22.5,Karachi
22/10/2019,35.4,24.4,0.0,24.9,Karachi
23/10/2019,33.0,24.0,0.0,20.9,Karachi
24/10/2019,31.5,23.5,0.0,21.5,Karachi
25/10/2019,34.2,24.0,0.0,23.2,Karachi
26/10/2019,35.7,24.2,0.0,18.1,Karachi
27/10/2019,35.3,26.4,0.0,23.5,Karachi
28/10/2019,33.7,24.9,0.0,28.2,Karachi
29/10/2019,31.5,25.9,0.8,17.5,Karachi
30/10/2019,31.8,25.8,0.1,11.5,Karachi
31/10/2019,32.1,25.5,0.0,18.3,Karachi
01/11/2019,33.8,26.0,0.0,15.1,Karachi
02/11/2019,33.3,26.6,0.0,24.0,Karachi
03/11/2019,32.3,25.5,0.0,22.7,Karachi
04/11/2019,31.6,24.5,0.0,17.3,Karachi
05/11/2019,31.0,24.4,0.0,19.4,Karachi
06/11/2019,31.0,25.7,0.4,26.5,Karachi
07/11/2019,30.7,21.6,0.0,30.7,Karachi
08/11/2019,30.8,18.7,0.0,22.9,Karachi
09/11/2019,29.3,19.5,0.0,28.0,Karachi
10/11/2019,29.8,19.1,0.0,19.9,Karachi
11/11/2019,28.5,18.1,0.0,18.4,Karachi
12/11/2019,27.7,20.3,0.0,13.6,Karachi
13/11/2019,28.5,21.2,0.0,18.6,Karachi
14/11/2019,28.6,21.8,0.0,22.7,Karachi
15/11/2019,24.9,19.5,2.0,22.5,Karachi
16/11/2019,25.9,18.7,0.0,21.9,Karachi
17/11/2019,27.5,19.2,0.0,24.4,Karachi
18/11/2019,26.2,18.0,0.0,15.7,Karachi
19/11/2019,26.7,19.1,0.0,13.7,Karachi
20/11/2019,25.9,18.4,0.0,12.3,Karachi
21/11/2019,27.5,19.3,0.0,16.3,Karachi
22/11/2019,28.4,20.1,0.0,19.7,Karachi
23/11/2019,28.7,20.3,0.0,16.3,Karachi
24/11/2019,28.0,20.5,0.0,20.4,Karachi
25/11/2019,28.7,19.7,0.0,18.0,Karachi
26/11/2019,29.1,21.0,0.0,24.9,Karachi
27/11/2019,27.9,19.5,0.0,19.7,Karachi
28/11/2019,27.4,17.8,0.0,14.9,Karachi
29/11/2019,27.0,18.0,0.0,20.8,Karachi
30/11/2019,26.6,17.3,0.0,26.6,Karachi
01/12/2019,27.5,16.1,0.0,17.3,Karachi
02/12/2019,28.2,15.9,0.0,23.5,Karachi
03/12/2019,28.6,18.4,0.0,30.4,Karachi
04/12/2019,29.1,19.0,0.0,21.6,Karachi
05/12/2019,29.6,20.6,0.0,24.5,Karachi
06/12/2019,27.6,21.2,0.0,30.4,Karachi
07/12/2019,27.8,18.2,0.0,26.7,Karachi
08/12/2019,27.7,15.8,0.0,21.5,Karachi
09/12/2019,26.9,16.6,0.0,18.5,Karachi
10/12/2019,25.3,16.0,0.0,17.1,Karachi
11/12/2019,26.5,21.6,0.0,20.0,Karachi
12/12/2019,23.9,18.5,0.2,17.5,Karachi
13/12/2019,24.0,16.7,0.0,18.3,Karachi
14/12/2019,24.9,16.4,0.0,17.7,Karachi
15/12/2019,24.6,17.9,0.2,20.6,Karachi
16/12/2019,23.7,15.6,0.0,24.5,Karachi
17/12/2019,23.9,14.6,0.0,24.6,Karachi
18/12/2019,22.5,13.1,0.0,14.9,Karachi
19/12/2019,24.2,14.9,0.0,14.8,Karachi
20/12/2019,25.7,18.4,0.0,20.9,Karachi
21/12/2019,25.7,16.6,0.0,20.2,Karachi
22/12/2019,25.5,16.4,0.0,22.1,Karachi
23/12/2019,24.9,14.9,0.0,20.3,Karachi
24/12/2019,23.8,13.1,0.0,16.3,Karachi
25/12/2019,24.9,13.7,0.0,20.7,Karachi
26/12/2019,23.0,11.0,0.0,13.1,Karachi
27/12/2019,22.4,12.4,0.0,13.5,Karachi
28/12/2019,24.6,12.2,0.0,18.3,Karachi
29/12/2019,24.1,12.9,0.0,22.9,Karachi
30/12/2019,21.9,12.0,0.0,17.6,Karachi
31/12/2019,23.0,13.9,0.0,24.2,Karachi
01/01/2020,20.3,11.4,0.0,31.6,Karachi
02/01/2020,20.0,13.1,0.0,29.8,Karachi
03/01/2020,23.1,12.8,0.0,20.3,Karachi
04/01/2020,22.1,13.0,0.0,17.4,Karachi
05/01/2020,22.7,16.7,0.0,19.4,Karachi
06/01/2020,23.6,15.4,0.0,18.7,Karachi
07/01/2020,22.2,13.6,0.0,19.9,Karachi
08/01/2020,23.0,12.6,0.0,22.7,Karachi
09/01/2020,22.1,10.6,0.0,15.5,Karachi
10/01/2020,21.4,12.8,0.0,32.1,Karachi
11/01/2020,23.3,14.7,0.0,32.4,Karachi
12/01/2020,22.5,14.1,3.0,30.3,Karachi
13/01/2020,20.1,12.0,0.7,22.0,Karachi
14/01/2020,19.9,9.6,0.0,22.1,Karachi
15/01/2020,19.7,11.4,0.0,22.2,Karachi
16/01/2020,21.0,10.5,0.0,21.3,Karachi
17/01/2020,20.9,10.3,0.0,17.3,Karachi
18/01/2020,21.2,10.1,0.0,20.3,Karachi
19/01/2020,23.6,12.8,0.0,22.2,Karachi
20/01/2020,22.2,11.6,0.0,14.2,Karachi
21/01/2020,22.0,14.2,0.0,18.2,Karachi
22/01/2020,24.7,15.2,0.0,27.5,Karachi
23/01/2020,24.6,15.5,0.0,27.6,Karachi
24/01/2020,24.1,13.6,0.0,15.3,Karachi
25/01/2020,25.1,15.1,0.0,21.3,Karachi
26/01/2020,26.2,18.3,0.0,21.4,Karachi
27/01/2020,23.5,18.7,0.0,25.2,Karachi
28/01/2020,21.4,14.6,0.0,24.8,Karachi
29/01/2020,21.9,13.2,0.0,24.2,Karachi
30/01/2020,23.1,11.9,0.0,19.1,Karachi
31/01/2020,22.5,11.8,0.0,22.5,Karachi
01/02/2020,23.5,12.9,0.0,19.5,Karachi
02/02/2020,24.1,13.6,0.0,19.2,Karachi
03/02/2020,24.0,13.2,0.0,19.2,Karachi
04/02/2020,23.2,17.1,1.3,20.0,Karachi
05/02/2020,24.3,16.3,0.0,26.5,Karachi
06/02/2020,24.0,12.9,0.0,20.6,Karachi
07/02/2020,25.6,14.9,0.0,16.9,Karachi
08/02/2020,25.4,15.5,0.0,18.8,Karachi
09/02/2020,24.7,13.6,0.0,15.9,Karachi
10/02/2020,25.4,14.2,0.0,14.5,Karachi
11/02/2020,27.4,14.8,0.0,19.5,Karachi
12/02/2020,28.9,17.6,0.0,18.5,Karachi
13/02/2020,28.1,17.2,0.0,20.4,Karachi
14/02/2020,25.5,15.9,0.0,16.1,Karachi
15/02/2020,27.0,16.3,0.0,21.5,Karachi
16/02/2020,28.4,14.9,0.0,19.5,Karachi
17/02/2020,29.5,16.5,0.0,17.3,Karachi
18/02/2020,28.2,18.8,0.0,18.5,Karachi
19/02/2020,30.5,19.7,0.0,22.6,Karachi
20/02/2020,28.2,18.2,0.0,25.4,Karachi
21/02/2020,28.7,19.4,0.0,25.4,Karachi
22/02/2020,29.9,18.8,0.0,23.7,Karachi
23/02/2020,28.8,19.4,0.0,24.5,Karachi
24/02/2020,27.1,17.0,0.0,22.7,Karachi
25/02/2020,26.3,17.2,0.0,22.4,Karachi
26/02/2020,27.0,19.6,0.0,25.0,Karachi
27/02/2020,27.8,19.9,0.0,26.4,Karachi
28/02/2020,26.3,21.5,0.0,25.3,Karachi
29/02/2020,27.3,20.0,0.0,19.1,Karachi
01/03/2020,29.2,19.4,0.0,17.3,Karachi
02/03/2020,27.6,19.4,0.0,26.0,Karachi
03/03/2020,28.4,20.2,0.0,25.6,Karachi
04/03/2020,26.4,20.6,0.0,28.6,Karachi
05/03/2020,27.0,20.3,0.2,30.9,Karachi
06/03/2020,25.1,18.0,0.0,31.6,Karachi
07/03/2020,27.5,18.1,0.0,21.4,Karachi
08/03/2020,25.9,17.4,0.0,18.0,Karachi
09/03/2020,28.8,17.7,0.0,20.0,Karachi
10/03/2020,26.9,18.8,0.0,32.0,Karachi
11/03/2020,23.9,17.6,0.0,34.9,Karachi
12/03/2020,25.5,19.0,0.0,33.2,Karachi
13/03/2020,27.3,16.8,0.0,25.8,Karachi
14/03/2020,27.1,15.1,0.0,21.3,Karachi
15/03/2020,27.7,17.6,0.0,22.8,Karachi
16/03/2020,30.0,20.0,0.0,22.6,Karachi
17/03/2020,30.4,19.7,0.0,22.6,Karachi
18/03/2020,31.6,20.4,0.0,23.3,Karachi
19/03/2020,30.4,20.5,0.0,26.8,Karachi
20/03/2020,27.7,22.0,0.0,31.1,Karachi
21/03/2020,27.0,22.2,0.0,25.8,Karachi
22/03/2020,29.5,22.0,0.0,24.5,Karachi
23/03/2020,27.9,21.5,0.0,20.3,Karachi
24/03/2020,27.5,22.5,0.2,20.3,Karachi
25/03/2020,28.9,22.0,0.0,23.8,Karachi
26/03/2020,24.0,20.7,1.6,19.0,Karachi
27/03/2020,24.5,18.8,0.1,23.7,Karachi
28/03/2020,27.5,21.8,0.0,27.4,Karachi
29/03/2020,29.2,20.2,0.0,22.0,Karachi
30/03/2020,30.0,20.5,0.0,24.4,Karachi
31/03/2020,28.2,22.0,0.0,27.3,Karachi
01/04/2020,28.5,23.1,0.0,26.1,Karachi
02/04/2020,31.2,21.4,0.0,25.7,Karachi
03/04/2020,33.2,22.0,0.0,26.5,Karachi
04/04/2020,33.2,22.6,0.0,23.7,Karachi
05/04/2020,31.2,22.8,0.0,25.3,Karachi
06/04/2020,30.8,21.9,0.0,22.7,Karachi
07/04/2020,32.1,22.8,0.0,25.1,Karachi
08/04/2020,29.6,22.2,0.0,22.9,Karachi
09/04/2020,30.5,22.6,0.0,24.1,Karachi
10/04/2020,29.1,21.9,0.0,21.2,Karachi
11/04/2020,34.2,22.3,0.0,25.5,Karachi
12/04/2020,34.2,23.3,0.0,22.8,Karachi
13/04/2020,32.0,23.6,0.0,24.5,Karachi
14/04/2020,31.4,24.8,0.0,28.1,Karachi
15/04/2020,31.5,25.4,0.0,24.4,Karachi
16/04/2020,31.0,25.5,0.0,27.9,Karachi
17/04/2020,33.0,24.0,0.0,24.9,Karachi
18/04/2020,32.0,24.4,0.0,25.7,Karachi
19/04/2020,31.1,25.0,0.0,27.9,Karachi
20/04/2020,31.3,25.3,0.0,28.1,Karachi
21/04/2020,32.3,24.4,0.0,25.0,Karachi
22/04/2020,33.3,26.0,0.0,32.1,Karachi
23/04/2020,33.7,26.5,0.0,32.2,Karachi
24/04/2020,31.5,26.2,0.0,33.5,Karachi
25/04/2020,31.8,26.4,0.0,28.7,Karachi
26/04/2020,32.0,25.8,0.0,28.6,Karachi
27/04/2020,31.6,25.6,0.0,28.8,Karachi
28/04/2020,30.4,26.5,0.0,22.7,Karachi
29/04/2020,31.1,25.1,0.0,23.0,Karachi
30/04/2020,31.2,25.8,0.0,23.2,Karachi
01/05/2020,31.2,26.0,0.0,30.0,Karachi
02/05/2020,32.2,26.8,0.0,34.0,Karachi
03/05/2020,32.3,27.1,0.0,37.6,Karachi
04/05/2020,33.8,27.0,0.0,31.1,Karachi
05/05/2020,33.7,27.2,0.0,30.9,Karachi
06/05/2020,37.2,26.4,0.0,28.8,Karachi
07/05/2020,34.0,26.1,0.0,27.9,Karachi
08/05/2020,32.2,27.1,0.0,26.0,Karachi
09/05/2020,31.4,27.4,0.0,27.5,Karachi
10/05/2020,31.8,27.1,0.0,29.0,Karachi
11/05/2020,31.5,27.1,0.0,29.7,Karachi
12/05/2020,31.6,26.9,0.0,28.0,Karachi
13/05/2020,31.9,27.5,0.0,26.3,Karachi
14/05/2020,31.1,27.4,0.0,21.4,Karachi
15/05/2020,32.1,27.0,0.0,25.7,Karachi
16/05/2020,32.5,27.0,0.0,28.2,Karachi
17/05/2020,32.2,26.8,0.0,27.6,Karachi
18/05/2020,32.9,27.1,0.0,26.8,Karachi
19/05/2020,34.4,27.2,0.0,26.7,Karachi
20/05/2020,32.7,26.5,0.0,28.3,Karachi
21/05/2020,33.5,26.5,0.0,28.1,Karachi
22/05/2020,34.5,28.5,0.0,34.7,Karachi
23/05/2020,32.8,27.8,0.0,35.4,Karachi
24/05/2020,32.5,27.5,0.0,35.8,Karachi
25/05/2020,32.4,27.6,0.0,37.9,Karachi
26/05/2020,33.2,28.0,0.0,38.8,Karachi
27/05/2020,34.5,28.9,0.0,40.7,Karachi
28/05/2020,33.9,29.1,0.0,44.4,Karachi
29/05/2020,32.7,28.5,0.0,37.8,Karachi
30/05/2020,31.5,28.1,0.8,30.4,Karachi
31/05/2020,31.0,27.9,1.3,29.9,Karachi
01/06/2020,30.5,27.5,1.1,27.5,Karachi
02/06/2020,31.1,27.6,1.4,21.3,Karachi
03/06/2020,31.6,27.2,0.1,20.1,Karachi
04/06/2020,31.5,27.2,0.1,24.4,Karachi
05/06/2020,31.9,27.8,0.0,25.4,Karachi
06/06/2020,32.0,28.5,0.4,26.0,Karachi
07/06/2020,32.3,28.9,0.5,23.1,Karachi
08/06/2020,32.7,28.8,0.4,23.5,Karachi
09/06/2020,33.1,29.0,0.0,27.6,Karachi
10/06/2020,32.7,29.2,0.2,30.0,Karachi
11/06/2020,32.0,29.2,0.3,26.9,Karachi
12/06/2020,32.2,29.0,0.1,24.3,Karachi
13/06/2020,32.0,28.7,0.0,24.4,Karachi
14/06/2020,32.6,28.5,0.0,24.0,Karachi
15/06/2020,33.3,28.5,0.0,27.8,Karachi
16/06/2020,32.8,28.7,0.0,29.3,Karachi
17/06/2020,33.3,29.2,0.0,29.0,Karachi
18/06/2020,33.7,29.4,0.0,27.3,Karachi
19/06/2020,32.7,29.1,0.0,22.4,Karachi
20/06/2020,33.2,29.2,0.0,23.2,Karachi
21/06/2020,33.7,29.4,0.7,27.2,Karachi
22/06/2020,33.7,29.3,0.2,23.5,Karachi
23/06/2020,33.7,29.0,0.0,21.7,Karachi
24/06/2020,33.1,29.5,0.0,21.9,Karachi
25/06/2020,33.3,30.0,0.1,26.0,Karachi
26/06/2020,33.8,30.1,0.0,28.1,Karachi
27/06/2020,33.4,30.0,0.6,31.1,Karachi
28/06/2020,33.0,30.0,0.5,35.4,Karachi
29/06/2020,32.5,29.6,0.7,35.4,Karachi
30/06/2020,33.2,29.5,0.3,20.9,Karachi
01/07/2020,34.0,28.7,0.0,26.6,Karachi
02/07/2020,33.1,29.8,0.0,27.7,Karachi
03/07/2020,33.7,30.1,0.2,28.0,Karachi
04/07/2020,34.2,30.1,0.0,31.0,Karachi
05/07/2020,33.5,30.5,0.4,29.9,Karachi
06/07/2020,35.1,29.9,0.0,24.9,Karachi
07/07/2020,33.8,30.1,0.0,24.5,Karachi
08/07/2020,31.5,29.5,14.2,35.8,Karachi
09/07/2020,33.7,28.6,0.0,28.8,Karachi
10/07/2020,33.2,28.5,0.0,28.7,Karachi
11/07/2020,31.8,29.5,2.7,33.2,Karachi
12/07/2020,32.0,29.1,0.8,35.9,Karachi
13/07/2020,32.0,28.5,0.4,27.0,Karachi
14/07/2020,32.2,28.9,0.0,22.7,Karachi
15/07/2020,33.0,29.0,0.1,25.0,Karachi
16/07/2020,32.9,29.3,0.0,21.8,Karachi
17/07/2020,36.7,29.1,0.1,22.0,Karachi
18/07/2020,35.0,29.8,1.0,21.3,Karachi
19/07/2020,32.0,29.4,0.4,27.4,Karachi
20/07/2020,33.0,29.1,0.6,33.8,Karachi
21/07/2020,32.4,29.5,1.5,35.1,Karachi
22/07/2020,31.8,28.7,2.0,25.4,Karachi
23/07/2020,32.2,28.5,0.6,30.9,Karachi
24/07/2020,32.4,29.2,0.6,30.8,Karachi
25/07/2020,33.2,29.3,0.1,27.1,Karachi
26/07/2020,31.8,28.4,2.0,22.1,Karachi
27/07/2020,31.9,28.5,0.8,23.9,Karachi
28/07/2020,32.1,28.7,0.6,36.2,Karachi
29/07/2020,32.3,29.1,0.4,36.4,Karachi
30/07/2020,32.0,29.1,0.8,25.4,Karachi
31/07/2020,31.9,28.8,0.0,21.3,Karachi
01/08/2020,32.8,29.1,0.2,20.7,Karachi
02/08/2020,33.7,29.5,0.2,23.9,Karachi
03/08/2020,33.1,29.6,0.0,31.7,Karachi
04/08/2020,32.7,29.5,0.8,32.9,Karachi
05/08/2020,32.8,29.4,0.0,20.7,Karachi
06/08/2020,34.8,29.1,4.2,24.7,Karachi
07/08/2020,32.8,28.2,38.1,29.5,Karachi
08/08/2020,30.2,27.9,5.7,31.8,Karachi
09/08/2020,30.7,28.2,2.0,26.4,Karachi
10/08/2020,31.0,28.5,0.9,22.2,Karachi
11/08/2020,31.1,29.0,1.3,25.0,Karachi
12/08/2020,30.9,28.6,2.3,36.4,Karachi
13/08/2020,31.1,28.8,0.9,35.8,Karachi
14/08/2020,31.3,28.4,0.0,23.9,Karachi
15/08/2020,31.6,28.6,0.3,24.2,Karachi
16/08/2020,31.4,29.0,0.1,27.6,Karachi
17/08/2020,31.6,28.9,0.5,24.2,Karachi
18/08/2020,31.6,28.7,0.6,25.5,Karachi
19/08/2020,31.5,28.5,0.9,28.7,Karachi
20/08/2020,30.9,28.5,0.9,28.4,Karachi
21/08/2020,31.5,28.2,0.9,19.2,Karachi
22/08/2020,32.0,28.4,3.0,19.5,Karachi
23/08/2020,32.5,28.5,0.2,25.5,Karachi
24/08/2020,31.6,28.9,0.1,31.3,Karachi
25/08/2020,29.4,27.2,14.1,29.5,Karachi
26/08/2020,29.5,26.6,8.0,24.9,Karachi
27/08/2020,29.1,26.4,11.0,15.5,Karachi
28/08/2020,30.3,26.8,4.4,19.0,Karachi
29/08/2020,31.0,27.6,0.0,24.1,Karachi
30/08/2020,30.6,27.5,0.0,26.7,Karachi
31/08/2020,30.0,27.8,0.1,25.0,Karachi
01/09/2020,30.0,27.3,0.0,23.7,Karachi
02/09/2020,30.4,27.1,0.0,24.6,Karachi
03/09/2020,30.6,26.9,0.0,19.6,Karachi
04/09/2020,30.6,26.7,0.0,18.9,Karachi
05/09/2020,30.5,27.1,0.2,21.4,Karachi
06/09/2020,30.4,27.1,0.0,28.0,Karachi
07/09/2020,30.9,27.4,0.0,30.6,Karachi
08/09/2020,30.8,27.1,0.0,29.6,Karachi
09/09/2020,30.5,26.9,0.0,20.3,Karachi
10/09/2020,30.9,26.2,0.0,22.7,Karachi
11/09/2020,30.6,26.8,0.0,24.5,Karachi
12/09/2020,31.1,26.5,0.0,20.1,Karachi
13/09/2020,31.9,27.1,0.0,22.2,Karachi
14/09/2020,33.5,28.0,0.0,25.8,Karachi
15/09/2020,32.5,27.8,0.0,24.0,Karachi
16/09/2020,31.9,27.5,0.9,22.4,Karachi
17/09/2020,31.9,28.1,0.1,25.6,Karachi
18/09/2020,31.6,27.8,0.0,25.0,Karachi
19/09/2020,31.3,27.5,0.0,22.2,Karachi
20/09/2020,31.2,27.6,0.0,18.3,Karachi
21/09/2020,33.2,26.9,0.0,25.0,Karachi
22/09/2020,33.0,27.4,0.0,20.8,Karachi
23/09/2020,32.8,26.3,0.0,21.9,Karachi
24/09/2020,31.7,27.5,0.0,22.7,Karachi
25/09/2020,31.3,27.8,0.0,29.5,Karachi
26/09/2020,31.5,27.6,0.0,34.5,Karachi
27/09/2020,31.5,27.6,0.0,30.8,Karachi
28/09/2020,31.0,26.9,0.0,25.7,Karachi
29/09/2020,31.0,27.1,0.0,26.7,Karachi
30/09/2020,30.9,27.1,0.3,23.4,Karachi
01/10/2020,31.1,27.0,0.0,24.2,Karachi
02/10/2020,31.5,26.5,0.0,30.8,Karachi
03/10/2020,31.2,26.8,0.0,26.7,Karachi
04/10/2020,31.1,27.2,0.0,21.6,Karachi
05/10/2020,30.5,26.5,0.0,21.6,Karachi
06/10/2020,30.5,26.1,0.0,23.3,Karachi
07/10/2020,30.6,26.5,0.0,23.9,Karachi
08/10/2020,31.0,26.1,0.0,22.7,Karachi
09/10/2020,31.1,25.6,0.0,22.7,Karachi
10/10/2020,33.0,25.0,0.0,25.3,Karachi
11/10/2020,33.9,25.5,0.0,24.4,Karachi
12/10/2020,36.6,23.9,0.0,16.7,Karachi
13/10/2020,35.3,23.9,0.0,17.9,Karachi
14/10/2020,36.2,24.0,0.0,25.4,Karachi
15/10/2020,36.6,23.4,0.0,15.6,Karachi
16/10/2020,38.2,25.5,0.0,27.1,Karachi
17/10/2020,38.3,28.5,0.0,27.0,Karachi
18/10/2020,35.5,28.1,0.0,15.3,Karachi
19/10/2020,32.9,26.5,0.0,22.7,Karachi
20/10/2020,35.8,25.9,0.0,21.3,Karachi
21/10/2020,31.6,23.5,0.0,16.9,Karachi
22/10/2020,35.5,20.8,0.0,19.9,Karachi
23/10/2020,35.0,22.5,0.0,19.3,Karachi
24/10/2020,32.8,22.5,0.0,25.4,Karachi
25/10/2020,32.2,22.4,0.0,20.4,Karachi
26/10/2020,30.8,20.5,0.0,16.0,Karachi
27/10/2020,31.5,20.8,0.0,19.3,Karachi
28/10/2020,29.5,20.9,0.0,21.6,Karachi
29/10/2020,28.8,21.2,0.0,16.4,Karachi
30/10/2020,31.5,21.5,0.0,20.6,Karachi
31/10/2020,32.3,21.3,0.0,24.5,Karachi
01/11/2020,32.7,21.7,0.0,23.3,Karachi
02/11/2020,33.0,19.9,0.0,24.0,Karachi
03/11/2020,31.1,20.4,0.0,23.8,Karachi
04/11/2020,29.1,22.0,0.0,23.0,Karachi
05/11/2020,29.0,21.5,0.0,24.3,Karachi
06/11/2020,29.2,19.2,0.0,17.2,Karachi
07/11/2020,32.0,19.4,0.0,26.6,Karachi
08/11/2020,30.7,19.5,0.0,19.1,Karachi
09/11/2020,30.8,18.9,0.0,18.5,Karachi
10/11/2020,29.5,19.3,0.0,16.1,Karachi
11/11/2020,31.4,20.0,0.0,21.7,Karachi
12/11/2020,32.4,22.7,0.0,21.7,Karachi
13/11/2020,31.2,21.1,0.0,21.6,Karachi
14/11/2020,29.1,18.6,0.0,17.9,Karachi
15/11/2020,30.9,20.8,0.0,22.7,Karachi
16/11/2020,29.4,19.1,0.0,21.1,Karachi
17/11/2020,28.2,19.4,0.0,24.2,Karachi
18/11/2020,26.2,17.5,0.0,18.9,Karachi
19/11/2020,29.5,17.9,0.0,22.2,Karachi
20/11/2020,28.2,17.8,0.0,25.1,Karachi
21/11/2020,26.1,16.6,0.0,16.9,Karachi
22/11/2020,25.8,16.0,0.0,16.4,Karachi
23/11/2020,26.6,18.2,0.0,19.2,Karachi
24/11/2020,25.9,20.0,0.0,23.5,Karachi
25/11/2020,22.2,16.5,1.6,25.3,Karachi
26/11/2020,24.4,15.9,0.0,33.2,Karachi
27/11/2020,24.9,16.6,0.0,34.6,Karachi
28/11/2020,26.1,15.3,0.0,24.3,Karachi
29/11/2020,27.5,14.1,0.0,17.2,Karachi
30/11/2020,26.8,13.8,0.0,14.4,Karachi
01/12/2020,26.9,15.6,0.0,12.1,Karachi
02/12/2020,27.1,16.4,0.0,13.5,Karachi
03/12/2020,28.4,16.0,0.0,16.4,Karachi
04/12/2020,27.5,19.3,0.0,17.0,Karachi
05/12/2020,27.0,20.5,0.0,16.3,Karachi
06/12/2020,27.5,18.6,0.0,13.5,Karachi
07/12/2020,29.0,18.5,0.0,12.8,Karachi
08/12/2020,27.5,17.5,0.0,16.1,Karachi
09/12/2020,26.9,18.0,0.0,18.1,Karachi
10/12/2020,27.9,19.0,0.0,21.6,Karachi
11/12/2020,26.1,18.3,0.0,20.3,Karachi
12/12/2020,24.6,16.3,0.0,14.4,Karachi
13/12/2020,24.4,14.9,0.0,13.9,Karachi
14/12/2020,24.8,14.1,0.0,19.9,Karachi
15/12/2020,24.0,13.1,0.0,22.5,Karachi
16/12/2020,23.0,14.1,0.0,25.3,Karachi
17/12/2020,22.1,12.7,0.0,26.9,Karachi
18/12/2020,23.2,11.5,0.0,16.6,Karachi
19/12/2020,25.1,11.6,0.0,16.3,Karachi
20/12/2020,25.3,14.8,0.0,14.2,Karachi
21/12/2020,24.9,13.6,0.0,14.8,Karachi
22/12/2020,24.8,13.6,0.0,16.8,Karachi
23/12/2020,24.5,13.9,0.0,17.1,Karachi
24/12/2020,26.1,14.1,0.0,18.3,Karachi
25/12/2020,26.6,15.5,0.0,23.4,Karachi
26/12/2020,24.9,13.6,0.0,19.8,Karachi
27/12/2020,23.7,15.1,0.0,33.9,Karachi
28/12/2020,22.4,11.6,0.0,28.3,Karachi
29/12/2020,22.8,10.6,0.0,19.4,Karachi
30/12/2020,22.3,12.4,0.0,24.5,Karachi
31/12/2020,22.0,10.7,0.0,26.8,Karachi
01/01/2021,23.1,10.6,0.0,18.7,Karachi
02/01/2021,23.6,10.8,0.0,14.3,Karachi
03/01/2021,22.5,11.6,0.0,17.9,Karachi
04/01/2021,22.1,11.6,0.0,16.2,Karachi
05/01/2021,23.0,13.2,0.0,20.5,Karachi
06/01/2021,23.9,11.8,0.0,16.3,Karachi
07/01/2021,24.1,12.0,0.0,22.5,Karachi
08/01/2021,21.9,10.2,0.0,24.6,Karachi
09/01/2021,23.2,10.1,0.0,26.5,Karachi
10/01/2021,24.4,11.5,0.0,20.2,Karachi
11/01/2021,25.5,10.9,0.0,15.1,Karachi
12/01/2021,23.7,11.1,0.0,16.6,Karachi
13/01/2021,22.6,11.6,0.0,14.6,Karachi
14/01/2021,22.4,12.2,0.0,14.8,Karachi
15/01/2021,23.6,12.9,0.0,17.9,Karachi
16/01/2021,25.5,11.9,0.0,13.5,Karachi
17/01/2021,21.8,11.2,0.0,16.8,Karachi
18/01/2021,25.0,14.7,0.0,23.7,Karachi
19/01/2021,23.5,12.9,0.0,21.8,Karachi
20/01/2021,22.4,13.4,0.0,17.3,Karachi
21/01/2021,24.2,16.0,0.0,21.1,Karachi
22/01/2021,25.0,19.2,0.0,27.7,Karachi
23/01/2021,26.6,17.0,0.0,28.3,Karachi
24/01/2021,23.1,10.7,0.0,19.8,Karachi
25/01/2021,23.0,11.6,0.0,15.8,Karachi
26/01/2021,22.1,11.6,0.0,15.9,Karachi
27/01/2021,23.2,12.2,0.0,15.6,Karachi
28/01/2021,24.0,12.1,0.0,19.7,Karachi
29/01/2021,22.9,11.6,0.0,15.8,Karachi
30/01/2021,22.9,12.1,0.0,16.1,Karachi
31/01/2021,24.0,15.4,0.0,21.7,Karachi
01/02/2021,23.7,17.4,0.0,17.2,Karachi
02/02/2021,24.2,17.5,0.0,18.9,Karachi
03/02/2021,25.1,16.4,0.0,19.5,Karachi
04/02/2021,27.6,16.9,0.0,24.2,Karachi
05/02/2021,25.1,15.3,0.0,22.6,Karachi
06/02/2021,25.4,13.3,0.0,18.3,Karachi
07/02/2021,25.9,13.9,0.0,16.9,Karachi
08/02/2021,26.6,13.6,0.0,19.0,Karachi
09/02/2021,25.6,16.8,0.0,20.6,Karachi
10/02/2021,27.6,15.2,0.0,14.8,Karachi
11/02/2021,28.9,17.0,0.0,15.1,Karachi
12/02/2021,27.8,15.5,0.0,16.1,Karachi
13/02/2021,27.5,15.7,0.0,18.5,Karachi
14/02/2021,26.4,17.4,0.0,23.3,Karachi
15/02/2021,25.7,18.1,0.0,22.8,Karachi
16/02/2021,25.9,17.4,0.0,21.0,Karachi
17/02/2021,28.6,17.1,0.0,20.4,Karachi
18/02/2021,30.1,16.7,0.0,18.4,Karachi
19/02/2021,30.6,17.4,0.0,17.4,Karachi
20/02/2021,30.1,17.1,0.0,18.4,Karachi
21/02/2021,30.0,17.7,0.0,19.7,Karachi
22/02/2021,29.6,16.7,0.0,18.7,Karachi
23/02/2021,27.1,19.9,0.0,26.6,Karachi
24/02/2021,26.4,21.4,0.0,25.8,Karachi
25/02/2021,28.7,21.1,0.0,24.2,Karachi
26/02/2021,29.9,21.9,0.0,24.1,Karachi
27/02/2021,30.9,22.4,0.0,23.1,Karachi
28/02/2021,30.4,19.5,0.0,24.7,Karachi
01/03/2021,30.3,17.2,0.0,25.5,Karachi
02/03/2021,29.2,16.9,0.0,22.2,Karachi
03/03/2021,28.7,18.8,0.0,24.5,Karachi
04/03/2021,29.4,20.2,0.0,24.0,Karachi
05/03/2021,29.6,19.8,0.0,22.0,Karachi
06/03/2021,28.0,19.5,0.0,24.0,Karachi
07/03/2021,29.1,22.1,0.0,28.2,Karachi
08/03/2021,28.6,22.6,0.0,23.0,Karachi
09/03/2021,29.6,20.6,0.0,23.3,Karachi
10/03/2021,27.1,20.4,0.0,23.5,Karachi
11/03/2021,27.2,20.0,0.0,22.3,Karachi
12/03/2021,28.4,21.5,0.0,21.2,Karachi
13/03/2021,32.7,21.1,0.0,24.5,Karachi
14/03/2021,30.0,20.1,0.0,21.6,Karachi
15/03/2021,30.1,22.2,0.0,25.0,Karachi
16/03/2021,30.2,21.8,0.0,27.8,Karachi
17/03/2021,29.1,22.0,0.0,23.8,Karachi
18/03/2021,28.3,22.0,0.0,24.5,Karachi
19/03/2021,32.2,21.2,0.0,27.8,Karachi
20/03/2021,30.4,20.5,0.0,24.4,Karachi
21/03/2021,28.2,22.4,0.0,26.2,Karachi
22/03/2021,28.3,24.1,0.0,25.5,Karachi
23/03/2021,29.1,21.4,0.0,23.2,Karachi
24/03/2021,31.4,21.0,0.0,20.4,Karachi
25/03/2021,33.2,21.5,0.0,21.1,Karachi
26/03/2021,35.4,21.6,0.0,22.2,Karachi
27/03/2021,33.3,22.9,0.0,21.8,Karachi
28/03/2021,30.7,23.1,0.0,26.9,Karachi
29/03/2021,30.4,24.8,0.0,27.9,Karachi
30/03/2021,37.8,24.5,0.0,23.5,Karachi
31/03/2021,38.8,24.2,0.0,29.0,Karachi
01/04/2021,36.7,25.1,0.0,28.8,Karachi
02/04/2021,37.6,22.0,0.0,24.0,Karachi
03/04/2021,40.5,23.5,0.0,25.6,Karachi
04/04/2021,32.8,23.0,0.0,22.6,Karachi
05/04/2021,30.8,24.5,0.0,27.3,Karachi
06/04/2021,31.1,25.1,0.0,26.9,Karachi
07/04/2021,35.9,24.5,0.0,28.7,Karachi
08/04/2021,33.0,23.5,0.0,23.0,Karachi
09/04/2021,31.5,21.8,0.0,23.1,Karachi
10/04/2021,35.9,23.3,0.0,24.5,Karachi
11/04/2021,37.0,24.0,0.0,29.9,Karachi
12/04/2021,32.5,23.9,0.0,28.2,Karachi
13/04/2021,30.2,23.6,0.0,23.5,Karachi
14/04/2021,29.4,23.5,0.0,27.9,Karachi
15/04/2021,30.1,25.4,0.0,31.2,Karachi
16/04/2021,32.0,25.5,0.0,26.1,Karachi
17/04/2021,31.6,25.1,0.0,24.8,Karachi
18/04/2021,31.6,24.3,0.0,24.3,Karachi
19/04/2021,32.6,25.1,0.0,27.1,Karachi
20/04/2021,33.4,24.7,0.1,34.6,Karachi
21/04/2021,32.2,25.8,0.0,28.3,Karachi
22/04/2021,33.0,24.5,0.0,27.4,Karachi
23/04/2021,35.5,26.4,0.0,31.4,Karachi
24/04/2021,32.9,24.5,0.0,26.2,Karachi
25/04/2021,33.3,24.6,0.0,26.8,Karachi
26/04/2021,32.5,24.5,0.0,23.4,Karachi
27/04/2021,31.1,24.9,0.0,23.6,Karachi
28/04/2021,31.1,25.5,0.0,22.6,Karachi
29/04/2021,30.6,25.8,0.0,23.7,Karachi
30/04/2021,32.9,26.0,0.0,29.2,Karachi
01/05/2021,34.0,27.0,0.0,44.7,Karachi
02/05/2021,33.5,26.8,0.0,29.7,Karachi
03/05/2021,31.5,26.0,0.0,26.2,Karachi
04/05/2021,32.4,27.2,0.0,31.5,Karachi
05/05/2021,33.7,27.0,0.0,33.6,Karachi
06/05/2021,34.2,27.2,0.0,30.6,Karachi
07/05/2021,32.8,27.0,0.0,27.2,Karachi
08/05/2021,33.5,27.0,0.0,27.0,Karachi
09/05/2021,33.8,27.2,0.0,31.3,Karachi
10/05/2021,31.9,27.0,0.0,32.2,Karachi
11/05/2021,32.3,27.6,0.0,35.3,Karachi
12/05/2021,32.1,27.8,0.0,35.1,Karachi
13/05/2021,33.8,27.6,0.0,36.3,Karachi
14/05/2021,31.6,27.5,0.0,29.2,Karachi
15/05/2021,33.0,26.7,0.0,24.2,Karachi
16/05/2021,39.1,25.9,0.0,24.7,Karachi
17/05/2021,42.9,30.9,0.0,34.2,Karachi
18/05/2021,37.5,30.5,0.0,29.1,Karachi
19/05/2021,33.2,28.0,0.0,23.2,Karachi
20/05/2021,32.8,27.9,0.0,26.6,Karachi
21/05/2021,32.8,28.1,0.0,27.5,Karachi
22/05/2021,32.9,28.5,0.0,27.7,Karachi
23/05/2021,32.8,28.9,0.0,24.9,Karachi
24/05/2021,33.0,28.4,0.0,30.5,Karachi
25/05/2021,33.2,28.4,0.0,34.5,Karachi
26/05/2021,33.8,28.6,0.0,33.0,Karachi
27/05/2021,33.7,28.5,0.0,27.5,Karachi
28/05/2021,33.0,28.5,0.0,28.3,Karachi
29/05/2021,32.9,28.9,0.0,28.5,Karachi
30/05/2021,33.0,28.6,0.0,31.9,Karachi
31/05/2021,33.4,28.4,0.0,34.1,Karachi
01/06/2021,33.2,28.4,0.0,31.7,Karachi
02/06/2021,32.5,28.7,0.0,27.8,Karachi
03/06/2021,32.4,28.7,0.2,23.7,Karachi
04/06/2021,32.0,28.6,0.0,22.2,Karachi
05/06/2021,32.0,28.6,0.1,24.2,Karachi
06/06/2021,31.7,28.2,0.2,21.4,Karachi
07/06/2021,32.5,28.5,0.0,28.6,Karachi
08/06/2021,32.8,29.0,0.5,34.9,Karachi
09/06/2021,31.9,28.6,0.3,37.5,Karachi
10/06/2021,32.6,28.5,0.6,33.5,Karachi
11/06/2021,32.5,28.6,0.0,35.0,Karachi
12/06/2021,31.6,28.8,2.2,36.7,Karachi
13/06/2021,32.3,28.7,0.4,31.3,Karachi
14/06/2021,31.0,28.5,0.6,29.0,Karachi
15/06/2021,31.8,28.1,0.6,29.2,Karachi
16/06/2021,31.8,28.8,0.9,25.0,Karachi
17/06/2021,31.6,28.6,1.2,21.7,Karachi
18/06/2021,32.0,28.2,0.0,23.7,Karachi
19/06/2021,32.2,28.7,0.2,28.6,Karachi
20/06/2021,32.5,28.6,0.0,31.8,Karachi
21/06/2021,32.4,28.9,0.5,32.8,Karachi
22/06/2021,32.3,28.4,0.2,30.9,Karachi
23/06/2021,32.0,28.4,0.0,28.9,Karachi
24/06/2021,31.8,28.3,0.0,32.8,Karachi
25/06/2021,32.2,28.4,0.0,37.7,Karachi
26/06/2021,31.8,28.3,0.2,34.6,Karachi
27/06/2021,32.1,28.1,0.0,30.6,Karachi
28/06/2021,32.2,28.1,0.0,31.7,Karachi
29/06/2021,32.0,28.1,0.0,31.4,Karachi
30/06/2021,32.2,28.1,0.0,35.6,Karachi
01/07/2021,32.4,28.4,0.0,34.4,Karachi
02/07/2021,31.4,28.5,0.9,35.4,Karachi
03/07/2021,30.7,28.2,1.4,32.7,Karachi
04/07/2021,30.6,27.9,1.1,32.3,Karachi
05/07/2021,31.1,27.5,0.0,27.6,Karachi
06/07/2021,31.2,27.5,0.6,28.5,Karachi
07/07/2021,30.8,27.7,0.2,36.1,Karachi
08/07/2021,31.0,28.1,0.3,38.6,Karachi
09/07/2021,31.2,28.2,0.4,34.5,Karachi
10/07/2021,31.0,28.0,0.9,25.6,Karachi
11/07/2021,31.7,27.7,0.1,23.3,Karachi
12/07/2021,32.1,27.8,0.0,20.5,Karachi
13/07/2021,37.5,27.6,3.0,23.1,Karachi
14/07/2021,37.6,28.6,6.5,28.7,Karachi
15/07/2021,36.7,28.6,7.3,27.3,Karachi
16/07/2021,32.0,27.5,42.8,19.4,Karachi
17/07/2021,30.6,28.0,1.9,24.6,Karachi
18/07/2021,31.3,28.2,2.2,41.7,Karachi
19/07/2021,30.5,28.2,0.2,45.7,Karachi
20/07/2021,30.6,28.5,1.6,45.5,Karachi
21/07/2021,31.1,28.4,0.0,40.7,Karachi
22/07/2021,31.4,28.0,0.0,29.5,Karachi
23/07/2021,31.4,27.9,0.5,23.6,Karachi
24/07/2021,31.0,28.1,0.2,28.6,Karachi
25/07/2021,30.9,28.0,0.5,34.3,Karachi
26/07/2021,30.8,27.9,1.0,35.2,Karachi
27/07/2021,30.1,28.0,1.3,40.1,Karachi
28/07/2021,30.2,27.9,0.9,38.5,Karachi
29/07/2021,30.7,27.8,0.7,34.5,Karachi
30/07/2021,30.4,27.6,0.4,35.9,Karachi
31/07/2021,30.2,27.4,0.7,40.7,Karachi
01/08/2021,29.9,27.0,1.0,38.0,Karachi
02/08/2021,29.8,26.9,2.3,34.5,Karachi
03/08/2021,29.0,26.6,1.1,34.4,Karachi
04/08/2021,29.4,26.6,0.7,33.1,Karachi
05/08/2021,29.4,26.3,0.3,26.5,Karachi
06/08/2021,30.0,26.5,0.2,24.9,Karachi
07/08/2021,29.7,26.4,0.2,23.8,Karachi
08/08/2021,29.0,26.4,0.3,24.1,Karachi
09/08/2021,29.5,26.3,1.1,25.6,Karachi
10/08/2021,29.2,25.8,0.9,29.0,Karachi
11/08/2021,29.8,26.0,0.4,33.3,Karachi
12/08/2021,29.3,26.0,0.5,30.3,Karachi
13/08/2021,29.0,26.0,0.8,28.8,Karachi
14/08/2021,28.5,25.8,0.8,33.3,Karachi
15/08/2021,29.2,25.9,0.7,30.5,Karachi
16/08/2021,29.0,25.9,0.6,23.4,Karachi
17/08/2021,29.4,25.7,0.3,22.9,Karachi
18/08/2021,30.1,25.9,0.4,28.7,Karachi
19/08/2021,29.6,25.8,0.0,33.1,Karachi
20/08/2021,29.8,26.0,0.1,30.8,Karachi
21/08/2021,29.5,25.6,0.1,25.6,Karachi
22/08/2021,29.8,25.5,0.0,24.9,Karachi
23/08/2021,29.5,25.5,0.0,27.2,Karachi
24/08/2021,29.6,26.1,0.0,34.2,Karachi
25/08/2021,29.5,26.1,0.2,37.6,Karachi
26/08/2021,29.4,26.1,0.0,33.5,Karachi
27/08/2021,29.5,26.1,0.0,28.7,Karachi
28/08/2021,29.2,25.9,0.1,24.0,Karachi
29/08/2021,29.0,26.0,0.0,21.4,Karachi
30/08/2021,30.0,25.7,0.6,24.9,Karachi
31/08/2021,31.4,26.4,0.0,26.9,Karachi
01/09/2021,34.0,26.4,0.3,31.3,Karachi
02/09/2021,36.8,27.6,0.1,27.6,Karachi
03/09/2021,34.8,27.6,0.1,27.6,Karachi
04/09/2021,29.9,27.0,0.0,28.6,Karachi
05/09/2021,30.5,26.8,0.0,28.1,Karachi
06/09/2021,29.9,26.5,0.0,23.2,Karachi
07/09/2021,31.2,26.6,0.0,22.0,Karachi
08/09/2021,32.3,26.6,0.0,25.9,Karachi
09/09/2021,32.1,27.2,0.0,29.2,Karachi
10/09/2021,31.5,27.1,0.0,25.6,Karachi
11/09/2021,31.8,26.8,0.0,24.2,Karachi
12/09/2021,32.3,26.8,0.0,24.3,Karachi
13/09/2021,31.9,26.6,0.0,27.8,Karachi
14/09/2021,37.2,26.3,0.3,22.2,Karachi
15/09/2021,38.5,28.2,0.8,24.4,Karachi
16/09/2021,34.7,28.9,0.0,22.5,Karachi
17/09/2021,32.3,28.0,0.0,19.9,Karachi
18/09/2021,32.0,27.2,0.0,24.7,Karachi
19/09/2021,32.0,27.8,0.0,27.6,Karachi
20/09/2021,31.6,27.9,0.0,34.3,Karachi
21/09/2021,31.5,27.9,0.1,33.2,Karachi
22/09/2021,31.4,27.5,0.0,24.7,Karachi
23/09/2021,31.6,27.0,0.0,27.9,Karachi
24/09/2021,35.0,26.8,1.8,20.1,Karachi
25/09/2021,33.0,27.0,0.0,22.0,Karachi
26/09/2021,31.0,27.0,0.0,20.0,Karachi
27/09/2021,32.7,27.0,0.1,23.8,Karachi
28/09/2021,35.4,27.3,0.9,23.9,Karachi
29/09/2021,38.7,27.6,5.6,27.6,Karachi
30/09/2021,32.2,27.3,19.7,47.1,Karachi
01/10/2021,28.2,26.2,34.8,42.9,Karachi
02/10/2021,28.5,26.2,3.9,29.6,Karachi
03/10/2021,29.5,26.6,0.0,24.7,Karachi
04/10/2021,29.4,26.4,0.0,29.4,Karachi
05/10/2021,29.1,25.9,0.0,23.8,Karachi
06/10/2021,29.0,25.2,0.0,17.9,Karachi
07/10/2021,30.9,25.5,0.0,19.7,Karachi
08/10/2021,30.0,25.9,0.0,18.0,Karachi
09/10/2021,29.4,25.0,0.0,20.7,Karachi
10/10/2021,29.0,25.6,0.0,23.3,Karachi
11/10/2021,31.1,25.2,0.0,18.8,Karachi
12/10/2021,29.5,24.1,0.0,16.6,Karachi
13/10/2021,33.3,23.0,0.0,17.9,Karachi
14/10/2021,32.7,22.0,0.0,19.7,Karachi
15/10/2021,33.1,20.8,0.0,19.4,Karachi
16/10/2021,32.5,21.6,0.0,18.1,Karachi
17/10/2021,32.8,21.3,0.0,19.9,Karachi
18/10/2021,29.8,21.2,0.0,18.7,Karachi
19/10/2021,28.8,22.4,0.0,21.1,Karachi
20/10/2021,28.5,21.5,0.0,22.1,Karachi
21/10/2021,29.2,24.2,0.0,26.4,Karachi
22/10/2021,29.4,25.4,0.0,31.0,Karachi
23/10/2021,31.0,24.0,0.0,31.0,Karachi
24/10/2021,31.5,20.8,0.0,23.6,Karachi
25/10/2021,32.2,20.9,0.0,23.9,Karachi
26/10/2021,30.3,20.1,0.0,23.7,Karachi
27/10/2021,29.9,20.4,0.0,16.6,Karachi
28/10/2021,30.6,20.2,0.0,16.2,Karachi
29/10/2021,32.5,20.5,0.0,24.5,Karachi
30/10/2021,31.2,19.8,0.0,22.4,Karachi
31/10/2021,29.1,20.8,0.0,19.3,Karachi
01/11/2021,33.3,21.5,0.0,22.9,Karachi
02/11/2021,29.0,21.9,0.0,15.3,Karachi
03/11/2021,32.2,20.7,0.0,13.1,Karachi
04/11/2021,31.6,20.7,0.0,22.9,Karachi
05/11/2021,32.5,19.6,0.0,18.4,Karachi
06/11/2021,31.0,19.5,0.0,18.3,Karachi
07/11/2021,31.2,20.2,0.0,20.5,Karachi
08/11/2021,32.4,19.9,0.0,15.9,Karachi
09/11/2021,33.0,20.4,0.0,22.2,Karachi
10/11/2021,33.3,20.0,0.0,21.4,Karachi
11/11/2021,29.9,18.0,0.0,19.0,Karachi
12/11/2021,31.1,18.8,0.0,23.4,Karachi
13/11/2021,30.2,19.5,0.0,20.2,Karachi
14/11/2021,30.5,19.0,0.0,20.4,Karachi
15/11/2021,30.1,17.5,0.0,13.0,Karachi
16/11/2021,30.0,17.0,0.0,19.0,Karachi
17/11/2021,31.2,18.3,0.0,23.2,Karachi
18/11/2021,31.1,18.2,0.0,20.4,Karachi
19/11/2021,30.1,18.1,0.0,23.2,Karachi
20/11/2021,30.5,17.7,0.0,18.1,Karachi
21/11/2021,31.2,18.5,0.0,24.3,Karachi
22/11/2021,31.0,19.1,0.0,18.8,Karachi
23/11/2021,28.0,17.5,0.0,18.4,Karachi
24/11/2021,27.6,19.2,0.0,15.6,Karachi
25/11/2021,27.4,20.9,0.0,16.4,Karachi
26/11/2021,29.0,18.5,0.0,19.6,Karachi
27/11/2021,27.1,20.5,0.0,15.3,Karachi
28/11/2021,30.9,18.0,0.0,21.0,Karachi
29/11/2021,31.5,20.1,0.0,27.1,Karachi
30/11/2021,30.8,20.5,0.0,25.1,Karachi
01/12/2021,30.4,19.5,0.0,21.6,Karachi
02/12/2021,29.2,18.7,0.0,24.1,Karachi
03/12/2021,28.1,18.8,0.0,21.8,Karachi
04/12/2021,28.0,17.5,0.0,22.8,Karachi
05/12/2021,27.8,16.5,0.0,20.5,Karachi
06/12/2021,27.2,17.3,0.0,12.9,Karachi
07/12/2021,27.5,18.1,0.0,20.0,Karachi
08/12/2021,27.6,16.6,0.0,15.6,Karachi
09/12/2021,27.4,15.7,0.0,18.0,Karachi
10/12/2021,27.5,17.0,0.0,23.2,Karachi
11/12/2021,26.0,14.5,0.0,17.5,Karachi
12/12/2021,24.3,14.7,0.0,15.0,Karachi
13/12/2021,25.0,15.1,0.0,19.8,Karachi
14/12/2021,26.0,14.4,0.0,12.3,Karachi
15/12/2021,24.3,13.1,0.0,16.7,Karachi
16/12/2021,23.8,13.1,0.0,23.5,Karachi
17/12/2021,23.5,13.1,0.0,26.2,Karachi
18/12/2021,23.8,12.6,0.0,22.1,Karachi
19/12/2021,24.2,11.9,0.0,14.6,Karachi
20/12/2021,23.0,11.9,0.0,14.3,Karachi
21/12/2021,24.9,17.9,0.0,15.0,Karachi
22/12/2021,23.5,17.8,0.0,16.6,Karachi
23/12/2021,25.8,20.2,0.0,17.5,Karachi
24/12/2021,24.6,19.4,0.0,15.1,Karachi
25/12/2021,24.2,19.0,0.1,16.3,Karachi
26/12/2021,24.9,19.4,1.6,23.1,Karachi
27/12/2021,22.5,17.5,14.8,18.4,Karachi
28/12/2021,22.1,15.9,0.2,26.8,Karachi
29/12/2021,21.6,14.6,0.0,23.5,Karachi
30/12/2021,22.0,13.2,0.0,22.2,Karachi
31/12/2021,21.8,15.6,0.0,27.2,Karachi
01/01/2022,22.6,13.9,0.0,23.4,Karachi
02/01/2022,23.8,13.7,0.0,27.0,Karachi
03/01/2022,24.5,15.2,0.0,23.1,Karachi
04/01/2022,24.6,15.8,6.7,17.2,Karachi
05/01/2022,20.5,16.2,22.6,22.2,Karachi
06/01/2022,20.2,15.2,13.0,16.9,Karachi
07/01/2022,19.5,14.5,3.1,18.6,Karachi
08/01/2022,19.0,12.6,0.0,17.2,Karachi
09/01/2022,20.5,11.5,0.0,13.6,Karachi
10/01/2022,19.2,11.8,0.0,12.6,Karachi
11/01/2022,20.3,12.3,0.0,14.2,Karachi
12/01/2022,20.6,11.9,0.0,13.9,Karachi
13/01/2022,20.6,12.2,0.0,13.3,Karachi
14/01/2022,21.8,12.1,0.0,17.4,Karachi
15/01/2022,21.5,12.9,0.0,24.1,Karachi
16/01/2022,21.8,13.7,0.0,26.6,Karachi
17/01/2022,23.8,14.3,0.0,19.4,Karachi
18/01/2022,24.7,14.1,0.0,19.0,Karachi
19/01/2022,23.7,13.3,0.0,25.6,Karachi
20/01/2022,25.4,20.5,0.0,27.9,Karachi
21/01/2022,25.6,21.6,0.0,44.6,Karachi
22/01/2022,21.3,15.1,0.0,41.9,Karachi
23/01/2022,19.8,11.1,0.0,27.0,Karachi
24/01/2022,20.0,10.2,0.0,15.0,Karachi
25/01/2022,20.2,10.3,0.0,12.7,Karachi
26/01/2022,22.0,11.1,0.0,14.2,Karachi
27/01/2022,21.8,10.9,0.0,12.9,Karachi
28/01/2022,22.0,11.1,0.0,13.5,Karachi
29/01/2022,23.5,15.1,0.0,19.1,Karachi
30/01/2022,23.6,16.1,0.0,18.0,Karachi
31/01/2022,25.6,19.5,0.0,22.4,Karachi
01/02/2022,25.0,15.3,0.0,13.6,Karachi
02/02/2022,25.5,17.2,0.0,31.8,Karachi
03/02/2022,26.5,17.0,0.0,31.5,Karachi
04/02/2022,24.6,14.9,0.0,20.9,Karachi
05/02/2022,23.5,17.6,0.0,22.7,Karachi
06/02/2022,24.5,18.6,0.0,24.4,Karachi
07/02/2022,25.0,18.0,0.7,20.3,Karachi
08/02/2022,24.5,19.7,1.5,20.6,Karachi
09/02/2022,24.1,15.8,0.0,21.5,Karachi
10/02/2022,24.5,15.8,0.0,16.5,Karachi
11/02/2022,25.6,15.1,0.0,17.7,Karachi
12/02/2022,25.7,14.6,0.0,19.1,Karachi
13/02/2022,23.6,17.0,0.0,18.8,Karachi
14/02/2022,23.5,14.9,0.0,22.1,Karachi
15/02/2022,26.8,16.5,0.0,22.7,Karachi
16/02/2022,26.7,15.8,0.0,20.6,Karachi
17/02/2022,26.7,17.8,0.0,19.6,Karachi
18/02/2022,26.9,15.8,0.0,24.7,Karachi
19/02/2022,27.9,16.9,0.0,22.1,Karachi
20/02/2022,28.6,18.0,0.0,24.3,Karachi
21/02/2022,26.9,20.9,0.0,30.2,Karachi
22/02/2022,27.4,21.8,0.0,35.6,Karachi
23/02/2022,30.1,19.6,0.0,23.9,Karachi
24/02/2022,25.8,17.6,0.0,19.6,Karachi
25/02/2022,26.9,18.8,0.0,22.7,Karachi
26/02/2022,28.1,18.8,0.0,21.5,Karachi
27/02/2022,29.9,20.0,0.0,31.2,Karachi
28/02/2022,28.8,19.3,0.0,18.6,Karachi
01/03/2022,27.8,18.4,0.0,22.2,Karachi
02/03/2022,27.1,20.1,0.0,22.6,Karachi
03/03/2022,27.2,18.3,0.0,21.2,Karachi
04/03/2022,27.1,18.5,0.0,18.2,Karachi
05/03/2022,29.1,17.6,0.0,19.8,Karachi
06/03/2022,28.0,19.7,0.0,24.7,Karachi
07/03/2022,29.8,20.6,0.0,25.6,Karachi
08/03/2022,31.2,20.0,0.0,30.4,Karachi
09/03/2022,30.2,19.0,0.0,25.4,Karachi
10/03/2022,28.6,19.6,0.0,20.6,Karachi
11/03/2022,31.0,20.5,0.0,21.5,Karachi
12/03/2022,32.4,21.6,0.0,21.6,Karachi
13/03/2022,33.3,21.5,0.0,22.1,Karachi
14/03/2022,31.1,21.4,0.0,24.1,Karachi
15/03/2022,29.8,22.6,0.0,24.2,Karachi
16/03/2022,29.2,20.9,0.0,24.0,Karachi
17/03/2022,29.9,22.2,0.0,28.4,Karachi
18/03/2022,30.8,23.1,0.0,28.2,Karachi
19/03/2022,32.2,24.0,0.0,29.5,Karachi
20/03/2022,29.9,23.2,0.0,31.3,Karachi
21/03/2022,27.5,21.1,0.0,19.2,Karachi
22/03/2022,28.0,22.5,0.0,27.4,Karachi
23/03/2022,29.4,22.9,0.0,30.3,Karachi
24/03/2022,30.8,22.5,0.0,25.3,Karachi
25/03/2022,36.1,22.1,0.0,22.8,Karachi
26/03/2022,32.4,21.5,0.0,22.1,Karachi
27/03/2022,35.6,22.7,0.0,25.8,Karachi
28/03/2022,31.5,24.0,0.0,28.9,Karachi
29/03/2022,31.6,24.6,0.0,29.1,Karachi
30/03/2022,37.6,21.0,0.0,24.8,Karachi
31/03/2022,34.3,22.0,0.0,22.8,Karachi
01/04/2022,34.2,20.8,0.0,19.5,Karachi
02/04/2022,32.8,20.1,0.0,19.7,Karachi
03/04/2022,31.4,21.2,0.0,24.4,Karachi
04/04/2022,31.0,21.6,0.0,23.9,Karachi
05/04/2022,34.0,23.6,0.0,25.0,Karachi
06/04/2022,33.7,23.6,0.0,27.7,Karachi
07/04/2022,35.7,24.9,0.0,27.8,Karachi
08/04/2022,34.2,26.0,0.0,31.8,Karachi
09/04/2022,32.7,25.4,0.0,27.6,Karachi
10/04/2022,32.5,24.4,0.0,25.8,Karachi
11/04/2022,30.3,24.4,0.0,25.7,Karachi
12/04/2022,30.1,24.7,0.0,26.8,Karachi
13/04/2022,30.8,25.5,0.0,27.4,Karachi
14/04/2022,31.2,24.5,0.0,26.3,Karachi
15/04/2022,32.8,24.4,0.0,30.1,Karachi
16/04/2022,32.2,25.4,0.0,28.0,Karachi
17/04/2022,31.1,25.6,0.0,26.6,Karachi
18/04/2022,30.8,26.2,0.0,26.6,Karachi
19/04/2022,30.6,25.8,0.0,28.0,Karachi
20/04/2022,32.1,25.6,0.0,28.3,Karachi
21/04/2022,32.0,25.8,0.0,27.8,Karachi
22/04/2022,31.8,25.4,0.0,29.7,Karachi
23/04/2022,31.1,25.5,0.0,28.5,Karachi
24/04/2022,31.8,25.6,0.0,31.2,Karachi
25/04/2022,32.8,25.9,0.0,31.6,Karachi
26/04/2022,32.8,26.1,0.0,30.7,Karachi
27/04/2022,32.5,26.1,0.0,27.2,Karachi
28/04/2022,33.2,26.2,0.0,30.4,Karachi
29/04/2022,34.2,28.5,0.0,33.6,Karachi
30/04/2022,35.2,28.4,0.0,33.5,Karachi
01/05/2022,34.7,28.0,0.0,33.3,Karachi
02/05/2022,32.4,27.7,0.0,39.2,Karachi
03/05/2022,33.0,27.2,0.0,31.0,Karachi
04/05/2022,31.2,26.5,0.0,29.3,Karachi
05/05/2022,30.5,25.5,0.0,26.0,Karachi
06/05/2022,31.5,25.3,0.0,28.8,Karachi
07/05/2022,30.8,25.8,0.0,29.1,Karachi
08/05/2022,30.9,25.4,0.0,30.3,Karachi
09/05/2022,31.0,26.7,0.0,28.1,Karachi
10/05/2022,31.6,26.8,0.0,25.0,Karachi
11/05/2022,32.5,26.5,0.0,33.0,Karachi
12/05/2022,34.5,26.8,0.0,30.1,Karachi
13/05/2022,36.0,28.6,0.0,38.9,Karachi
14/05/2022,36.2,28.0,0.0,39.6,Karachi
15/05/2022,31.8,27.1,0.0,35.9,Karachi
16/05/2022,37.0,27.3,0.0,29.7,Karachi
17/05/2022,35.0,27.5,0.0,30.0,Karachi
18/05/2022,33.3,27.0,0.0,29.6,Karachi
19/05/2022,31.9,26.6,0.0,27.3,Karachi
20/05/2022,31.9,26.9,0.0,31.8,Karachi
21/05/2022,32.0,27.6,0.0,36.2,Karachi
22/05/2022,32.1,27.5,0.0,35.0,Karachi
23/05/2022,36.6,27.5,0.0,36.7,Karachi
24/05/2022,32.4,27.0,0.1,30.7,Karachi
25/05/2022,32.0,27.3,0.0,29.9,Karachi
26/05/2022,31.4,27.3,0.5,33.4,Karachi
27/05/2022,31.8,27.5,0.0,38.3,Karachi
28/05/2022,31.8,27.5,0.0,37.2,Karachi
29/05/2022,31.8,27.2,0.0,39.1,Karachi
30/05/2022,31.5,26.8,0.0,35.3,Karachi
31/05/2022,31.5,27.1,0.2,33.0,Karachi
01/06/2022,31.9,27.1,0.0,33.6,Karachi
02/06/2022,32.9,26.8,0.0,36.7,Karachi
03/06/2022,32.4,26.8,0.0,37.4,Karachi
04/06/2022,31.8,26.8,0.0,34.4,Karachi
05/06/2022,31.4,27.0,0.0,33.5,Karachi
06/06/2022,31.1,26.5,0.0,30.9,Karachi
07/06/2022,30.8,26.8,0.0,32.3,Karachi
08/06/2022,31.1,27.1,0.0,36.2,Karachi
09/06/2022,31.3,27.2,0.2,34.4,Karachi
10/06/2022,30.6,27.2,2.7,30.1,Karachi
11/06/2022,30.5,27.5,2.1,25.8,Karachi
12/06/2022,30.4,27.3,1.3,24.6,Karachi
13/06/2022,30.9,27.7,1.2,23.5,Karachi
14/06/2022,31.2,27.4,0.7,23.5,Karachi
15/06/2022,31.3,27.8,1.4,32.1,Karachi
16/06/2022,31.1,28.0,1.7,34.2,Karachi
17/06/2022,31.3,28.1,1.2,31.0,Karachi
18/06/2022,31.3,28.0,2.7,29.1,Karachi
19/06/2022,31.1,28.0,1.3,28.9,Karachi
20/06/2022,30.7,28.0,1.0,38.5,Karachi
21/06/2022,31.6,28.0,0.1,33.5,Karachi
22/06/2022,31.1,27.8,0.9,23.0,Karachi
23/06/2022,34.1,27.1,0.0,26.8,Karachi
24/06/2022,34.5,27.1,0.0,29.2,Karachi
25/06/2022,32.5,27.2,0.0,30.3,Karachi
26/06/2022,33.0,28.0,0.0,28.9,Karachi
27/06/2022,32.7,27.7,0.0,26.9,Karachi
28/06/2022,32.0,28.4,0.2,23.1,Karachi
29/06/2022,31.8,28.6,3.7,31.2,Karachi
30/06/2022,32.1,28.5,1.1,32.5,Karachi
01/07/2022,32.1,28.6,0.7,29.4,Karachi
02/07/2022,30.9,28.6,1.5,27.9,Karachi
03/07/2022,30.9,28.5,0.3,18.9,Karachi
04/07/2022,31.9,28.5,25.6,17.2,Karachi
05/07/2022,30.0,27.0,12.4,16.0,Karachi
06/07/2022,31.3,27.8,27.9,21.6,Karachi
07/07/2022,30.8,27.3,2.6,23.8,Karachi
08/07/2022,29.9,26.4,16.9,20.3,Karachi
09/07/2022,28.3,26.5,34.0,23.4,Karachi
10/07/2022,29.2,26.9,6.8,22.4,Karachi
11/07/2022,29.1,26.4,18.6,29.8,Karachi
12/07/2022,30.0,27.4,2.3,28.5,Karachi
13/07/2022,30.3,27.8,1.0,22.1,Karachi
14/07/2022,32.1,27.6,0.4,16.4,Karachi
15/07/2022,32.9,27.9,4.8,29.1,Karachi
16/07/2022,31.9,26.9,19.1,39.0,Karachi
17/07/2022,32.1,27.5,14.3,33.0,Karachi
18/07/2022,29.8,27.4,1.8,19.3,Karachi
19/07/2022,30.0,27.5,0.6,21.9,Karachi
20/07/2022,29.9,27.9,1.0,31.0,Karachi
21/07/2022,30.0,27.9,1.4,33.7,Karachi
22/07/2022,30.1,27.5,1.0,26.2,Karachi
23/07/2022,29.8,27.4,0.6,27.6,Karachi
24/07/2022,28.9,26.6,162.3,30.3,Karachi
25/07/2022,28.6,25.9,62.1,23.6,Karachi
26/07/2022,29.2,26.7,3.1,22.4,Karachi
27/07/2022,29.1,26.6,2.2,25.8,Karachi
28/07/2022,29.1,26.6,1.5,30.2,Karachi
29/07/2022,29.5,26.8,0.6,30.8,Karachi
30/07/2022,29.3,26.9,0.3,30.8,Karachi
31/07/2022,29.5,26.6,1.5,33.5,Karachi
01/08/2022,29.2,27.3,0.2,33.2,Karachi
02/08/2022,29.8,27.0,0.6,27.3,Karachi
03/08/2022,29.4,26.9,0.3,21.8,Karachi
04/08/2022,29.8,26.9,0.4,20.4,Karachi
05/08/2022,31.0,27.2,0.3,20.7,Karachi
06/08/2022,29.3,27.1,0.8,24.2,Karachi
07/08/2022,30.1,26.5,24.9,20.3,Karachi
08/08/2022,31.0,27.4,0.0,19.4,Karachi
09/08/2022,33.0,27.4,3.3,15.7,Karachi
10/08/2022,32.5,26.9,26.0,15.8,Karachi
11/08/2022,35.0,27.5,28.8,29.3,Karachi
12/08/2022,30.2,25.8,82.7,40.5,Karachi
13/08/2022,28.8,26.0,21.2,20.6,Karachi
14/08/2022,30.8,25.2,43.0,25.9,Karachi
15/08/2022,29.8,26.0,32.0,21.6,Karachi
16/08/2022,29.4,26.2,11.1,14.1,Karachi
17/08/2022,29.2,27.2,19.1,27.1,Karachi
18/08/2022,28.6,27.2,9.6,35.6,Karachi
19/08/2022,28.0,27.0,0.8,34.5,Karachi
20/08/2022,29.0,26.8,1.8,26.5,Karachi
21/08/2022,29.1,26.9,2.4,28.6,Karachi
22/08/2022,29.7,26.6,0.5,22.5,Karachi
23/08/2022,28.5,26.2,3.2,23.5,Karachi
24/08/2022,28.0,26.6,12.8,30.3,Karachi
25/08/2022,29.4,26.8,0.0,31.3,Karachi
26/08/2022,29.0,26.1,0.1,24.5,Karachi
27/08/2022,28.5,26.0,0.4,25.8,Karachi
28/08/2022,28.7,26.4,0.7,28.9,Karachi
29/08/2022,29.0,26.2,0.1,22.0,Karachi
30/08/2022,29.5,25.6,0.0,19.9,Karachi
31/08/2022,29.0,25.5,0.0,18.8,Karachi
01/09/2022,29.0,26.5,0.5,26.4,Karachi
02/09/2022,29.4,26.2,0.2,19.7,Karachi
03/09/2022,29.2,26.4,0.5,27.2,Karachi
04/09/2022,29.4,26.5,0.2,38.2,Karachi
05/09/2022,29.2,26.5,0.5,32.7,Karachi
06/09/2022,29.4,26.0,0.0,20.2,Karachi
07/09/2022,29.1,25.0,0.0,22.5,Karachi
08/09/2022,30.6,25.5,0.0,21.5,Karachi
09/09/2022,35.3,25.9,0.0,22.8,Karachi
10/09/2022,35.6,27.2,0.0,19.7,Karachi
11/09/2022,33.2,27.4,0.0,23.5,Karachi
12/09/2022,32.8,26.9,0.1,17.4,Karachi
13/09/2022,34.3,27.5,0.0,20.7,Karachi
14/09/2022,34.8,27.1,0.0,28.8,Karachi
15/09/2022,31.1,26.8,0.0,31.2,Karachi
16/09/2022,30.2,27.0,0.3,33.3,Karachi
17/09/2022,30.2,27.0,0.3,26.1,Karachi
18/09/2022,30.0,26.2,0.0,22.4,Karachi
19/09/2022,30.1,25.6,0.0,23.0,Karachi
20/09/2022,30.2,26.0,0.0,24.2,Karachi
21/09/2022,30.4,26.4,0.0,25.0,Karachi
22/09/2022,30.5,26.3,0.0,28.0,Karachi
23/09/2022,30.4,26.4,0.0,32.7,Karachi
24/09/2022,30.2,26.6,0.3,33.9,Karachi
25/09/2022,30.1,26.6,0.4,28.1,Karachi
26/09/2022,29.5,25.9,1.0,20.8,Karachi
27/09/2022,29.9,25.5,0.1,20.8,Karachi
28/09/2022,29.8,25.8,0.0,25.4,Karachi
29/09/2022,30.1,25.8,0.0,25.3,Karachi
30/09/2022,29.8,25.4,0.0,24.2,Karachi
01/10/2022,30.1,25.9,0.0,29.3,Karachi
02/10/2022,30.1,26.4,0.1,24.6,Karachi
03/10/2022,29.8,25.8,0.3,21.1,Karachi
04/10/2022,30.1,25.9,0.0,21.6,Karachi
05/10/2022,30.7,25.3,0.0,22.6,Karachi
06/10/2022,30.8,25.5,0.0,21.5,Karachi
07/10/2022,34.2,24.6,0.0,29.0,Karachi
08/10/2022,38.3,25.3,0.0,22.9,Karachi
09/10/2022,33.8,25.2,0.0,25.2,Karachi
10/10/2022,34.5,24.6,0.0,19.7,Karachi
11/10/2022,33.5,22.2,0.0,17.1,Karachi
12/10/2022,31.4,21.7,0.0,17.3,Karachi
13/10/2022,31.1,22.0,0.0,17.9,Karachi
14/10/2022,33.8,22.0,0.0,18.4,Karachi
15/10/2022,34.2,22.0,0.0,20.9,Karachi
16/10/2022,34.0,23.0,0.0,19.9,Karachi
17/10/2022,34.9,21.9,0.0,22.0,Karachi
18/10/2022,30.8,24.2,0.0,20.8,Karachi
19/10/2022,29.9,23.9,0.0,17.8,Karachi
20/10/2022,29.9,23.1,0.0,18.1,Karachi
21/10/2022,31.8,23.2,0.0,17.6,Karachi
22/10/2022,34.8,23.5,0.0,24.7,Karachi
23/10/2022,33.2,22.2,0.0,19.6,Karachi
24/10/2022,32.1,23.5,0.0,21.8,Karachi
25/10/2022,30.6,25.6,0.0,31.4,Karachi
26/10/2022,30.5,25.7,0.0,21.4,Karachi
27/10/2022,29.0,23.5,0.0,18.6,Karachi
28/10/2022,29.5,23.4,0.0,15.1,Karachi
29/10/2022,32.6,22.5,0.0,16.2,Karachi
30/10/2022,33.0,23.0,0.0,17.9,Karachi
31/10/2022,31.5,22.2,0.0,20.7,Karachi
01/11/2022,30.4,23.5,0.0,20.3,Karachi
02/11/2022,30.4,23.4,0.0,18.7,Karachi
03/11/2022,30.6,23.3,0.0,21.4,Karachi
04/11/2022,30.9,23.5,0.0,22.7,Karachi
05/11/2022,33.4,23.0,0.0,21.3,Karachi
06/11/2022,31.2,22.9,0.0,21.4,Karachi
07/11/2022,29.0,23.0,0.7,21.0,Karachi
08/11/2022,28.0,21.5,0.0,15.1,Karachi
09/11/2022,29.5,21.2,0.0,17.9,Karachi
10/11/2022,29.3,21.6,0.0,18.4,Karachi
11/11/2022,30.8,22.1,0.0,19.8,Karachi
12/11/2022,30.3,21.2,0.0,19.8,Karachi
13/11/2022,28.0,21.1,0.0,16.3,Karachi
14/11/2022,29.7,24.5,0.0,19.0,Karachi
15/11/2022,30.3,22.3,0.0,23.5,Karachi
16/11/2022,28.6,21.0,0.0,15.5,Karachi
17/11/2022,30.1,21.4,0.0,20.3,Karachi
18/11/2022,28.2,21.6,0.0,18.0,Karachi
19/11/2022,29.0,23.0,0.0,19.7,Karachi
20/11/2022,29.1,21.8,0.0,18.5,Karachi
21/11/2022,31.1,21.2,0.0,21.0,Karachi
22/11/2022,28.5,22.3,0.0,17.7,Karachi
23/11/2022,28.8,19.5,0.0,18.4,Karachi
24/11/2022,28.5,19.1,0.0,18.7,Karachi
25/11/2022,27.5,18.5,0.0,14.6,Karachi
26/11/2022,28.6,19.1,0.0,17.2,Karachi
27/11/2022,26.6,19.4,0.0,12.1,Karachi
28/11/2022,28.5,19.2,0.0,15.3,Karachi
29/11/2022,30.8,18.4,0.0,15.3,Karachi
30/11/2022,30.4,18.1,0.0,17.5,Karachi
01/12/2022,29.1,16.9,0.0,20.5,Karachi
02/12/2022,26.5,17.0,0.0,17.2,Karachi
03/12/2022,26.4,18.7,0.0,15.5,Karachi
04/12/2022,28.7,17.7,0.0,21.9,Karachi
05/12/2022,27.9,17.5,0.0,17.1,Karachi
06/12/2022,27.4,17.8,0.0,18.3,Karachi
07/12/2022,28.5,16.0,0.0,15.3,Karachi
08/12/2022,28.0,16.9,0.0,17.2,Karachi
09/12/2022,27.0,18.5,0.0,15.9,Karachi
10/12/2022,28.2,18.5,0.0,16.8,Karachi
11/12/2022,29.4,19.0,0.0,26.6,Karachi
12/12/2022,28.6,18.9,0.0,23.7,Karachi
13/12/2022,29.0,18.0,0.0,28.6,Karachi
14/12/2022,29.0,19.2,0.0,27.5,Karachi
15/12/2022,27.4,15.2,0.0,17.0,Karachi
16/12/2022,26.6,15.4,0.0,13.1,Karachi
17/12/2022,27.0,15.4,0.0,14.4,Karachi
18/12/2022,26.5,16.2,0.0,13.9,Karachi
19/12/2022,26.0,15.7,0.0,13.0,Karachi
20/12/2022,27.3,16.7,0.0,18.4,Karachi
21/12/2022,26.4,15.2,0.0,20.3,Karachi
22/12/2022,25.9,14.9,0.0,20.3,Karachi
23/12/2022,25.1,13.1,0.0,16.4,Karachi
24/12/2022,25.0,13.8,0.0,19.3,Karachi
25/12/2022,24.2,13.3,0.0,17.3,Karachi
26/12/2022,25.5,14.4,0.0,13.5,Karachi
27/12/2022,25.9,15.6,0.0,17.9,Karachi
28/12/2022,24.1,15.2,0.0,14.8,Karachi
29/12/2022,26.5,21.1,0.0,27.4,Karachi
30/12/2022,25.1,15.4,0.0,24.5,Karachi
31/12/2022,24.2,14.4,0.0,20.5,Karachi
01/01/2023,25.0,14.6,0.0,16.4,Karachi
02/01/2023,25.5,14.5,0.0,15.0,Karachi
03/01/2023,25.4,14.7,0.0,19.5,Karachi
04/01/2023,24.0,14.5,0.0,26.3,Karachi
05/01/2023,22.8,12.8,0.0,29.3,Karachi
06/01/2023,24.3,13.7,0.0,25.5,Karachi
07/01/2023,26.0,15.1,0.0,22.1,Karachi
08/01/2023,24.5,14.2,0.0,17.2,Karachi
09/01/2023,23.9,14.1,0.0,14.8,Karachi
10/01/2023,23.6,15.8,0.0,15.3,Karachi
11/01/2023,25.4,18.1,0.2,30.2,Karachi
12/01/2023,22.0,14.8,0.0,29.9,Karachi
13/01/2023,22.3,9.8,0.0,30.6,Karachi
14/01/2023,21.0,9.4,0.0,18.1,Karachi
15/01/2023,19.4,8.9,0.0,14.5,Karachi
16/01/2023,21.5,10.9,0.0,16.3,Karachi
17/01/2023,22.0,11.9,0.0,16.2,Karachi
18/01/2023,23.6,11.4,0.0,13.2,Karachi
19/01/2023,24.8,12.9,0.0,27.3,Karachi
20/01/2023,22.5,13.0,0.0,26.3,Karachi
21/01/2023,22.0,12.9,0.0,20.7,Karachi
22/01/2023,21.5,11.4,0.0,21.6,Karachi
23/01/2023,21.8,12.0,0.0,18.5,Karachi
24/01/2023,20.2,10.4,0.0,16.4,Karachi
25/01/2023,19.9,9.3,0.0,18.0,Karachi
26/01/2023,22.6,11.0,0.0,24.7,Karachi
27/01/2023,23.2,12.4,0.0,30.9,Karachi
28/01/2023,24.1,12.9,0.0,23.0,Karachi
29/01/2023,22.6,11.6,0.0,21.5,Karachi
30/01/2023,23.0,11.9,0.0,18.1,Karachi
31/01/2023,25.3,14.8,0.0,25.8,Karachi
01/02/2023,25.5,14.6,0.0,26.2,Karachi
02/02/2023,24.2,13.0,0.0,17.8,Karachi
03/02/2023,25.2,11.4,0.0,17.5,Karachi
04/02/2023,23.3,14.4,0.0,16.2,Karachi
05/02/2023,24.9,18.0,0.0,25.6,Karachi
06/02/2023,30.0,18.6,0.0,22.6,Karachi
07/02/2023,25.1,14.5,0.0,14.8,Karachi
08/02/2023,26.5,17.0,0.0,18.4,Karachi
09/02/2023,25.0,18.5,0.0,24.2,Karachi
10/02/2023,25.6,20.8,0.0,27.7,Karachi
11/02/2023,28.2,16.6,0.0,22.9,Karachi
12/02/2023,29.4,16.7,0.0,19.5,Karachi
13/02/2023,26.3,17.2,0.0,20.5,Karachi
14/02/2023,26.9,18.8,0.0,21.3,Karachi
15/02/2023,25.3,18.3,0.0,16.5,Karachi
16/02/2023,28.4,18.7,0.0,21.1,Karachi
17/02/2023,29.5,17.2,0.0,19.2,Karachi
18/02/2023,26.9,15.6,0.0,15.0,Karachi
19/02/2023,25.2,17.9,0.0,18.6,Karachi
20/02/2023,28.8,19.0,0.0,23.2,Karachi
21/02/2023,26.6,19.0,0.0,18.5,Karachi
22/02/2023,25.8,20.5,0.0,26.3,Karachi
23/02/2023,25.6,19.0,0.0,21.7,Karachi
24/02/2023,26.2,18.0,0.0,21.5,Karachi
25/02/2023,27.5,19.5,0.0,23.9,Karachi
26/02/2023,28.9,19.6,0.0,20.2,Karachi
27/02/2023,29.3,18.0,0.0,18.5,Karachi
28/02/2023,28.3,19.4,0.0,21.3,Karachi
01/03/2023,28.2,19.0,0.0,22.7,Karachi
02/03/2023,32.5,21.8,0.0,22.6,Karachi
03/03/2023,31.6,20.6,0.0,18.6,Karachi
04/03/2023,31.6,20.2,0.0,25.0,Karachi
05/03/2023,31.0,19.8,0.0,23.2,Karachi
06/03/2023,30.3,20.0,0.0,22.0,Karachi
07/03/2023,30.2,19.8,0.0,23.1,Karachi
08/03/2023,29.5,19.8,0.0,24.0,Karachi
09/03/2023,31.9,20.0,0.0,22.9,Karachi
10/03/2023,31.1,20.2,0.0,21.1,Karachi
11/03/2023,30.6,19.6,0.0,17.9,Karachi
12/03/2023,31.3,21.4,0.0,19.1,Karachi
13/03/2023,30.2,20.0,0.0,20.6,Karachi
14/03/2023,28.4,20.2,0.0,21.6,Karachi
15/03/2023,28.5,22.5,0.0,19.9,Karachi
16/03/2023,29.2,22.2,0.0,28.8,Karachi
17/03/2023,28.6,23.1,0.0,19.4,Karachi
18/03/2023,29.7,20.6,0.0,21.3,Karachi
19/03/2023,29.1,21.0,0.0,24.3,Karachi
20/03/2023,27.1,21.6,0.0,15.3,Karachi
21/03/2023,28.0,21.4,0.0,20.7,Karachi
22/03/2023,25.6,21.2,0.4,24.7,Karachi
23/03/2023,25.6,21.0,3.8,26.1,Karachi
24/03/2023,26.9,22.2,0.0,31.7,Karachi
25/03/2023,27.5,22.2,0.0,19.9,Karachi
26/03/2023,28.4,20.4,0.0,26.6,Karachi
27/03/2023,29.5,20.4,0.0,22.3,Karachi
28/03/2023,27.8,21.3,0.0,24.9,Karachi
29/03/2023,27.5,23.5,0.0,25.8,Karachi
30/03/2023,27.4,23.3,0.8,25.1,Karachi
31/03/2023,28.8,23.8,0.0,30.0,Karachi
01/04/2023,28.9,23.2,0.0,27.7,Karachi
02/04/2023,28.2,23.0,0.0,29.6,Karachi
03/04/2023,28.9,24.0,0.3,26.5,Karachi
04/04/2023,27.6,22.6,0.0,22.3,Karachi
05/04/2023,29.6,21.6,0.0,23.0,Karachi
06/04/2023,29.1,22.0,0.0,26.4,Karachi
07/04/2023,29.8,21.4,0.0,24.0,Karachi
08/04/2023,30.8,21.9,0.0,28.3,Karachi
09/04/2023,29.6,22.3,0.0,29.5,Karachi
10/04/2023,28.2,22.2,0.0,20.0,Karachi
11/04/2023,29.0,21.5,0.0,21.8,Karachi
12/04/2023,32.0,23.4,0.0,27.7,Karachi
13/04/2023,33.2,24.6,0.0,27.1,Karachi
14/04/2023,30.5,24.5,0.0,25.1,Karachi
15/04/2023,30.3,23.9,0.0,25.0,Karachi
16/04/2023,30.5,24.5,0.0,27.7,Karachi
17/04/2023,30.2,24.4,0.0,23.7,Karachi
18/04/2023,34.3,24.4,0.0,36.7,Karachi
19/04/2023,32.0,24.8,0.0,27.9,Karachi
20/04/2023,33.8,24.8,0.0,26.5,Karachi
21/04/2023,31.4,24.8,0.0,29.8,Karachi
22/04/2023,31.2,25.0,0.0,28.5,Karachi
23/04/2023,33.0,24.9,0.0,28.2,Karachi
24/04/2023,32.5,24.4,0.0,22.6,Karachi
25/04/2023,33.5,25.0,0.0,36.0,Karachi
26/04/2023,31.0,26.1,0.0,28.9,Karachi
27/04/2023,30.0,25.3,0.3,23.7,Karachi
28/04/2023,28.6,23.5,3.4,19.5,Karachi
29/04/2023,28.4,22.6,0.8,19.0,Karachi
30/04/2023,29.0,22.6,0.2,19.0,Karachi
01/05/2023,30.6,24.2,0.9,22.8,Karachi
02/05/2023,31.0,24.9,0.1,27.2,Karachi
03/05/2023,30.5,25.2,0.0,22.3,Karachi
04/05/2023,31.0,24.5,0.0,25.7,Karachi
05/05/2023,31.7,25.0,0.0,25.4,Karachi
06/05/2023,33.6,25.3,0.0,26.8,Karachi
07/05/2023,32.2,25.9,0.0,28.3,Karachi
08/05/2023,33.0,25.9,0.0,29.1,Karachi
09/05/2023,32.0,24.5,0.0,26.6,Karachi
10/05/2023,34.6,25.4,0.0,26.0,Karachi
11/05/2023,35.5,26.5,0.0,31.1,Karachi
12/05/2023,34.5,27.0,0.0,34.5,Karachi
13/05/2023,34.2,27.0,0.0,37.1,Karachi
14/05/2023,32.5,27.3,0.0,29.6,Karachi
15/05/2023,32.3,27.5,0.1,32.8,Karachi
16/05/2023,32.1,28.0,0.0,35.1,Karachi
17/05/2023,31.8,27.9,0.6,32.9,Karachi
18/05/2023,32.0,27.9,0.0,29.0,Karachi
19/05/2023,32.3,27.6,0.0,26.5,Karachi
20/05/2023,31.8,26.9,0.0,30.9,Karachi
21/05/2023,32.2,27.8,0.0,32.4,Karachi
22/05/2023,32.2,28.1,0.0,34.3,Karachi
23/05/2023,32.2,28.0,0.4,33.6,Karachi
24/05/2023,32.4,28.1,0.0,35.5,Karachi
25/05/2023,32.8,28.6,0.0,44.6,Karachi
26/05/2023,33.0,28.2,0.0,45.1,Karachi
27/05/2023,33.0,28.5,0.0,38.6,Karachi
28/05/2023,32.6,27.9,0.0,30.9,Karachi
29/05/2023,32.2,27.9,0.0,31.7,Karachi
30/05/2023,32.4,28.0,0.2,28.0,Karachi
31/05/2023,31.5,27.6,1.1,34.1,Karachi
01/06/2023,32.0,28.3,1.4,33.7,Karachi
02/06/2023,32.4,28.5,0.1,29.7,Karachi
03/06/2023,32.9,28.0,0.0,32.7,Karachi
04/06/2023,33.2,28.0,0.0,30.3,Karachi
05/06/2023,32.6,28.0,0.0,31.1,Karachi
06/06/2023,33.2,28.2,0.0,31.4,Karachi
07/06/2023,33.2,28.8,0.0,26.5,Karachi
08/06/2023,32.6,28.7,0.0,27.4,Karachi
09/06/2023,32.2,28.6,0.8,30.3,Karachi
10/06/2023,32.0,28.3,0.2,23.4,Karachi
11/06/2023,32.7,27.4,0.0,19.4,Karachi
12/06/2023,36.7,28.3,0.0,30.9,Karachi
13/06/2023,35.3,29.7,5.4,44.0,Karachi
14/06/2023,35.0,28.5,0.5,40.1,Karachi
15/06/2023,34.5,28.0,0.3,45.5,Karachi
16/06/2023,34.7,28.5,1.3,34.9,Karachi
17/06/2023,32.4,29.1,0.0,32.1,Karachi
18/06/2023,32.3,29.0,0.0,30.1,Karachi
19/06/2023,32.1,28.2,0.0,29.9,Karachi
20/06/2023,32.8,28.9,0.0,31.4,Karachi
21/06/2023,32.7,29.2,1.0,30.3,Karachi
22/06/2023,32.2,28.8,2.2,29.5,Karachi
23/06/2023,32.5,28.5,0.4,29.0,Karachi
24/06/2023,32.0,28.5,1.0,27.3,Karachi
25/06/2023,32.0,28.7,0.5,27.2,Karachi
26/06/2023,32.8,28.5,0.8,28.3,Karachi
27/06/2023,32.8,28.9,0.8,22.2,Karachi
28/06/2023,33.2,28.9,0.0,25.7,Karachi
29/06/2023,34.0,28.6,0.3,29.4,Karachi
30/06/2023,33.0,29.0,1.0,34.7,Karachi
01/07/2023,33.7,28.9,1.1,28.0,Karachi
02/07/2023,32.9,28.9,0.4,22.0,Karachi
03/07/2023,33.5,28.6,0.4,24.6,Karachi
04/07/2023,33.2,28.5,0.1,28.0,Karachi
05/07/2023,33.1,29.1,0.6,25.6,Karachi
06/07/2023,33.5,28.9,0.1,21.3,Karachi
07/07/2023,35.5,29.1,0.0,25.1,Karachi
08/07/2023,34.9,29.4,4.0,22.4,Karachi
09/07/2023,33.9,28.8,0.1,26.1,Karachi
10/07/2023,33.7,28.6,0.0,27.9,Karachi
11/07/2023,34.1,29.5,0.0,26.9,Karachi
12/07/2023,33.5,29.1,0.0,29.4,Karachi
13/07/2023,33.5,29.1,0.1,29.8,Karachi
14/07/2023,34.0,29.0,0.2,29.8,Karachi
15/07/2023,33.4,28.5,0.0,34.3,Karachi
16/07/2023,32.9,29.0,0.0,29.7,Karachi
17/07/2023,33.5,29.0,0.2,26.9,Karachi
18/07/2023,33.0,28.5,0.6,30.7,Karachi
19/07/2023,32.5,28.0,0.1,29.6,Karachi
20/07/2023,33.4,28.5,0.0,27.8,Karachi
21/07/2023,32.7,28.5,4.7,26.4,Karachi
22/07/2023,33.4,28.6,0.2,20.2,Karachi
23/07/2023,35.7,27.4,27.5,24.4,Karachi
24/07/2023,29.9,26.8,16.4,23.9,Karachi
25/07/2023,30.3,26.6,7.0,17.1,Karachi
26/07/2023,30.5,27.2,0.6,21.0,Karachi
27/07/2023,30.8,27.3,0.9,29.3,Karachi
28/07/2023,30.6,27.5,0.2,33.4,Karachi
29/07/2023,30.5,27.2,0.9,34.3,Karachi
30/07/2023,30.6,27.2,0.8,30.9,Karachi
31/07/2023,30.6,27.3,1.3,31.9,Karachi
01/08/2023,30.5,27.2,1.1,33.0,Karachi
02/08/2023,30.6,27.2,1.4,35.0,Karachi
03/08/2023,30.5,27.0,0.8,28.7,Karachi
04/08/2023,30.5,26.9,0.9,26.5,Karachi
05/08/2023,30.5,26.7,0.9,29.7,Karachi
06/08/2023,30.0,26.7,0.7,37.4,Karachi
07/08/2023,30.0,26.6,1.7,39.3,Karachi
08/08/2023,29.9,26.6,2.2,34.8,Karachi
09/08/2023,30.0,26.5,0.8,35.8,Karachi
10/08/2023,30.0,26.4,1.6,36.8,Karachi
11/08/2023,29.8,26.1,1.3,33.6,Karachi
12/08/2023,29.5,26.0,0.8,38.8,Karachi
13/08/2023,29.6,26.1,0.6,37.1,Karachi
14/08/2023,30.4,26.0,0.0,30.9,Karachi
15/08/2023,29.6,26.0,0.5,24.8,Karachi
16/08/2023,29.6,25.8,0.0,28.7,Karachi
17/08/2023,29.7,25.5,0.2,37.9,Karachi
18/08/2023,30.2,25.1,0.0,35.8,Karachi
19/08/2023,30.0,25.2,0.1,29.9,Karachi
20/08/2023,30.5,24.9,0.0,27.1,Karachi
21/08/2023,30.0,25.5,0.0,32.1,Karachi
22/08/2023,29.7,25.4,0.6,33.6,Karachi
23/08/2023,28.8,25.4,1.9,35.1,Karachi
24/08/2023,28.9,25.5,2.0,33.9,Karachi
25/08/2023,28.8,25.5,2.1,30.7,Karachi
26/08/2023,28.9,25.2,2.4,30.1,Karachi
27/08/2023,29.1,25.5,1.0,30.4,Karachi
28/08/2023,29.3,25.2,1.1,33.9,Karachi
29/08/2023,29.4,25.5,0.7,29.6,Karachi
30/08/2023,29.7,25.2,0.5,21.7,Karachi
31/08/2023,30.0,25.1,0.2,22.9,Karachi
01/09/2023,29.4,24.4,0.0,18.4,Karachi
02/09/2023,30.3,24.8,0.0,24.0,Karachi
03/09/2023,30.0,25.2,0.9,27.1,Karachi
04/09/2023,30.3,25.6,0.1,29.2,Karachi
05/09/2023,30.0,25.6,0.5,24.2,Karachi
06/09/2023,31.2,25.2,0.0,22.0,Karachi
07/09/2023,32.0,25.7,0.0,25.9,Karachi
08/09/2023,31.5,25.9,0.0,30.8,Karachi
09/09/2023,31.2,26.0,0.0,30.6,Karachi
10/09/2023,31.1,25.9,0.0,32.4,Karachi
11/09/2023,31.0,26.2,0.0,35.7,Karachi
12/09/2023,30.9,26.2,0.0,31.8,Karachi
13/09/2023,30.8,26.0,0.4,28.7,Karachi
14/09/2023,30.3,25.6,0.1,22.3,Karachi
15/09/2023,30.7,25.5,0.0,21.4,Karachi
16/09/2023,31.2,26.3,0.3,22.6,Karachi
17/09/2023,32.2,26.6,0.0,29.1,Karachi
18/09/2023,33.1,26.5,0.0,32.0,Karachi
19/09/2023,34.9,26.7,0.0,27.2,Karachi
20/09/2023,34.1,26.8,12.0,24.0,Karachi
21/09/2023,34.0,26.9,3.5,21.0,Karachi
22/09/2023,30.9,26.0,0.0,19.4,Karachi
23/09/2023,31.9,26.9,0.0,22.5,Karachi
24/09/2023,31.1,26.8,0.0,24.9,Karachi
25/09/2023,31.0,25.5,0.0,20.7,Karachi
26/09/2023,30.8,22.5,0.0,19.4,Karachi
27/09/2023,34.0,24.5,0.0,24.5,Karachi
28/09/2023,36.3,25.5,0.0,21.4,Karachi
29/09/2023,35.0,25.0,0.0,20.4,Karachi
30/09/2023,39.5,24.4,0.0,26.7,Karachi
01/10/2023,36.9,23.2,0.0,22.4,Karachi
02/10/2023,34.8,23.2,0.0,24.3,Karachi
03/10/2023,31.8,25.0,0.0,25.0,Karachi
04/10/2023,32.0,25.9,0.0,23.4,Karachi
05/10/2023,31.6,26.1,0.0,24.5,Karachi
06/10/2023,31.5,26.9,0.0,26.9,Karachi
07/10/2023,30.6,27.4,0.3,26.5,Karachi
08/10/2023,31.5,27.0,0.9,27.2,Karachi
09/10/2023,32.1,27.2,0.0,30.6,Karachi
10/10/2023,32.0,26.8,0.0,29.6,Karachi
11/10/2023,32.3,26.1,0.0,22.1,Karachi
12/10/2023,31.9,25.9,0.0,22.2,Karachi
13/10/2023,31.9,25.8,0.0,21.2,Karachi
14/10/2023,31.5,25.2,0.0,24.5,Karachi
15/10/2023,31.8,27.0,0.3,26.2,Karachi
16/10/2023,31.0,23.5,1.2,29.7,Karachi
17/10/2023,31.0,24.8,0.9,24.3,Karachi
18/10/2023,34.5,24.5,0.0,21.3,Karachi
19/10/2023,32.2,23.8,0.0,20.8,Karachi
20/10/2023,32.1,25.0,0.0,19.4,Karachi
21/10/2023,34.2,24.6,0.0,17.1,Karachi
22/10/2023,32.5,24.5,0.0,21.2,Karachi
23/10/2023,33.8,24.3,0.0,18.9,Karachi
24/10/2023,33.8,23.5,0.0,19.2,Karachi
25/10/2023,34.6,24.4,0.0,18.5,Karachi
26/10/2023,34.0,24.5,0.0,21.7,Karachi
27/10/2023,32.3,24.8,0.0,21.3,Karachi
28/10/2023,34.0,25.4,0.6,21.6,Karachi
29/10/2023,33.8,23.0,0.0,18.0,Karachi
30/10/2023,35.0,23.0,0.0,18.0,Karachi
31/10/2023,36.6,22.9,0.0,18.4,Karachi
01/11/2023,35.7,23.7,0.0,19.8,Karachi
02/11/2023,35.3,23.5,0.0,25.5,Karachi
03/11/2023,34.8,24.2,0.0,25.6,Karachi
04/11/2023,32.0,24.6,0.0,21.6,Karachi
05/11/2023,34.8,23.8,0.0,15.6,Karachi
06/11/2023,35.0,22.2,0.0,17.9,Karachi
07/11/2023,34.1,23.0,0.0,18.0,Karachi
08/11/2023,32.5,22.5,0.0,16.0,Karachi
09/11/2023,33.4,22.3,0.0,23.5,Karachi
10/11/2023,34.7,22.1,0.0,16.8,Karachi
11/11/2023,33.3,18.8,0.0,17.3,Karachi
12/11/2023,31.7,18.8,0.0,19.1,Karachi
13/11/2023,30.3,18.8,0.0,16.3,Karachi
14/11/2023,31.9,19.8,0.0,21.5,Karachi
15/11/2023,31.3,20.4,0.0,25.3,Karachi
16/11/2023,31.4,19.5,0.0,19.2,Karachi
17/11/2023,30.0,20.2,0.0,26.0,Karachi
18/11/2023,30.1,19.1,0.0,17.9,Karachi
19/11/2023,31.2,18.0,0.0,14.5,Karachi
20/11/2023,31.5,19.7,0.0,25.6,Karachi
21/11/2023,31.7,20.9,0.0,24.9,Karachi
22/11/2023,29.9,17.7,0.0,19.5,Karachi
23/11/2023,31.7,22.3,0.0,17.6,Karachi
24/11/2023,31.6,19.5,0.0,23.2,Karachi
25/11/2023,31.8,22.5,0.0,29.3,Karachi
26/11/2023,26.6,18.2,3.8,33.2,Karachi
27/11/2023,26.4,16.3,0.0,21.2,Karachi
28/11/2023,27.8,16.4,0.0,20.0,Karachi
29/11/2023,28.0,15.8,0.0,20.5,Karachi
30/11/2023,28.2,15.8,0.0,15.3,Karachi
01/12/2023,29.6,16.8,0.0,15.1,Karachi
02/12/2023,28.6,18.0,0.0,24.7,Karachi
03/12/2023,28.8,17.6,0.0,23.6,Karachi
04/12/2023,29.2,16.6,0.0,15.1,Karachi
05/12/2023,28.6,16.2,0.0,20.7,Karachi
06/12/2023,28.2,16.2,0.0,23.9,Karachi
07/12/2023,28.0,16.1,0.0,21.7,Karachi
08/12/2023,27.0,14.7,0.0,18.3,Karachi
09/12/2023,28.4,17.4,0.0,18.8,Karachi
10/12/2023,26.6,14.9,0.0,13.8,Karachi
11/12/2023,26.9,15.4,0.0,18.5,Karachi
12/12/2023,27.0,16.0,0.0,12.0,Karachi
13/12/2023,28.4,16.2,0.0,16.5,Karachi
14/12/2023,27.6,15.1,0.0,14.5,Karachi
15/12/2023,27.2,14.8,0.0,12.6,Karachi
16/12/2023,27.3,15.3,0.0,18.2,Karachi
17/12/2023,26.5,15.9,0.0,19.0,Karachi
18/12/2023,26.6,16.7,0.0,30.8,Karachi
19/12/2023,26.1,17.0,0.0,28.5,Karachi
20/12/2023,26.4,15.7,0.0,20.1,Karachi
21/12/2023,27.0,14.1,0.0,15.0,Karachi
22/12/2023,27.6,17.0,0.0,18.6,Karachi
23/12/2023,28.8,15.4,0.0,20.9,Karachi
24/12/2023,28.9,17.7,0.0,27.8,Karachi
25/12/2023,28.4,17.2,0.0,22.2,Karachi
26/12/2023,26.2,13.1,0.0,16.6,Karachi
27/12/2023,28.9,15.9,0.0,23.7,Karachi
28/12/2023,28.0,16.0,0.0,23.6,Karachi
29/12/2023,28.1,15.4,0.0,15.5,Karachi
30/12/2023,28.3,16.6,0.0,21.4,Karachi
31/12/2023,27.5,14.9,0.0,20.2,Karachi
01/01/2019,14.5,6.0,5.3,14.3,Islamabad
02/01/2019,14.7,7.6,2.1,11.5,Islamabad
03/01/2019,15.9,4.8,0.0,13.3,Islamabad
04/01/2019,11.9,5.3,2.6,8.3,Islamabad
05/01/2019,10.0,6.4,17.1,15.9,Islamabad
06/01/2019,15.0,4.7,0.0,7.6,Islamabad
07/01/2019,15.7,4.8,0.0,10.5,Islamabad
08/01/2019,14.6,6.4,0.0,11.0,Islamabad
09/01/2019,16.2,6.5,0.0,15.8,Islamabad
10/01/2019,12.3,4.6,0.6,10.7,Islamabad
11/01/2019,14.8,7.7,0.7,11.4,Islamabad
12/01/2019,11.1,6.4,20.7,15.9,Islamabad
13/01/2019,13.3,4.7,0.0,14.1,Islamabad
14/01/2019,14.6,5.4,0.0,18.6,Islamabad
15/01/2019,17.3,3.8,0.0,9.8,Islamabad
16/01/2019,14.6,6.4,0.6,7.3,Islamabad
17/01/2019,17.6,4.2,0.0,10.2,Islamabad
18/01/2019,12.6,5.4,0.6,10.5,Islamabad
19/01/2019,17.6,7.2,0.4,15.3,Islamabad
20/01/2019,15.9,8.4,2.2,15.1,Islamabad
21/01/2019,10.7,8.8,35.0,18.1,Islamabad
22/01/2019,12.1,7.7,20.6,14.2,Islamabad
23/01/2019,13.4,5.8,4.3,10.1,Islamabad
24/01/2019,13.7,4.4,0.4,11.4,Islamabad
25/01/2019,13.6,3.5,0.6,17.4,Islamabad
26/01/2019,13.7,3.5,0.0,12.2,Islamabad
27/01/2019,14.3,4.4,0.0,14.5,Islamabad
28/01/2019,14.8,3.0,0.0,16.2,Islamabad
29/01/2019,16.2,3.3,0.0,10.0,Islamabad
30/01/2019,11.9,7.8,5.5,17.2,Islamabad
31/01/2019,10.4,7.6,17.0,14.2,Islamabad
01/02/2019,15.3,6.2,0.6,11.9,Islamabad
02/02/2019,17.8,6.3,0.0,11.6,Islamabad
03/02/2019,19.0,6.7,0.0,13.4,Islamabad
04/02/2019,17.3,8.3,0.1,10.5,Islamabad
05/02/2019,15.1,9.1,5.1,9.4,Islamabad
06/02/2019,12.7,5.8,11.6,19.1,Islamabad
07/02/2019,11.7,6.0,4.0,9.3,Islamabad
08/02/2019,14.4,7.0,5.2,21.7,Islamabad
09/02/2019,16.4,6.0,0.0,14.1,Islamabad
10/02/2019,17.9,6.6,0.0,9.8,Islamabad
11/02/2019,18.8,8.2,0.0,8.7,Islamabad
12/02/2019,18.9,9.4,0.5,19.9,Islamabad
13/02/2019,18.4,10.7,3.5,14.0,Islamabad
14/02/2019,15.0,6.3,8.0,20.7,Islamabad
15/02/2019,16.6,5.4,0.4,10.9,Islamabad
16/02/2019,18.3,6.4,0.0,14.8,Islamabad
17/02/2019,16.3,8.1,0.5,10.7,Islamabad
18/02/2019,12.1,5.8,10.4,13.7,Islamabad
19/02/2019,16.3,4.5,0.9,11.1,Islamabad
20/02/2019,16.3,8.6,18.6,16.6,Islamabad
21/02/2019,14.7,7.8,26.4,11.8,Islamabad
22/02/2019,17.0,5.8,0.0,12.9,Islamabad
23/02/2019,18.5,7.9,0.0,15.0,Islamabad
24/02/2019,17.6,7.3,0.0,12.2,Islamabad
25/02/2019,15.6,7.6,1.0,9.7,Islamabad
26/02/2019,11.4,4.8,3.0,21.0,Islamabad
27/02/2019,15.0,4.4,0.1,17.1,Islamabad
28/02/2019,16.0,4.8,0.2,10.4,Islamabad
01/03/2019,13.5,8.6,2.7,13.2,Islamabad
02/03/2019,11.3,8.4,16.9,16.4,Islamabad
03/03/2019,15.0,8.2,5.6,11.5,Islamabad
04/03/2019,17.8,7.5,0.7,7.4,Islamabad
05/03/2019,19.3,7.5,0.0,10.9,Islamabad
06/03/2019,19.9,8.0,0.0,12.7,Islamabad
07/03/2019,17.4,8.4,2.7,13.8,Islamabad
08/03/2019,18.0,8.8,0.0,15.0,Islamabad
09/03/2019,20.5,8.1,0.0,15.7,Islamabad
10/03/2019,21.2,8.7,0.0,11.2,Islamabad
11/03/2019,13.8,9.0,14.6,25.8,Islamabad
12/03/2019,19.2,8.6,1.7,15.5,Islamabad
13/03/2019,17.4,9.8,0.0,12.8,Islamabad
14/03/2019,17.1,9.7,1.1,13.3,Islamabad
15/03/2019,19.9,7.5,0.1,11.2,Islamabad
16/03/2019,22.0,10.0,0.0,11.3,Islamabad
17/03/2019,23.7,11.1,0.5,8.3,Islamabad
18/03/2019,23.7,11.9,0.0,7.8,Islamabad
19/03/2019,17.2,12.5,12.3,16.4,Islamabad
20/03/2019,18.4,9.7,1.2,12.3,Islamabad
21/03/2019,22.0,10.0,0.0,13.0,Islamabad
22/03/2019,23.0,11.4,0.0,16.1,Islamabad
23/03/2019,18.7,12.8,0.2,20.2,Islamabad
24/03/2019,23.2,11.3,0.0,14.3,Islamabad
25/03/2019,24.9,12.5,0.0,18.6,Islamabad
26/03/2019,25.4,12.6,0.0,17.4,Islamabad
27/03/2019,26.3,13.4,0.0,12.6,Islamabad
28/03/2019,27.8,14.9,0.0,15.9,Islamabad
29/03/2019,25.7,15.3,0.1,20.0,Islamabad
30/03/2019,23.8,14.6,3.5,31.2,Islamabad
31/03/2019,26.0,14.2,0.0,19.4,Islamabad
01/04/2019,27.7,16.9,0.0,22.4,Islamabad
02/04/2019,29.5,15.0,0.0,9.9,Islamabad
03/04/2019,29.5,16.7,0.0,15.6,Islamabad
04/04/2019,31.4,17.9,0.0,12.1,Islamabad
05/04/2019,31.5,19.5,0.2,11.9,Islamabad
06/04/2019,31.6,18.4,0.3,22.0,Islamabad
07/04/2019,32.4,18.8,0.4,13.8,Islamabad
08/04/2019,28.9,18.0,0.1,14.8,Islamabad
09/04/2019,31.3,18.6,1.2,26.7,Islamabad
10/04/2019,28.7,16.8,1.2,18.1,Islamabad
11/04/2019,29.5,18.2,0.5,23.3,Islamabad
12/04/2019,28.4,18.1,0.1,13.3,Islamabad
13/04/2019,27.1,19.1,7.1,11.6,Islamabad
14/04/2019,28.7,18.6,0.2,15.9,Islamabad
15/04/2019,30.8,18.6,0.1,27.0,Islamabad
16/04/2019,25.0,16.4,26.3,20.8,Islamabad
17/04/2019,19.9,15.6,42.1,18.4,Islamabad
18/04/2019,24.0,14.4,0.6,8.0,Islamabad
19/04/2019,26.8,14.2,0.0,8.7,Islamabad
20/04/2019,28.2,16.9,0.0,11.9,Islamabad
21/04/2019,28.6,18.0,0.2,12.2,Islamabad
22/04/2019,31.1,19.0,0.0,11.8,Islamabad
23/04/2019,33.0,20.2,2.4,28.1,Islamabad
24/04/2019,26.2,18.2,1.7,14.8,Islamabad
25/04/2019,29.9,17.6,0.3,16.8,Islamabad
26/04/2019,29.4,16.7,0.0,18.3,Islamabad
27/04/2019,30.4,18.7,0.0,16.9,Islamabad
28/04/2019,31.8,17.4,0.0,11.3,Islamabad
29/04/2019,31.9,18.4,0.0,13.0,Islamabad
30/04/2019,29.8,18.5,0.1,21.4,Islamabad
01/05/2019,30.8,17.8,0.0,18.4,Islamabad
02/05/2019,30.2,18.7,0.1,18.8,Islamabad
03/05/2019,29.7,17.2,0.0,12.8,Islamabad
04/05/2019,31.5,17.6,0.0,15.6,Islamabad
05/05/2019,32.7,19.2,0.0,15.6,Islamabad
06/05/2019,34.0,17.6,0.0,11.2,Islamabad
07/05/2019,34.5,20.8,0.0,11.2,Islamabad
08/05/2019,35.7,20.6,0.0,18.0,Islamabad
09/05/2019,35.8,20.9,0.1,19.1,Islamabad
10/05/2019,34.6,21.8,0.1,18.0,Islamabad
11/05/2019,32.5,21.6,0.0,13.3,Islamabad
12/05/2019,32.6,20.5,0.0,7.4,Islamabad
13/05/2019,33.8,21.5,0.1,26.4,Islamabad
14/05/2019,31.2,20.9,0.2,18.9,Islamabad
15/05/2019,32.6,21.2,0.1,20.6,Islamabad
16/05/2019,28.8,20.3,0.1,13.3,Islamabad
17/05/2019,27.9,20.4,2.3,14.5,Islamabad
18/05/2019,30.5,19.0,1.5,14.2,Islamabad
19/05/2019,32.4,20.9,1.3,22.0,Islamabad
20/05/2019,32.8,19.3,0.0,16.4,Islamabad
21/05/2019,35.4,20.5,0.0,8.6,Islamabad
22/05/2019,36.2,21.7,0.0,10.1,Islamabad
23/05/2019,30.0,22.9,0.7,23.4,Islamabad
24/05/2019,25.7,19.0,10.3,18.8,Islamabad
25/05/2019,30.4,18.8,0.0,12.5,Islamabad
26/05/2019,33.1,20.3,0.0,15.3,Islamabad
27/05/2019,34.1,20.4,0.0,14.6,Islamabad
28/05/2019,36.1,21.8,0.0,13.5,Islamabad
29/05/2019,37.8,23.0,0.0,13.5,Islamabad
30/05/2019,39.4,22.2,0.0,13.7,Islamabad
31/05/2019,39.3,23.6,0.0,11.9,Islamabad
01/06/2019,38.5,25.0,0.0,17.1,Islamabad
02/06/2019,39.1,25.0,0.0,10.5,Islamabad
03/06/2019,38.9,25.7,0.0,24.2,Islamabad
04/06/2019,35.0,25.2,0.0,30.4,Islamabad
05/06/2019,34.5,23.4,0.2,18.5,Islamabad
06/06/2019,35.2,22.1,0.0,16.7,Islamabad
07/06/2019,36.6,24.3,0.0,8.2,Islamabad
08/06/2019,36.0,24.5,0.0,13.0,Islamabad
09/06/2019,39.2,24.1,0.0,13.9,Islamabad
10/06/2019,39.8,25.5,0.0,9.5,Islamabad
11/06/2019,37.4,27.7,0.0,29.3,Islamabad
12/06/2019,33.7,23.2,0.2,29.0,Islamabad
13/06/2019,37.1,22.5,0.0,9.0,Islamabad
14/06/2019,38.2,22.9,0.0,11.6,Islamabad
15/06/2019,38.2,24.7,0.0,14.3,Islamabad
16/06/2019,37.2,23.3,0.0,11.5,Islamabad
17/06/2019,36.4,24.4,0.0,23.8,Islamabad
18/06/2019,32.1,23.0,0.3,15.9,Islamabad
19/06/2019,35.3,23.6,0.0,20.0,Islamabad
20/06/2019,34.7,23.1,2.6,17.1,Islamabad
21/06/2019,33.5,24.4,0.3,10.9,Islamabad
22/06/2019,37.1,23.6,0.0,10.8,Islamabad
23/06/2019,36.3,24.6,0.0,14.7,Islamabad
24/06/2019,32.0,26.7,0.0,18.6,Islamabad
25/06/2019,36.4,24.5,0.0,16.0,Islamabad
26/06/2019,38.0,24.9,0.0,11.6,Islamabad
27/06/2019,37.6,24.6,0.6,11.4,Islamabad
28/06/2019,38.0,24.9,0.0,12.2,Islamabad
29/06/2019,39.6,25.2,0.0,18.7,Islamabad
30/06/2019,37.5,25.0,0.0,24.2,Islamabad
01/07/2019,38.0,26.5,0.0,24.8,Islamabad
02/07/2019,40.0,26.6,0.0,13.5,Islamabad
03/07/2019,39.7,27.4,0.0,11.8,Islamabad
04/07/2019,39.1,28.5,0.5,20.4,Islamabad
05/07/2019,35.8,25.5,6.2,17.0,Islamabad
06/07/2019,34.2,24.4,11.4,13.6,Islamabad
07/07/2019,34.8,24.3,3.7,14.3,Islamabad
08/07/2019,37.5,26.6,1.0,14.2,Islamabad
09/07/2019,35.2,25.5,2.6,18.8,Islamabad
10/07/2019,33.4,24.8,20.3,12.3,Islamabad
11/07/2019,31.5,24.9,11.0,16.1,Islamabad
12/07/2019,32.5,24.9,6.6,14.0,Islamabad
13/07/2019,31.2,24.4,9.4,13.7,Islamabad
14/07/2019,31.8,23.2,3.5,18.3,Islamabad
15/07/2019,30.8,23.6,8.5,12.7,Islamabad
16/07/2019,30.2,23.9,9.3,13.6,Islamabad
17/07/2019,32.4,23.4,0.0,9.0,Islamabad
18/07/2019,30.3,24.9,6.3,11.9,Islamabad
19/07/2019,31.8,23.8,3.0,15.0,Islamabad
20/07/2019,34.1,24.7,0.3,11.0,Islamabad
21/07/2019,32.9,26.4,4.2,10.2,Islamabad
22/07/2019,33.9,26.0,7.5,11.9,Islamabad
23/07/2019,34.3,26.7,1.6,11.9,Islamabad
24/07/2019,36.2,27.8,0.1,12.7,Islamabad
25/07/2019,30.0,24.9,20.5,22.4,Islamabad
26/07/2019,30.7,23.9,2.8,14.7,Islamabad
27/07/2019,30.7,23.5,16.9,18.1,Islamabad
28/07/2019,30.3,23.8,2.3,16.9,Islamabad
29/07/2019,33.6,25.0,0.4,8.7,Islamabad
30/07/2019,34.0,25.6,0.0,7.8,Islamabad
31/07/2019,30.9,25.4,4.4,16.8,Islamabad
01/08/2019,29.8,24.1,14.3,15.5,Islamabad
02/08/2019,30.8,24.0,1.8,12.6,Islamabad
03/08/2019,31.6,24.2,3.5,9.7,Islamabad
04/08/2019,33.2,24.9,2.0,8.7,Islamabad
05/08/2019,33.5,26.0,0.6,10.4,Islamabad
06/08/2019,32.8,26.5,8.4,13.8,Islamabad
07/08/2019,29.3,24.1,30.4,14.1,Islamabad
08/08/2019,33.7,24.9,0.0,6.5,Islamabad
09/08/2019,30.5,25.2,12.9,13.3,Islamabad
10/08/2019,30.0,24.5,7.3,11.0,Islamabad
11/08/2019,32.3,24.0,0.2,8.5,Islamabad
12/08/2019,31.6,25.0,9.4,8.2,Islamabad
13/08/2019,30.7,25.5,8.9,10.0,Islamabad
14/08/2019,28.7,24.0,26.0,13.4,Islamabad
15/08/2019,32.5,24.3,0.0,9.0,Islamabad
16/08/2019,31.2,24.2,4.6,13.6,Islamabad
17/08/2019,29.6,22.7,7.1,18.4,Islamabad
18/08/2019,31.3,23.0,0.0,11.6,Islamabad
19/08/2019,31.0,21.4,4.7,15.6,Islamabad
20/08/2019,31.2,23.2,0.7,14.7,Islamabad
21/08/2019,32.7,22.9,0.0,8.7,Islamabad
22/08/2019,32.9,23.7,0.0,9.3,Islamabad
23/08/2019,33.4,25.0,0.0,12.4,Islamabad
24/08/2019,34.2,23.8,0.0,9.2,Islamabad
25/08/2019,33.1,25.3,0.3,10.2,Islamabad
26/08/2019,30.8,23.9,7.8,15.9,Islamabad
27/08/2019,33.9,24.2,0.0,7.9,Islamabad
28/08/2019,34.6,26.6,0.0,6.9,Islamabad
29/08/2019,35.2,27.2,0.0,7.3,Islamabad
30/08/2019,33.2,26.9,0.3,13.6,Islamabad
31/08/2019,32.5,25.9,3.0,9.8,Islamabad
01/09/2019,34.4,25.5,1.4,14.5,Islamabad
02/09/2019,33.8,23.9,11.2,12.1,Islamabad
03/09/2019,35.1,24.9,0.0,9.6,Islamabad
04/09/2019,35.4,26.1,3.1,9.8,Islamabad
05/09/2019,35.0,25.6,0.5,14.1,Islamabad
06/09/2019,34.0,24.3,5.6,12.5,Islamabad
07/09/2019,33.1,23.3,5.2,16.0,Islamabad
08/09/2019,33.3,23.0,4.7,12.9,Islamabad
09/09/2019,34.6,24.4,0.0,15.5,Islamabad
10/09/2019,35.8,24.6,0.0,9.1,Islamabad
11/09/2019,35.7,26.0,0.1,11.8,Islamabad
12/09/2019,37.1,25.8,0.0,10.0,Islamabad
13/09/2019,34.3,23.0,2.5,18.4,Islamabad
14/09/2019,34.6,25.0,1.5,14.1,Islamabad
15/09/2019,33.5,25.6,1.6,11.4,Islamabad
16/09/2019,32.9,22.5,8.7,14.5,Islamabad
17/09/2019,32.9,23.9,0.0,10.2,Islamabad
18/09/2019,34.4,23.3,0.0,8.0,Islamabad
19/09/2019,29.7,23.7,2.8,20.7,Islamabad
20/09/2019,28.3,22.0,8.1,12.7,Islamabad
21/09/2019,31.3,21.6,0.2,5.1,Islamabad
22/09/2019,32.3,22.8,0.0,9.4,Islamabad
23/09/2019,31.3,23.2,0.2,14.0,Islamabad
24/09/2019,30.6,24.2,0.7,7.9,Islamabad
25/09/2019,30.8,24.1,1.4,8.8,Islamabad
26/09/2019,30.8,23.1,1.0,10.2,Islamabad
27/09/2019,29.9,21.7,5.9,12.4,Islamabad
28/09/2019,27.4,21.1,9.4,10.7,Islamabad
29/09/2019,26.7,20.5,11.5,10.9,Islamabad
30/09/2019,28.2,20.3,2.1,11.5,Islamabad
01/10/2019,26.6,19.3,13.7,12.4,Islamabad
02/10/2019,28.3,19.7,1.2,12.0,Islamabad
03/10/2019,26.0,18.8,7.3,26.0,Islamabad
04/10/2019,26.1,18.2,0.2,15.0,Islamabad
05/10/2019,26.7,18.0,0.0,21.3,Islamabad
06/10/2019,26.1,19.1,0.3,20.6,Islamabad
07/10/2019,27.3,18.6,0.0,12.8,Islamabad
08/10/2019,29.7,18.4,0.0,11.2,Islamabad
09/10/2019,28.2,19.3,0.6,14.6,Islamabad
10/10/2019,29.9,18.5,0.0,9.5,Islamabad
11/10/2019,30.2,18.5,0.0,7.8,Islamabad
12/10/2019,30.3,18.3,0.0,8.1,Islamabad
13/10/2019,30.5,19.3,0.0,12.4,Islamabad
14/10/2019,30.8,19.2,0.0,9.8,Islamabad
15/10/2019,30.6,20.0,0.0,9.5,Islamabad
16/10/2019,30.5,19.3,0.0,7.3,Islamabad
17/10/2019,26.9,19.6,0.9,14.2,Islamabad
18/10/2019,25.3,15.8,7.6,20.6,Islamabad
19/10/2019,26.4,16.1,0.5,14.3,Islamabad
20/10/2019,28.0,15.8,0.0,10.9,Islamabad
21/10/2019,28.7,15.6,0.0,12.1,Islamabad
22/10/2019,28.7,15.5,0.0,14.1,Islamabad
23/10/2019,27.7,17.1,0.1,8.3,Islamabad
24/10/2019,28.0,17.1,0.0,12.5,Islamabad
25/10/2019,28.3,16.2,0.0,8.7,Islamabad
26/10/2019,28.2,16.0,0.0,9.9,Islamabad
27/10/2019,27.6,15.9,0.0,17.6,Islamabad
28/10/2019,28.7,16.0,0.0,11.5,Islamabad
29/10/2019,28.4,17.1,0.0,10.8,Islamabad
30/10/2019,28.1,17.4,1.0,9.0,Islamabad
31/10/2019,28.4,16.9,0.0,11.2,Islamabad
01/11/2019,23.8,17.1,0.2,26.0,Islamabad
02/11/2019,25.9,16.4,0.0,22.4,Islamabad
03/11/2019,25.7,15.8,0.0,10.5,Islamabad
04/11/2019,26.4,14.7,0.0,10.3,Islamabad
05/11/2019,26.8,15.0,2.8,16.8,Islamabad
06/11/2019,18.7,13.9,47.5,15.5,Islamabad
07/11/2019,16.1,12.1,5.2,14.5,Islamabad
08/11/2019,21.1,11.7,1.2,14.3,Islamabad
09/11/2019,23.0,12.7,0.0,15.9,Islamabad
10/11/2019,23.0,13.8,0.0,7.9,Islamabad
11/11/2019,22.9,12.5,0.0,8.1,Islamabad
12/11/2019,22.6,13.2,0.2,8.0,Islamabad
13/11/2019,22.0,14.8,0.0,10.9,Islamabad
14/11/2019,22.6,14.5,1.3,12.7,Islamabad
15/11/2019,16.7,14.4,26.3,9.9,Islamabad
16/11/2019,18.5,13.1,9.1,11.9,Islamabad
17/11/2019,21.5,12.5,0.0,18.6,Islamabad
18/11/2019,22.4,11.7,0.0,16.3,Islamabad
19/11/2019,21.4,11.7,0.0,8.4,Islamabad
20/11/2019,19.6,11.4,0.0,6.9,Islamabad
21/11/2019,17.0,14.0,0.7,15.6,Islamabad
22/11/2019,17.0,13.2,2.1,16.6,Islamabad
23/11/2019,19.8,11.7,1.1,14.0,Islamabad
24/11/2019,20.3,11.6,0.0,9.4,Islamabad
25/11/2019,19.9,11.9,0.0,8.8,Islamabad
26/11/2019,19.0,10.3,0.0,9.7,Islamabad
27/11/2019,17.6,10.0,1.0,10.8,Islamabad
28/11/2019,17.4,9.0,0.2,9.7,Islamabad
29/11/2019,18.0,8.5,0.0,8.9,Islamabad
30/11/2019,19.6,8.3,0.0,13.5,Islamabad
01/12/2019,19.4,8.6,0.0,11.0,Islamabad
02/12/2019,19.2,8.1,0.0,13.3,Islamabad
03/12/2019,19.9,7.5,0.0,11.8,Islamabad
04/12/2019,20.1,9.6,0.0,11.2,Islamabad
05/12/2019,18.9,8.5,0.0,11.7,Islamabad
06/12/2019,20.2,7.0,0.0,8.4,Islamabad
07/12/2019,20.7,9.3,0.0,8.4,Islamabad
08/12/2019,19.6,7.3,0.0,7.3,Islamabad
09/12/2019,18.1,9.1,0.0,7.3,Islamabad
10/12/2019,18.4,8.4,0.1,8.9,Islamabad
11/12/2019,16.7,8.9,1.6,9.2,Islamabad
12/12/2019,16.0,7.7,8.4,15.1,Islamabad
13/12/2019,14.4,7.7,3.3,12.3,Islamabad
14/12/2019,12.9,7.4,0.8,15.6,Islamabad
15/12/2019,15.2,6.4,0.0,10.2,Islamabad
16/12/2019,16.8,5.8,0.0,14.8,Islamabad
17/12/2019,17.1,5.8,0.0,12.0,Islamabad
18/12/2019,16.7,6.0,0.0,9.7,Islamabad
19/12/2019,14.9,5.1,0.0,9.2,Islamabad
20/12/2019,15.3,4.5,0.0,8.7,Islamabad
21/12/2019,16.5,7.1,0.0,13.5,Islamabad
22/12/2019,16.9,5.7,0.0,10.5,Islamabad
23/12/2019,17.4,6.0,0.0,11.7,Islamabad
24/12/2019,14.8,4.1,0.0,9.4,Islamabad
25/12/2019,15.9,4.6,0.0,10.3,Islamabad
26/12/2019,15.8,4.3,0.0,8.2,Islamabad
27/12/2019,14.0,4.2,0.0,11.6,Islamabad
28/12/2019,14.4,2.0,0.0,7.2,Islamabad
29/12/2019,11.9,3.5,0.0,5.4,Islamabad
30/12/2019,13.1,4.3,0.0,11.2,Islamabad
31/12/2019,13.5,2.9,0.0,9.2,Islamabad
01/01/2020,15.2,3.0,0.0,11.1,Islamabad
02/01/2020,15.0,7.6,0.0,11.6,Islamabad
03/01/2020,14.6,7.0,1.7,10.6,Islamabad
04/01/2020,12.1,5.5,1.0,10.7,Islamabad
05/01/2020,12.9,3.8,0.2,18.3,Islamabad
06/01/2020,9.3,7.2,9.6,10.8,Islamabad
07/01/2020,11.7,6.0,7.1,8.4,Islamabad
08/01/2020,11.9,3.5,1.1,8.5,Islamabad
09/01/2020,14.0,2.8,0.0,15.0,Islamabad
10/01/2020,14.3,3.5,0.0,15.6,Islamabad
11/01/2020,12.8,3.7,0.0,8.3,Islamabad
12/01/2020,12.9,7.6,3.2,19.1,Islamabad
13/01/2020,9.5,6.8,34.2,19.7,Islamabad
14/01/2020,13.5,4.8,2.5,18.5,Islamabad
15/01/2020,14.8,5.8,0.1,8.0,Islamabad
16/01/2020,16.3,6.2,0.0,12.2,Islamabad
17/01/2020,14.8,5.5,2.7,9.4,Islamabad
18/01/2020,14.2,5.3,1.0,10.7,Islamabad
19/01/2020,15.6,4.1,0.0,12.6,Islamabad
20/01/2020,15.4,6.9,0.0,11.5,Islamabad
21/01/2020,9.6,5.9,10.2,12.2,Islamabad
22/01/2020,14.0,3.7,0.0,15.4,Islamabad
23/01/2020,15.3,6.4,0.0,18.1,Islamabad
24/01/2020,16.5,4.9,0.0,15.8,Islamabad
25/01/2020,13.3,7.1,1.6,9.8,Islamabad
26/01/2020,16.7,6.2,0.0,8.9,Islamabad
27/01/2020,16.2,6.4,0.5,12.3,Islamabad
28/01/2020,11.9,8.6,32.3,18.0,Islamabad
29/01/2020,12.0,7.4,29.4,21.2,Islamabad
30/01/2020,15.3,5.2,0.0,9.7,Islamabad
31/01/2020,14.9,4.5,0.7,8.5,Islamabad
01/02/2020,15.2,4.4,0.0,9.4,Islamabad
02/02/2020,16.5,6.7,0.0,15.4,Islamabad
03/02/2020,16.8,4.8,0.0,9.7,Islamabad
04/02/2020,12.0,6.3,2.2,8.9,Islamabad
05/02/2020,15.3,5.8,0.0,17.6,Islamabad
06/02/2020,15.2,5.2,0.0,7.7,Islamabad
07/02/2020,16.1,4.2,0.0,10.9,Islamabad
08/02/2020,17.1,5.5,0.0,9.4,Islamabad
09/02/2020,18.4,5.6,0.0,6.9,Islamabad
10/02/2020,18.6,5.9,0.0,11.3,Islamabad
11/02/2020,18.0,8.9,0.7,14.8,Islamabad
12/02/2020,17.6,10.0,0.4,13.5,Islamabad
13/02/2020,18.3,10.2,4.5,9.3,Islamabad
14/02/2020,20.2,10.0,0.0,26.5,Islamabad
15/02/2020,22.2,8.7,0.0,14.0,Islamabad
16/02/2020,21.2,10.4,0.0,16.6,Islamabad
17/02/2020,21.9,10.3,0.0,19.9,Islamabad
18/02/2020,23.2,10.1,0.0,10.6,Islamabad
19/02/2020,20.5,10.3,1.3,27.0,Islamabad
20/02/2020,16.9,10.7,8.9,22.4,Islamabad
21/02/2020,20.7,9.9,0.0,10.8,Islamabad
22/02/2020,21.1,8.8,0.0,10.3,Islamabad
23/02/2020,22.0,10.2,0.0,11.3,Islamabad
24/02/2020,22.5,10.3,0.0,10.6,Islamabad
25/02/2020,22.8,10.4,0.0,11.3,Islamabad
26/02/2020,22.9,11.3,0.0,18.4,Islamabad
27/02/2020,24.0,12.7,0.8,9.9,Islamabad
28/02/2020,17.5,12.4,21.8,16.6,Islamabad
29/02/2020,15.6,11.3,13.5,15.3,Islamabad
01/03/2020,21.3,9.8,0.0,11.8,Islamabad
02/03/2020,22.4,10.9,0.0,9.3,Islamabad
03/03/2020,22.8,11.2,0.0,12.9,Islamabad
04/03/2020,20.7,11.8,10.1,14.5,Islamabad
05/03/2020,17.7,11.3,15.1,17.6,Islamabad
06/03/2020,16.7,10.8,14.7,16.7,Islamabad
07/03/2020,14.5,10.1,11.8,22.8,Islamabad
08/03/2020,14.8,9.8,22.4,16.2,Islamabad
09/03/2020,18.3,10.0,0.0,21.4,Islamabad
10/03/2020,20.6,8.1,0.0,8.7,Islamabad
11/03/2020,20.8,9.8,12.4,19.3,Islamabad
12/03/2020,16.5,10.7,23.6,29.1,Islamabad
13/03/2020,18.7,9.7,1.3,17.8,Islamabad
14/03/2020,18.6,9.0,0.0,10.0,Islamabad
15/03/2020,20.5,9.9,0.0,8.3,Islamabad
16/03/2020,22.1,10.1,0.0,9.9,Islamabad
17/03/2020,23.5,11.6,0.0,12.1,Islamabad
18/03/2020,23.7,12.4,0.0,12.7,Islamabad
19/03/2020,24.2,13.0,0.0,7.9,Islamabad
20/03/2020,24.2,12.6,1.9,15.5,Islamabad
21/03/2020,19.1,13.4,9.8,11.6,Islamabad
22/03/2020,23.2,11.4,0.0,11.1,Islamabad
23/03/2020,24.7,13.2,0.0,15.3,Islamabad
24/03/2020,19.5,13.8,46.0,19.5,Islamabad
25/03/2020,22.7,12.8,0.9,13.5,Islamabad
26/03/2020,22.4,13.0,0.0,16.3,Islamabad
27/03/2020,16.3,12.9,44.0,12.0,Islamabad
28/03/2020,17.6,12.3,12.2,15.3,Islamabad
29/03/2020,22.5,11.2,0.0,13.0,Islamabad
30/03/2020,21.8,13.8,0.0,20.0,Islamabad
31/03/2020,20.7,14.2,21.8,12.9,Islamabad
01/04/2020,22.1,12.3,4.8,11.8,Islamabad
02/04/2020,21.2,10.7,0.5,9.6,Islamabad
03/04/2020,23.7,11.6,0.0,18.8,Islamabad
04/04/2020,25.4,12.8,0.0,12.1,Islamabad
05/04/2020,23.9,14.2,2.4,19.3,Islamabad
06/04/2020,24.7,13.6,0.1,9.4,Islamabad
07/04/2020,20.4,14.6,3.2,25.5,Islamabad
08/04/2020,25.4,11.7,0.0,8.4,Islamabad
09/04/2020,25.9,14.4,0.1,12.6,Islamabad
10/04/2020,26.2,14.3,0.0,16.3,Islamabad
11/04/2020,28.3,15.4,0.0,9.4,Islamabad
12/04/2020,29.1,18.8,0.0,14.4,Islamabad
13/04/2020,29.1,18.4,0.0,10.6,Islamabad
14/04/2020,29.8,18.5,1.5,33.7,Islamabad
15/04/2020,27.4,17.9,23.4,22.9,Islamabad
16/04/2020,27.0,15.7,0.0,8.2,Islamabad
17/04/2020,20.6,16.4,16.0,15.1,Islamabad
18/04/2020,19.0,14.0,16.1,15.9,Islamabad
19/04/2020,24.0,14.0,1.3,10.9,Islamabad
20/04/2020,26.0,14.6,1.1,11.5,Islamabad
21/04/2020,24.1,14.4,2.9,12.9,Islamabad
22/04/2020,27.1,14.7,0.0,13.3,Islamabad
23/04/2020,28.7,16.8,0.0,13.1,Islamabad
24/04/2020,29.9,17.4,0.0,8.5,Islamabad
25/04/2020,28.7,18.8,1.1,7.8,Islamabad
26/04/2020,27.2,18.8,0.7,14.4,Islamabad
27/04/2020,25.0,18.5,3.0,18.6,Islamabad
28/04/2020,25.6,17.4,0.0,15.6,Islamabad
29/04/2020,29.5,19.6,0.0,15.3,Islamabad
30/04/2020,31.0,19.4,0.0,11.5,Islamabad
01/05/2020,32.2,19.2,0.0,11.4,Islamabad
02/05/2020,30.6,19.5,12.2,22.8,Islamabad
03/05/2020,25.6,16.8,9.6,12.7,Islamabad
04/05/2020,28.5,17.1,0.0,10.2,Islamabad
05/05/2020,28.1,17.4,0.3,10.2,Islamabad
06/05/2020,27.2,17.5,0.3,12.2,Islamabad
07/05/2020,29.5,17.0,0.0,10.4,Islamabad
08/05/2020,31.9,19.7,0.0,16.3,Islamabad
09/05/2020,32.5,21.6,0.2,20.5,Islamabad
10/05/2020,31.4,21.2,0.0,13.5,Islamabad
11/05/2020,30.8,20.2,2.6,19.0,Islamabad
12/05/2020,31.0,18.1,0.0,15.8,Islamabad
13/05/2020,30.1,20.4,0.9,15.0,Islamabad
14/05/2020,27.8,18.4,14.8,22.8,Islamabad
15/05/2020,28.6,17.6,2.4,16.1,Islamabad
16/05/2020,29.9,19.3,0.0,16.4,Islamabad
17/05/2020,31.3,19.9,0.0,23.5,Islamabad
18/05/2020,30.2,20.6,0.0,21.8,Islamabad
19/05/2020,28.4,19.0,0.3,13.3,Islamabad
20/05/2020,31.8,19.3,0.0,15.9,Islamabad
21/05/2020,34.4,21.9,0.0,15.8,Islamabad
22/05/2020,34.5,22.0,0.0,10.2,Islamabad
23/05/2020,34.8,22.7,0.0,20.9,Islamabad
24/05/2020,34.2,22.4,0.0,14.0,Islamabad
25/05/2020,36.2,22.3,0.0,13.8,Islamabad
26/05/2020,37.7,25.2,0.0,14.8,Islamabad
27/05/2020,36.5,24.5,0.0,9.7,Islamabad
28/05/2020,34.7,24.8,0.2,19.8,Islamabad
29/05/2020,30.3,23.3,2.5,20.9,Islamabad
30/05/2020,27.0,20.0,7.7,19.9,Islamabad
31/05/2020,26.7,19.4,2.0,14.8,Islamabad
01/06/2020,28.4,19.0,0.2,9.4,Islamabad
02/06/2020,27.0,20.4,5.7,8.3,Islamabad
03/06/2020,30.2,19.0,0.6,8.8,Islamabad
04/06/2020,31.7,20.6,0.0,7.2,Islamabad
05/06/2020,30.7,21.7,0.4,11.0,Islamabad
06/06/2020,29.1,22.2,1.0,19.1,Islamabad
07/06/2020,31.0,20.8,0.2,10.2,Islamabad
08/06/2020,33.3,23.0,0.8,14.8,Islamabad
09/06/2020,33.3,23.1,2.0,10.4,Islamabad
10/06/2020,34.0,24.7,0.6,15.7,Islamabad
11/06/2020,32.5,24.6,1.1,10.4,Islamabad
12/06/2020,34.5,24.2,0.1,18.2,Islamabad
13/06/2020,33.6,22.2,0.6,28.3,Islamabad
14/06/2020,35.4,22.9,0.0,13.1,Islamabad
15/06/2020,37.0,22.9,0.0,7.8,Islamabad
16/06/2020,37.0,23.9,0.0,8.4,Islamabad
17/06/2020,37.8,23.0,0.0,11.8,Islamabad
18/06/2020,37.4,24.3,0.0,19.3,Islamabad
19/06/2020,37.3,25.5,0.0,18.3,Islamabad
20/06/2020,36.3,25.8,0.0,16.6,Islamabad
21/06/2020,37.6,26.4,0.0,11.6,Islamabad
22/06/2020,36.5,26.1,0.0,14.5,Islamabad
23/06/2020,35.9,27.8,0.1,15.3,Islamabad
24/06/2020,31.1,23.9,31.6,15.3,Islamabad
25/06/2020,32.1,23.8,11.1,11.4,Islamabad
26/06/2020,32.9,24.5,0.3,7.4,Islamabad
27/06/2020,34.7,26.1,0.0,13.4,Islamabad
28/06/2020,33.5,25.5,3.4,16.6,Islamabad
29/06/2020,34.9,24.8,0.1,16.1,Islamabad
30/06/2020,35.4,24.9,0.0,7.8,Islamabad
01/07/2020,35.3,25.8,0.1,7.1,Islamabad
02/07/2020,36.6,25.8,0.0,8.8,Islamabad
03/07/2020,38.0,25.9,0.0,9.7,Islamabad
04/07/2020,34.7,25.4,8.6,16.2,Islamabad
05/07/2020,30.9,22.1,11.9,13.8,Islamabad
06/07/2020,33.2,24.2,0.0,9.4,Islamabad
07/07/2020,34.6,24.6,0.0,8.7,Islamabad
08/07/2020,33.7,23.9,1.5,15.5,Islamabad
09/07/2020,34.1,26.0,0.1,12.2,Islamabad
10/07/2020,35.2,26.7,1.3,13.2,Islamabad
11/07/2020,35.9,27.0,0.0,13.8,Islamabad
12/07/2020,33.8,24.1,11.7,11.2,Islamabad
13/07/2020,34.3,25.1,0.1,13.8,Islamabad
14/07/2020,35.6,25.4,0.8,10.4,Islamabad
15/07/2020,34.1,26.5,1.2,12.6,Islamabad
16/07/2020,32.2,25.4,17.7,10.9,Islamabad
17/07/2020,33.9,25.2,0.0,8.9,Islamabad
18/07/2020,35.4,26.0,0.0,9.9,Islamabad
19/07/2020,35.2,26.7,2.5,9.2,Islamabad
20/07/2020,32.9,25.9,3.4,13.0,Islamabad
21/07/2020,25.7,22.1,24.2,17.1,Islamabad
22/07/2020,31.6,21.1,2.9,9.2,Islamabad
23/07/2020,33.9,23.3,0.0,11.6,Islamabad
24/07/2020,33.3,25.7,3.4,14.4,Islamabad
25/07/2020,33.3,24.1,5.0,14.4,Islamabad
26/07/2020,31.2,24.4,11.8,10.4,Islamabad
27/07/2020,33.7,25.0,3.4,10.4,Islamabad
28/07/2020,34.4,25.2,3.7,11.4,Islamabad
29/07/2020,33.9,26.2,4.9,13.9,Islamabad
30/07/2020,30.8,22.9,15.1,13.9,Islamabad
31/07/2020,31.7,24.3,14.8,10.9,Islamabad
01/08/2020,31.3,23.1,17.1,9.2,Islamabad
02/08/2020,33.7,25.3,0.7,9.6,Islamabad
03/08/2020,32.9,26.3,2.7,11.2,Islamabad
04/08/2020,33.4,25.7,2.4,7.7,Islamabad
05/08/2020,35.5,26.3,0.0,11.9,Islamabad
06/08/2020,35.7,26.8,0.0,10.6,Islamabad
07/08/2020,33.4,28.1,2.7,13.0,Islamabad
08/08/2020,33.9,26.4,1.1,12.2,Islamabad
09/08/2020,32.9,25.9,18.0,11.2,Islamabad
10/08/2020,32.9,25.3,14.0,8.4,Islamabad
11/08/2020,32.7,24.6,3.4,11.7,Islamabad
12/08/2020,35.3,26.3,2.7,10.3,Islamabad
13/08/2020,32.6,25.7,14.8,14.0,Islamabad
14/08/2020,30.3,25.2,11.9,16.3,Islamabad
15/08/2020,31.3,25.1,1.1,10.2,Islamabad
16/08/2020,33.6,25.9,0.8,10.8,Islamabad
17/08/2020,34.1,26.1,0.9,16.3,Islamabad
18/08/2020,31.9,25.5,9.5,12.3,Islamabad
19/08/2020,30.2,24.3,36.3,15.8,Islamabad
20/08/2020,27.1,23.8,146.4,20.0,Islamabad
21/08/2020,29.3,22.9,1.5,17.2,Islamabad
22/08/2020,31.8,22.9,0.0,7.6,Islamabad
23/08/2020,31.9,24.5,0.4,9.2,Islamabad
24/08/2020,31.7,25.7,2.8,11.6,Islamabad
25/08/2020,30.6,23.8,11.7,14.2,Islamabad
26/08/2020,30.0,24.1,18.1,13.0,Islamabad
27/08/2020,25.7,23.0,58.7,12.5,Islamabad
28/08/2020,28.9,22.1,2.7,10.1,Islamabad
29/08/2020,31.1,22.2,0.0,6.7,Islamabad
30/08/2020,32.1,23.8,0.0,8.4,Islamabad
31/08/2020,26.5,23.1,10.9,10.7,Islamabad
01/09/2020,28.5,22.5,31.3,12.6,Islamabad
02/09/2020,29.4,22.5,19.6,9.2,Islamabad
03/09/2020,28.2,23.8,5.8,10.5,Islamabad
04/09/2020,29.4,23.1,13.6,13.2,Islamabad
05/09/2020,30.5,22.5,0.3,6.9,Islamabad
06/09/2020,30.4,23.2,1.3,10.2,Islamabad
07/09/2020,30.9,22.0,4.7,11.4,Islamabad
08/09/2020,31.8,21.6,0.0,7.9,Islamabad
09/09/2020,32.0,22.4,0.0,10.0,Islamabad
10/09/2020,32.2,22.3,0.0,8.2,Islamabad
11/09/2020,31.7,21.9,0.0,10.2,Islamabad
12/09/2020,32.6,22.9,0.0,9.5,Islamabad
13/09/2020,32.5,22.2,0.0,8.9,Islamabad
14/09/2020,32.7,22.1,0.1,7.9,Islamabad
15/09/2020,33.1,24.3,0.0,11.5,Islamabad
16/09/2020,33.5,24.0,0.0,12.3,Islamabad
17/09/2020,34.1,22.8,0.0,9.4,Islamabad
18/09/2020,33.5,21.7,0.0,9.7,Islamabad
19/09/2020,33.7,23.1,0.0,8.7,Islamabad
20/09/2020,33.1,22.2,0.0,13.0,Islamabad
21/09/2020,33.8,20.4,0.0,9.7,Islamabad
22/09/2020,34.1,20.8,0.0,10.2,Islamabad
23/09/2020,33.9,21.3,0.0,12.0,Islamabad
24/09/2020,33.7,21.0,0.0,12.7,Islamabad
25/09/2020,32.9,21.9,1.4,11.6,Islamabad
26/09/2020,30.1,21.5,1.8,17.5,Islamabad
27/09/2020,30.9,19.9,0.2,11.0,Islamabad
28/09/2020,31.7,20.2,0.0,9.5,Islamabad
29/09/2020,30.9,20.1,0.0,10.4,Islamabad
30/09/2020,31.7,20.1,0.0,9.7,Islamabad
01/10/2020,31.8,20.2,0.0,13.6,Islamabad
02/10/2020,32.0,19.8,0.0,10.2,Islamabad
03/10/2020,31.6,18.3,0.0,11.8,Islamabad
04/10/2020,32.3,19.6,0.0,8.7,Islamabad
05/10/2020,32.6,18.3,0.0,11.9,Islamabad
06/10/2020,31.8,19.4,0.0,8.7,Islamabad
07/10/2020,32.3,18.9,0.0,10.9,Islamabad
08/10/2020,32.0,18.8,0.0,10.5,Islamabad
09/10/2020,31.7,19.7,0.0,7.1,Islamabad
10/10/2020,31.9,19.0,0.0,9.7,Islamabad
11/10/2020,31.5,18.9,0.0,11.5,Islamabad
12/10/2020,32.1,18.8,0.0,12.7,Islamabad
13/10/2020,30.4,19.8,0.0,16.8,Islamabad
14/10/2020,30.4,18.6,0.0,12.6,Islamabad
15/10/2020,30.3,17.5,0.0,12.6,Islamabad
16/10/2020,30.5,17.6,0.0,10.5,Islamabad
17/10/2020,30.4,17.4,0.0,8.3,Islamabad
18/10/2020,30.2,17.0,0.0,10.9,Islamabad
19/10/2020,29.3,17.4,0.0,7.1,Islamabad
20/10/2020,29.1,15.7,0.0,9.7,Islamabad
21/10/2020,28.3,17.0,0.0,8.7,Islamabad
22/10/2020,28.0,15.8,0.0,9.7,Islamabad
23/10/2020,28.5,15.7,0.0,10.7,Islamabad
24/10/2020,28.0,15.8,0.0,8.7,Islamabad
25/10/2020,23.2,16.9,0.0,25.9,Islamabad
26/10/2020,27.1,14.1,0.0,12.7,Islamabad
27/10/2020,26.7,13.9,0.0,10.7,Islamabad
28/10/2020,26.7,14.3,0.0,8.7,Islamabad
29/10/2020,26.6,14.6,0.0,9.7,Islamabad
30/10/2020,26.2,14.1,0.0,16.6,Islamabad
31/10/2020,26.9,14.0,0.0,13.5,Islamabad
01/11/2020,27.5,13.9,0.0,12.8,Islamabad
02/11/2020,27.4,14.5,0.0,12.0,Islamabad
03/11/2020,26.6,13.8,0.0,9.0,Islamabad
04/11/2020,26.0,12.9,0.0,8.4,Islamabad
05/11/2020,26.0,12.5,0.0,9.7,Islamabad
06/11/2020,26.1,12.9,0.0,15.3,Islamabad
07/11/2020,26.7,12.9,0.0,16.9,Islamabad
08/11/2020,25.8,13.7,0.0,9.5,Islamabad
09/11/2020,24.5,11.9,0.0,10.0,Islamabad
10/11/2020,24.9,13.9,0.0,9.5,Islamabad
11/11/2020,24.9,13.3,0.0,6.8,Islamabad
12/11/2020,24.9,13.1,0.0,6.5,Islamabad
13/11/2020,24.6,12.3,0.0,14.9,Islamabad
14/11/2020,18.7,13.4,5.8,21.2,Islamabad
15/11/2020,15.5,11.5,35.1,15.9,Islamabad
16/11/2020,17.2,10.0,3.0,9.6,Islamabad
17/11/2020,18.8,9.3,0.0,11.7,Islamabad
18/11/2020,19.3,8.6,0.0,9.4,Islamabad
19/11/2020,16.3,9.9,1.8,13.0,Islamabad
20/11/2020,17.8,8.6,0.0,16.7,Islamabad
21/11/2020,17.8,8.0,0.0,12.3,Islamabad
22/11/2020,16.4,7.3,0.0,8.6,Islamabad
23/11/2020,15.1,11.2,6.1,11.2,Islamabad
24/11/2020,15.2,9.2,3.7,9.5,Islamabad
25/11/2020,12.4,9.4,9.9,10.7,Islamabad
26/11/2020,16.9,8.6,0.0,14.8,Islamabad
27/11/2020,18.9,7.6,0.0,13.5,Islamabad
28/11/2020,20.6,9.6,0.0,13.0,Islamabad
29/11/2020,20.1,8.6,0.0,11.6,Islamabad
30/11/2020,20.9,8.1,0.0,10.2,Islamabad
01/12/2020,22.0,10.0,0.0,10.0,Islamabad
02/12/2020,22.1,10.8,0.0,15.3,Islamabad
03/12/2020,21.6,10.2,0.0,11.2,Islamabad
04/12/2020,20.8,10.7,0.0,10.7,Islamabad
05/12/2020,20.4,10.1,0.1,9.9,Islamabad
06/12/2020,20.5,10.0,0.0,13.0,Islamabad
07/12/2020,17.2,11.7,0.6,9.2,Islamabad
08/12/2020,15.0,11.1,10.9,11.2,Islamabad
09/12/2020,18.4,9.7,1.9,10.0,Islamabad
10/12/2020,19.1,9.1,0.0,10.7,Islamabad
11/12/2020,16.7,9.6,11.5,14.3,Islamabad
12/12/2020,12.4,8.0,10.7,11.0,Islamabad
13/12/2020,15.1,6.4,0.0,8.3,Islamabad
14/12/2020,14.8,6.0,0.2,8.4,Islamabad
15/12/2020,13.4,5.4,0.0,14.9,Islamabad
16/12/2020,13.9,3.7,0.0,15.0,Islamabad
17/12/2020,14.6,5.4,0.0,15.8,Islamabad
18/12/2020,15.7,4.6,0.0,16.0,Islamabad
19/12/2020,17.1,4.2,0.0,10.7,Islamabad
20/12/2020,18.0,6.7,0.0,8.6,Islamabad
21/12/2020,17.6,7.0,0.0,12.3,Islamabad
22/12/2020,19.1,8.4,0.0,11.1,Islamabad
23/12/2020,17.6,6.0,0.0,8.7,Islamabad
24/12/2020,17.4,5.9,0.0,8.9,Islamabad
25/12/2020,16.1,7.4,0.0,8.3,Islamabad
26/12/2020,17.2,6.2,0.0,9.9,Islamabad
27/12/2020,11.6,5.7,10.9,22.5,Islamabad
28/12/2020,12.0,4.8,0.1,15.3,Islamabad
29/12/2020,13.8,5.7,0.0,15.1,Islamabad
30/12/2020,15.4,5.2,0.0,12.8,Islamabad
31/12/2020,16.5,3.3,0.0,14.0,Islamabad
01/01/2021,16.9,4.7,0.0,10.9,Islamabad
02/01/2021,17.8,4.8,0.0,10.5,Islamabad
03/01/2021,18.2,5.7,1.3,13.0,Islamabad
04/01/2021,16.3,9.5,0.6,15.5,Islamabad
05/01/2021,14.8,9.3,26.9,15.8,Islamabad
06/01/2021,15.3,8.1,0.0,8.9,Islamabad
07/01/2021,16.8,6.5,0.0,8.2,Islamabad
08/01/2021,14.5,6.4,0.2,10.6,Islamabad
09/01/2021,17.0,5.5,0.0,11.1,Islamabad
10/01/2021,17.2,6.5,0.0,14.5,Islamabad
11/01/2021,18.1,6.1,0.0,11.3,Islamabad
12/01/2021,17.6,5.4,0.0,12.3,Islamabad
13/01/2021,17.5,5.2,0.0,11.0,Islamabad
14/01/2021,16.5,4.5,0.0,9.6,Islamabad
15/01/2021,15.3,3.9,0.0,9.2,Islamabad
16/01/2021,17.2,3.9,0.0,9.1,Islamabad
17/01/2021,14.7,4.1,0.0,12.0,Islamabad
18/01/2021,16.0,7.2,0.0,11.1,Islamabad
19/01/2021,18.6,6.7,0.0,9.7,Islamabad
20/01/2021,19.0,6.2,0.0,18.2,Islamabad
21/01/2021,20.4,5.0,0.0,12.5,Islamabad
22/01/2021,18.3,5.4,0.9,13.0,Islamabad
23/01/2021,13.5,6.8,11.3,17.9,Islamabad
24/01/2021,16.1,4.7,0.0,13.0,Islamabad
25/01/2021,17.2,4.9,0.0,10.0,Islamabad
26/01/2021,17.3,5.6,0.0,7.4,Islamabad
27/01/2021,17.6,5.4,0.0,12.8,Islamabad
28/01/2021,17.2,4.4,0.0,6.8,Islamabad
29/01/2021,17.6,5.4,0.0,11.9,Islamabad
30/01/2021,18.4,4.7,0.0,10.9,Islamabad
31/01/2021,18.0,6.1,0.0,9.9,Islamabad
01/02/2021,19.9,7.8,0.0,11.5,Islamabad
02/02/2021,18.0,7.2,0.0,11.3,Islamabad
03/02/2021,17.6,8.6,1.9,13.5,Islamabad
04/02/2021,15.5,7.2,0.2,9.8,Islamabad
05/02/2021,17.2,6.4,0.0,10.7,Islamabad
06/02/2021,18.0,6.8,0.0,12.4,Islamabad
07/02/2021,20.7,6.6,0.0,10.3,Islamabad
08/02/2021,21.7,9.3,0.0,11.3,Islamabad
09/02/2021,21.8,10.5,0.0,12.5,Islamabad
10/02/2021,23.0,9.3,0.0,11.8,Islamabad
11/02/2021,23.0,11.0,0.0,8.0,Islamabad
12/02/2021,24.0,9.3,0.0,9.2,Islamabad
13/02/2021,22.3,11.4,0.0,9.4,Islamabad
14/02/2021,23.1,10.8,0.0,13.1,Islamabad
15/02/2021,23.3,10.2,0.0,8.0,Islamabad
16/02/2021,24.0,10.9,0.0,13.2,Islamabad
17/02/2021,23.8,10.5,0.0,11.2,Islamabad
18/02/2021,23.7,10.3,0.0,10.3,Islamabad
19/02/2021,23.8,10.9,0.0,9.4,Islamabad
20/02/2021,22.3,11.2,0.0,6.9,Islamabad
21/02/2021,25.4,10.9,0.0,12.9,Islamabad
22/02/2021,23.6,12.6,0.0,11.0,Islamabad
23/02/2021,24.9,13.5,0.2,12.0,Islamabad
24/02/2021,24.6,12.7,0.0,12.3,Islamabad
25/02/2021,25.7,14.0,0.7,13.0,Islamabad
26/02/2021,21.3,14.2,9.2,19.0,Islamabad
27/02/2021,21.2,11.7,1.1,12.8,Islamabad
28/02/2021,22.6,10.3,0.0,9.2,Islamabad
01/03/2021,24.0,11.2,0.0,13.2,Islamabad
02/03/2021,24.7,11.8,0.0,17.0,Islamabad
03/03/2021,26.2,11.4,0.0,11.6,Islamabad
04/03/2021,25.9,12.9,0.0,10.2,Islamabad
05/03/2021,26.4,13.1,0.0,15.6,Islamabad
06/03/2021,24.7,14.4,0.1,14.2,Islamabad
07/03/2021,24.5,14.2,1.0,12.7,Islamabad
08/03/2021,23.0,13.3,5.9,19.4,Islamabad
09/03/2021,26.5,13.0,0.0,11.6,Islamabad
10/03/2021,24.3,15.3,0.5,19.1,Islamabad
11/03/2021,20.1,14.1,4.6,22.7,Islamabad
12/03/2021,18.7,12.6,6.3,21.0,Islamabad
13/03/2021,25.1,11.2,0.0,14.8,Islamabad
14/03/2021,19.7,14.0,2.5,15.8,Islamabad
15/03/2021,24.9,12.4,0.0,11.8,Islamabad
16/03/2021,25.7,13.1,0.0,9.8,Islamabad
17/03/2021,26.2,14.5,0.0,14.0,Islamabad
18/03/2021,27.7,14.9,0.0,13.7,Islamabad
19/03/2021,28.2,15.0,0.0,11.2,Islamabad
20/03/2021,29.1,15.9,0.0,12.9,Islamabad
21/03/2021,21.6,15.6,8.0,17.8,Islamabad
22/03/2021,19.3,13.4,11.6,18.9,Islamabad
23/03/2021,18.9,13.1,37.2,33.8,Islamabad
24/03/2021,20.0,12.0,4.1,10.4,Islamabad
25/03/2021,23.9,11.8,0.0,18.6,Islamabad
26/03/2021,26.2,13.5,0.0,10.0,Islamabad
27/03/2021,26.3,14.5,0.0,17.3,Islamabad
28/03/2021,28.3,16.4,0.3,17.4,Islamabad
29/03/2021,27.9,18.5,3.1,16.1,Islamabad
30/03/2021,26.6,16.5,0.0,22.8,Islamabad
31/03/2021,25.4,15.3,0.0,27.3,Islamabad
01/04/2021,25.3,16.6,0.0,36.5,Islamabad
02/04/2021,25.0,14.3,0.0,29.4,Islamabad
03/04/2021,27.1,10.9,0.0,11.5,Islamabad
04/04/2021,25.8,15.4,0.0,17.2,Islamabad
05/04/2021,28.3,15.9,0.2,11.6,Islamabad
06/04/2021,26.0,16.0,12.4,14.5,Islamabad
07/04/2021,24.1,13.1,0.0,11.5,Islamabad
08/04/2021,26.3,14.9,0.0,14.3,Islamabad
09/04/2021,28.3,14.7,0.0,8.5,Islamabad
10/04/2021,29.3,15.8,0.0,13.8,Islamabad
11/04/2021,28.5,17.7,0.6,18.8,Islamabad
12/04/2021,29.5,16.8,0.0,11.6,Islamabad
13/04/2021,30.9,18.5,0.0,14.7,Islamabad
14/04/2021,31.4,19.4,0.0,11.8,Islamabad
15/04/2021,26.3,18.3,3.2,21.9,Islamabad
16/04/2021,25.4,16.2,2.6,13.0,Islamabad
17/04/2021,21.2,15.2,5.0,14.4,Islamabad
18/04/2021,23.8,14.4,4.7,13.3,Islamabad
19/04/2021,28.1,15.2,0.0,11.7,Islamabad
20/04/2021,25.6,16.4,0.4,11.9,Islamabad
21/04/2021,25.4,15.0,0.2,15.7,Islamabad
22/04/2021,21.2,13.0,15.6,21.6,Islamabad
23/04/2021,23.9,13.1,3.2,14.8,Islamabad
24/04/2021,28.6,13.4,0.0,13.0,Islamabad
25/04/2021,32.5,15.7,0.0,10.6,Islamabad
26/04/2021,34.4,18.6,0.0,14.8,Islamabad
27/04/2021,35.3,19.6,0.0,16.1,Islamabad
28/04/2021,36.9,20.4,0.0,23.7,Islamabad
29/04/2021,35.7,21.3,0.0,12.8,Islamabad
30/04/2021,36.7,21.6,0.2,13.4,Islamabad
01/05/2021,36.6,22.4,0.0,15.4,Islamabad
02/05/2021,35.8,22.0,0.0,19.7,Islamabad
03/05/2021,36.4,23.7,0.0,13.9,Islamabad
04/05/2021,32.1,22.5,0.6,18.1,Islamabad
05/05/2021,31.5,20.3,0.5,18.3,Islamabad
06/05/2021,32.5,21.5,0.0,21.1,Islamabad
07/05/2021,31.5,20.6,0.8,17.5,Islamabad
08/05/2021,32.2,19.5,0.7,19.4,Islamabad
09/05/2021,31.8,20.7,1.4,14.1,Islamabad
10/05/2021,33.3,21.5,0.9,19.5,Islamabad
11/05/2021,29.4,20.2,0.5,13.6,Islamabad
12/05/2021,30.4,20.0,0.7,13.9,Islamabad
13/05/2021,28.6,18.4,2.1,16.3,Islamabad
14/05/2021,27.5,18.2,5.8,19.1,Islamabad
15/05/2021,29.5,20.2,0.5,18.7,Islamabad
16/05/2021,31.7,19.3,0.3,18.2,Islamabad
17/05/2021,33.3,20.1,0.0,15.3,Islamabad
18/05/2021,35.6,21.9,0.0,10.2,Islamabad
19/05/2021,34.6,22.7,0.0,14.0,Islamabad
20/05/2021,33.5,20.4,0.0,23.1,Islamabad
21/05/2021,33.3,20.4,0.0,17.9,Islamabad
22/05/2021,32.6,20.3,0.0,21.2,Islamabad
23/05/2021,29.8,21.9,0.2,14.3,Islamabad
24/05/2021,32.8,20.5,0.0,18.1,Islamabad
25/05/2021,35.2,21.9,0.0,13.2,Islamabad
26/05/2021,37.1,22.3,0.0,14.5,Islamabad
27/05/2021,39.1,24.3,0.0,16.4,Islamabad
28/05/2021,40.4,25.1,0.0,20.4,Islamabad
29/05/2021,37.6,25.1,0.2,20.1,Islamabad
30/05/2021,36.5,24.8,0.1,15.6,Islamabad
31/05/2021,34.0,24.8,6.1,22.8,Islamabad
01/06/2021,32.6,22.7,0.8,18.2,Islamabad
02/06/2021,33.5,22.2,0.9,14.0,Islamabad
03/06/2021,31.7,24.3,1.3,15.4,Islamabad
04/06/2021,35.4,23.5,0.0,8.4,Islamabad
05/06/2021,35.9,24.8,0.0,18.6,Islamabad
06/06/2021,38.2,25.6,0.0,10.6,Islamabad
07/06/2021,40.1,26.9,0.0,9.2,Islamabad
08/06/2021,41.9,27.3,0.0,8.9,Islamabad
09/06/2021,43.3,29.5,0.0,9.8,Islamabad
10/06/2021,43.3,29.2,0.0,14.3,Islamabad
11/06/2021,38.0,29.1,0.2,13.7,Islamabad
12/06/2021,37.6,27.6,1.7,17.4,Islamabad
13/06/2021,33.0,22.9,3.6,19.9,Islamabad
14/06/2021,33.2,22.1,8.4,16.4,Islamabad
15/06/2021,33.5,22.0,0.5,16.5,Islamabad
16/06/2021,32.2,23.8,0.1,17.4,Islamabad
17/06/2021,33.0,21.9,0.0,10.5,Islamabad
18/06/2021,35.8,23.1,0.0,10.5,Islamabad
19/06/2021,37.1,22.6,0.0,11.3,Islamabad
20/06/2021,33.9,25.4,0.2,15.5,Islamabad
21/06/2021,35.5,23.3,0.0,16.7,Islamabad
22/06/2021,38.1,23.4,0.0,15.1,Islamabad
23/06/2021,38.4,24.0,0.0,15.8,Islamabad
24/06/2021,37.2,25.6,0.0,18.2,Islamabad
25/06/2021,36.1,25.3,0.0,14.0,Islamabad
26/06/2021,35.3,24.1,0.3,14.3,Islamabad
27/06/2021,37.2,24.9,0.0,15.5,Islamabad
28/06/2021,38.7,25.2,0.0,15.3,Islamabad
29/06/2021,40.5,26.4,0.0,16.0,Islamabad
30/06/2021,41.9,27.2,0.0,12.0,Islamabad
01/07/2021,39.6,28.3,0.0,16.6,Islamabad
02/07/2021,37.4,28.4,0.1,15.8,Islamabad
03/07/2021,36.4,26.7,0.1,17.1,Islamabad
04/07/2021,37.1,26.2,0.0,13.3,Islamabad
05/07/2021,36.8,25.8,0.0,11.6,Islamabad
06/07/2021,38.6,26.1,0.0,13.6,Islamabad
07/07/2021,38.6,27.0,0.5,17.1,Islamabad
08/07/2021,39.4,27.5,0.0,12.3,Islamabad
09/07/2021,37.1,29.8,0.0,17.3,Islamabad
10/07/2021,35.0,26.6,3.7,15.1,Islamabad
11/07/2021,35.6,25.2,2.0,13.6,Islamabad
12/07/2021,28.8,24.0,12.5,21.9,Islamabad
13/07/2021,31.0,23.6,0.6,13.7,Islamabad
14/07/2021,30.5,22.8,25.4,15.1,Islamabad
15/07/2021,33.3,23.4,0.0,9.1,Islamabad
16/07/2021,34.2,25.7,0.3,10.5,Islamabad
17/07/2021,36.0,27.1,0.7,10.6,Islamabad
18/07/2021,37.7,27.9,0.2,12.5,Islamabad
19/07/2021,32.3,24.4,13.1,19.5,Islamabad
20/07/2021,29.4,23.6,43.2,19.1,Islamabad
21/07/2021,29.5,23.0,6.1,9.0,Islamabad
22/07/2021,32.5,23.5,0.0,6.0,Islamabad
23/07/2021,33.3,24.2,0.2,14.2,Islamabad
24/07/2021,35.1,25.8,0.0,9.8,Islamabad
25/07/2021,35.2,27.3,0.2,10.1,Islamabad
26/07/2021,31.7,27.5,0.7,13.6,Islamabad
27/07/2021,30.6,25.8,8.7,16.5,Islamabad
28/07/2021,29.3,25.0,26.1,20.5,Islamabad
29/07/2021,31.2,23.2,0.0,15.1,Islamabad
30/07/2021,31.8,25.0,0.0,12.9,Islamabad
31/07/2021,31.7,25.1,5.9,10.9,Islamabad
01/08/2021,32.2,24.5,1.4,8.7,Islamabad
02/08/2021,33.1,25.3,3.5,6.6,Islamabad
03/08/2021,32.4,24.4,3.8,10.6,Islamabad
04/08/2021,31.7,23.2,14.6,12.4,Islamabad
05/08/2021,32.6,23.8,3.7,11.7,Islamabad
06/08/2021,32.0,23.0,8.3,12.9,Islamabad
07/08/2021,32.5,24.3,0.2,8.0,Islamabad
08/08/2021,32.0,24.2,3.6,12.2,Islamabad
09/08/2021,31.8,23.8,5.9,14.2,Islamabad
10/08/2021,31.6,24.6,3.3,10.7,Islamabad
11/08/2021,32.8,25.0,0.4,9.0,Islamabad
12/08/2021,32.7,25.6,4.0,11.2,Islamabad
13/08/2021,32.4,24.6,5.1,12.0,Islamabad
14/08/2021,31.6,23.6,10.9,10.7,Islamabad
15/08/2021,30.9,22.2,14.3,14.1,Islamabad
16/08/2021,33.0,23.5,0.0,7.4,Islamabad
17/08/2021,33.9,22.7,0.0,10.2,Islamabad
18/08/2021,34.0,23.1,0.0,10.7,Islamabad
19/08/2021,34.3,24.2,0.0,12.1,Islamabad
20/08/2021,34.4,24.5,0.0,13.0,Islamabad
21/08/2021,33.2,23.9,6.0,10.5,Islamabad
22/08/2021,32.2,24.5,0.4,11.6,Islamabad
23/08/2021,34.1,24.1,0.0,9.1,Islamabad
24/08/2021,35.5,25.9,0.0,8.0,Islamabad
25/08/2021,35.7,26.8,0.5,11.9,Islamabad
26/08/2021,35.5,26.9,1.7,15.2,Islamabad
27/08/2021,36.9,26.5,5.2,15.4,Islamabad
28/08/2021,31.3,23.8,15.7,14.4,Islamabad
29/08/2021,30.4,23.2,19.2,11.8,Islamabad
30/08/2021,30.0,24.1,13.1,12.3,Islamabad
31/08/2021,29.9,22.6,2.6,9.5,Islamabad
01/09/2021,31.7,23.3,0.0,10.1,Islamabad
02/09/2021,33.6,23.0,0.0,9.2,Islamabad
03/09/2021,33.8,24.1,0.0,16.9,Islamabad
04/09/2021,34.1,23.7,0.0,10.0,Islamabad
05/09/2021,32.8,25.5,0.4,11.0,Islamabad
06/09/2021,35.0,25.7,0.1,10.8,Islamabad
07/09/2021,34.5,26.8,3.1,13.5,Islamabad
08/09/2021,26.9,23.9,67.1,15.2,Islamabad
09/09/2021,29.5,23.6,5.7,10.8,Islamabad
10/09/2021,29.6,23.4,3.9,15.5,Islamabad
11/09/2021,28.1,23.1,4.1,14.2,Islamabad
12/09/2021,28.9,23.2,0.2,9.6,Islamabad
13/09/2021,31.4,22.5,0.1,6.6,Islamabad
14/09/2021,32.4,23.5,0.0,8.1,Islamabad
15/09/2021,32.5,24.0,0.2,8.2,Islamabad
16/09/2021,33.2,23.6,0.0,11.2,Islamabad
17/09/2021,31.4,24.9,0.1,12.7,Islamabad
18/09/2021,32.1,24.2,0.1,9.4,Islamabad
19/09/2021,31.8,24.9,0.0,10.5,Islamabad
20/09/2021,31.2,24.9,6.8,12.5,Islamabad
21/09/2021,29.0,23.1,39.2,13.0,Islamabad
22/09/2021,30.2,21.6,5.0,14.1,Islamabad
23/09/2021,29.1,20.5,11.5,14.7,Islamabad
24/09/2021,29.9,22.0,0.0,8.4,Islamabad
25/09/2021,31.7,22.2,0.0,13.0,Islamabad
26/09/2021,32.4,23.2,0.0,11.1,Islamabad
27/09/2021,32.3,23.4,0.1,10.6,Islamabad
28/09/2021,33.2,23.8,0.0,10.1,Islamabad
29/09/2021,31.3,24.4,3.0,12.8,Islamabad
30/09/2021,31.8,24.2,0.3,9.0,Islamabad
01/10/2021,31.5,22.9,3.2,10.4,Islamabad
02/10/2021,29.1,23.1,13.9,10.0,Islamabad
03/10/2021,30.6,22.1,2.1,13.1,Islamabad
04/10/2021,30.4,21.5,0.2,12.5,Islamabad
05/10/2021,30.2,22.3,0.4,12.1,Islamabad
06/10/2021,32.1,21.3,0.0,13.6,Islamabad
07/10/2021,32.0,21.0,0.0,10.0,Islamabad
08/10/2021,32.2,20.7,0.0,8.9,Islamabad
09/10/2021,32.6,21.2,0.0,8.8,Islamabad
10/10/2021,28.5,19.7,0.2,9.8,Islamabad
11/10/2021,29.9,18.7,0.5,17.3,Islamabad
12/10/2021,29.4,18.3,0.1,20.5,Islamabad
13/10/2021,28.7,18.3,0.0,10.3,Islamabad
14/10/2021,29.6,16.8,0.0,13.7,Islamabad
15/10/2021,30.5,17.6,0.0,10.3,Islamabad
16/10/2021,31.4,19.0,0.0,10.9,Islamabad
17/10/2021,29.0,19.3,0.3,22.0,Islamabad
18/10/2021,27.0,17.2,0.0,11.3,Islamabad
19/10/2021,28.0,17.4,0.0,17.1,Islamabad
20/10/2021,29.3,17.1,0.0,9.6,Islamabad
21/10/2021,29.8,17.5,0.0,11.0,Islamabad
22/10/2021,28.0,16.4,13.7,29.0,Islamabad
23/10/2021,22.9,15.2,0.3,15.9,Islamabad
24/10/2021,20.8,12.7,9.1,19.4,Islamabad
25/10/2021,22.8,11.8,0.0,11.0,Islamabad
26/10/2021,24.2,12.7,0.0,10.3,Islamabad
27/10/2021,25.7,13.8,0.0,11.5,Islamabad
28/10/2021,25.6,13.3,0.0,9.4,Islamabad
29/10/2021,26.0,13.0,0.0,8.4,Islamabad
30/10/2021,25.7,15.5,0.0,16.1,Islamabad
31/10/2021,26.0,15.6,0.0,10.5,Islamabad
01/11/2021,25.6,13.1,0.4,9.0,Islamabad
02/11/2021,24.1,14.8,0.2,13.7,Islamabad
03/11/2021,25.0,12.8,0.0,9.7,Islamabad
04/11/2021,24.9,13.1,0.0,11.3,Islamabad
05/11/2021,21.4,14.4,1.4,19.6,Islamabad
06/11/2021,24.5,11.2,0.0,17.1,Islamabad
07/11/2021,24.9,11.3,0.0,13.3,Islamabad
08/11/2021,25.2,12.9,0.0,16.1,Islamabad
09/11/2021,25.7,12.1,0.0,8.7,Islamabad
10/11/2021,25.3,12.6,0.0,11.6,Islamabad
11/11/2021,25.5,13.0,0.0,12.3,Islamabad
12/11/2021,25.4,12.4,0.0,13.2,Islamabad
13/11/2021,24.8,10.9,0.0,8.9,Islamabad
14/11/2021,24.1,10.5,0.0,10.6,Islamabad
15/11/2021,23.4,11.5,0.0,11.5,Islamabad
16/11/2021,23.0,9.7,0.0,8.9,Islamabad
17/11/2021,22.5,10.3,0.0,8.0,Islamabad
18/11/2021,22.1,10.9,0.0,10.4,Islamabad
19/11/2021,22.5,9.8,0.0,13.6,Islamabad
20/11/2021,22.3,10.4,0.0,9.6,Islamabad
21/11/2021,22.5,9.9,0.0,12.6,Islamabad
22/11/2021,22.5,9.0,0.0,16.9,Islamabad
23/11/2021,22.2,9.3,0.0,8.9,Islamabad
24/11/2021,22.5,9.9,0.0,10.9,Islamabad
25/11/2021,23.1,10.8,0.0,11.3,Islamabad
26/11/2021,21.9,8.6,0.0,9.0,Islamabad
27/11/2021,22.1,10.2,0.0,10.1,Islamabad
28/11/2021,22.1,10.6,0.0,10.3,Islamabad
29/11/2021,21.2,9.7,0.0,13.8,Islamabad
30/11/2021,21.8,8.6,0.0,13.4,Islamabad
01/12/2021,20.9,8.2,0.0,10.9,Islamabad
02/12/2021,21.0,8.9,0.0,7.4,Islamabad
03/12/2021,20.8,10.8,0.0,10.8,Islamabad
04/12/2021,22.1,9.4,0.0,9.7,Islamabad
05/12/2021,17.2,10.9,5.0,20.3,Islamabad
06/12/2021,18.4,8.6,0.0,12.9,Islamabad
07/12/2021,19.5,7.7,0.0,10.1,Islamabad
08/12/2021,20.3,6.5,0.0,10.7,Islamabad
09/12/2021,20.6,8.3,0.0,9.3,Islamabad
10/12/2021,20.3,7.8,0.0,10.9,Islamabad
11/12/2021,19.5,7.0,0.0,7.5,Islamabad
12/12/2021,17.8,7.3,0.0,6.1,Islamabad
13/12/2021,17.8,6.8,0.0,7.5,Islamabad
14/12/2021,15.8,4.5,0.0,11.3,Islamabad
15/12/2021,16.4,4.9,0.0,15.3,Islamabad
16/12/2021,14.1,3.7,0.2,18.9,Islamabad
17/12/2021,14.8,3.7,0.0,17.1,Islamabad
18/12/2021,15.0,3.2,0.0,9.5,Islamabad
19/12/2021,16.4,2.1,0.0,9.6,Islamabad
20/12/2021,16.0,2.7,1.2,9.7,Islamabad
21/12/2021,17.4,4.0,0.0,11.1,Islamabad
22/12/2021,17.9,7.5,0.0,8.7,Islamabad
23/12/2021,18.8,7.7,0.0,9.7,Islamabad
24/12/2021,18.8,8.7,0.0,9.2,Islamabad
25/12/2021,18.8,7.2,0.0,8.8,Islamabad
26/12/2021,13.5,7.7,7.6,12.0,Islamabad
27/12/2021,13.1,7.1,15.0,14.3,Islamabad
28/12/2021,15.4,5.2,0.0,16.8,Islamabad
29/12/2021,16.3,4.7,0.0,13.0,Islamabad
30/12/2021,16.4,5.2,0.0,7.6,Islamabad
31/12/2021,16.5,5.2,0.0,12.8,Islamabad
01/01/2022,14.6,6.0,0.0,12.6,Islamabad
02/01/2022,17.8,6.0,0.1,11.1,Islamabad
03/01/2022,16.5,7.1,4.4,22.2,Islamabad
04/01/2022,12.8,9.0,9.2,15.5,Islamabad
05/01/2022,10.9,8.3,31.1,14.3,Islamabad
06/01/2022,14.0,8.5,1.4,7.3,Islamabad
07/01/2022,12.2,8.2,43.2,23.0,Islamabad
08/01/2022,12.0,5.8,26.3,32.8,Islamabad
09/01/2022,15.2,6.8,0.0,9.2,Islamabad
10/01/2022,14.4,4.6,0.0,9.2,Islamabad
11/01/2022,16.2,6.3,0.0,14.9,Islamabad
12/01/2022,16.2,6.4,0.0,10.4,Islamabad
13/01/2022,16.2,6.1,0.0,11.0,Islamabad
14/01/2022,16.5,5.0,0.0,13.8,Islamabad
15/01/2022,15.7,4.3,0.0,10.7,Islamabad
16/01/2022,16.4,4.7,0.0,8.4,Islamabad
17/01/2022,13.3,6.4,0.3,10.5,Islamabad
18/01/2022,16.9,6.0,0.0,14.3,Islamabad
19/01/2022,12.1,8.9,5.8,9.4,Islamabad
20/01/2022,15.6,6.9,0.0,9.2,Islamabad
21/01/2022,14.8,7.0,1.8,17.2,Islamabad
22/01/2022,10.0,7.9,15.7,18.6,Islamabad
23/01/2022,10.9,8.2,19.9,15.8,Islamabad
24/01/2022,13.9,5.8,2.3,9.1,Islamabad
25/01/2022,14.7,5.9,1.1,13.9,Islamabad
26/01/2022,14.8,4.6,0.0,11.0,Islamabad
27/01/2022,15.5,3.6,0.0,11.5,Islamabad
28/01/2022,16.0,3.7,0.0,11.7,Islamabad
29/01/2022,17.3,5.4,0.0,11.3,Islamabad
30/01/2022,18.2,5.5,0.0,12.7,Islamabad
31/01/2022,16.8,5.5,0.1,11.2,Islamabad
01/02/2022,17.0,5.8,0.0,17.9,Islamabad
02/02/2022,15.2,5.2,1.6,10.1,Islamabad
03/02/2022,14.4,6.9,1.1,14.2,Islamabad
04/02/2022,14.4,4.4,0.2,9.7,Islamabad
05/02/2022,15.8,4.3,0.0,12.7,Islamabad
06/02/2022,16.4,7.8,5.7,12.9,Islamabad
07/02/2022,16.9,7.7,0.2,7.4,Islamabad
08/02/2022,17.2,6.8,0.0,8.2,Islamabad
09/02/2022,16.6,6.2,0.2,12.2,Islamabad
10/02/2022,17.7,5.5,0.0,13.3,Islamabad
11/02/2022,17.9,7.1,0.0,18.9,Islamabad
12/02/2022,19.5,5.9,0.0,10.9,Islamabad
13/02/2022,20.0,7.0,0.0,12.1,Islamabad
14/02/2022,19.0,9.2,0.0,10.3,Islamabad
15/02/2022,19.2,8.8,0.6,10.8,Islamabad
16/02/2022,19.8,8.4,0.3,13.7,Islamabad
17/02/2022,18.2,7.9,2.7,17.1,Islamabad
18/02/2022,18.8,8.6,0.9,10.5,Islamabad
19/02/2022,20.3,7.2,0.0,14.5,Islamabad
20/02/2022,20.9,9.6,0.0,22.8,Islamabad
21/02/2022,22.5,8.7,0.0,16.6,Islamabad
22/02/2022,20.8,12.1,4.0,17.4,Islamabad
23/02/2022,13.4,11.1,24.3,21.6,Islamabad
24/02/2022,16.9,9.1,13.0,11.5,Islamabad
25/02/2022,14.4,8.1,14.4,18.5,Islamabad
26/02/2022,15.2,7.3,5.5,15.3,Islamabad
27/02/2022,18.2,5.7,0.0,13.6,Islamabad
28/02/2022,19.2,7.2,0.0,11.0,Islamabad
01/03/2022,20.0,10.3,0.0,10.3,Islamabad
02/03/2022,21.0,9.9,0.0,11.5,Islamabad
03/03/2022,15.6,10.4,6.0,22.7,Islamabad
04/03/2022,20.3,7.9,0.0,15.7,Islamabad
05/03/2022,22.2,9.5,0.0,13.9,Islamabad
06/03/2022,18.8,12.4,23.2,18.9,Islamabad
07/03/2022,20.3,12.1,6.2,12.6,Islamabad
08/03/2022,22.3,11.0,0.0,15.8,Islamabad
09/03/2022,22.2,12.9,5.3,29.6,Islamabad
10/03/2022,23.6,11.9,0.0,18.6,Islamabad
11/03/2022,25.3,12.5,0.0,13.6,Islamabad
12/03/2022,26.8,13.3,0.0,13.4,Islamabad
13/03/2022,27.4,14.5,0.0,17.0,Islamabad
14/03/2022,29.8,16.9,0.0,12.5,Islamabad
15/03/2022,28.8,17.8,0.0,15.0,Islamabad
16/03/2022,30.2,17.2,0.0,15.9,Islamabad
17/03/2022,31.4,17.8,0.0,15.4,Islamabad
18/03/2022,30.0,18.0,0.1,18.9,Islamabad
19/03/2022,27.5,17.8,8.2,40.8,Islamabad
20/03/2022,28.2,16.6,0.0,16.6,Islamabad
21/03/2022,29.3,17.8,0.0,10.0,Islamabad
22/03/2022,30.3,15.2,0.0,13.9,Islamabad
23/03/2022,30.2,15.7,0.0,13.6,Islamabad
24/03/2022,27.8,16.3,0.2,11.2,Islamabad
25/03/2022,28.6,15.4,0.0,16.0,Islamabad
26/03/2022,30.4,15.3,0.0,16.5,Islamabad
27/03/2022,31.8,16.9,0.0,12.1,Islamabad
28/03/2022,31.7,19.2,0.0,12.7,Islamabad
29/03/2022,32.2,18.4,0.0,11.4,Islamabad
30/03/2022,31.2,19.1,0.0,15.3,Islamabad
31/03/2022,31.0,17.7,0.0,19.6,Islamabad
01/04/2022,31.6,19.1,0.0,19.3,Islamabad
02/04/2022,33.4,18.0,0.0,16.1,Islamabad
03/04/2022,32.5,19.5,0.0,13.5,Islamabad
04/04/2022,31.9,17.8,0.0,18.2,Islamabad
05/04/2022,33.5,17.8,0.0,16.6,Islamabad
06/04/2022,34.0,19.5,0.0,12.7,Islamabad
07/04/2022,34.9,18.7,0.0,13.8,Islamabad
08/04/2022,36.2,19.1,0.0,10.6,Islamabad
09/04/2022,34.6,20.4,0.0,20.0,Islamabad
10/04/2022,35.5,19.9,0.0,18.0,Islamabad
11/04/2022,36.0,20.7,0.0,8.5,Islamabad
12/04/2022,35.2,22.0,0.0,31.9,Islamabad
13/04/2022,32.7,22.6,0.2,18.5,Islamabad
14/04/2022,30.4,19.1,0.0,21.1,Islamabad
15/04/2022,31.8,18.5,0.0,9.1,Islamabad
16/04/2022,33.2,18.6,0.0,11.3,Islamabad
17/04/2022,34.8,20.6,0.0,16.1,Islamabad
18/04/2022,35.6,21.0,0.0,20.9,Islamabad
19/04/2022,33.7,22.5,0.2,32.6,Islamabad
20/04/2022,32.6,20.2,0.2,23.3,Islamabad
21/04/2022,31.4,19.7,0.5,24.4,Islamabad
22/04/2022,29.1,19.0,1.7,13.8,Islamabad
23/04/2022,31.0,18.3,0.0,13.3,Islamabad
24/04/2022,33.0,18.9,0.0,17.8,Islamabad
25/04/2022,30.9,20.4,0.4,12.5,Islamabad
26/04/2022,34.5,20.3,0.0,16.0,Islamabad
27/04/2022,36.0,20.8,0.0,15.2,Islamabad
28/04/2022,38.1,22.3,0.0,12.3,Islamabad
29/04/2022,37.2,24.0,0.0,16.2,Islamabad
30/04/2022,37.2,22.8,0.0,12.1,Islamabad
01/05/2022,38.5,23.2,0.0,11.4,Islamabad
02/05/2022,36.3,23.9,0.0,20.4,Islamabad
03/05/2022,34.9,22.2,1.8,25.1,Islamabad
04/05/2022,28.3,20.7,3.1,26.4,Islamabad
05/05/2022,32.1,20.0,0.0,14.0,Islamabad
06/05/2022,34.2,20.3,0.0,12.4,Islamabad
07/05/2022,34.8,20.2,0.0,9.8,Islamabad
08/05/2022,37.3,22.1,0.0,10.2,Islamabad
09/05/2022,36.7,24.5,0.0,17.5,Islamabad
10/05/2022,37.6,23.4,0.0,20.8,Islamabad
11/05/2022,38.3,24.6,0.0,14.2,Islamabad
12/05/2022,38.6,24.0,0.0,12.1,Islamabad
13/05/2022,38.7,24.9,0.0,20.6,Islamabad
14/05/2022,41.3,24.4,0.0,16.9,Islamabad
15/05/2022,41.0,26.6,0.0,17.5,Islamabad
16/05/2022,39.4,24.8,0.0,19.4,Islamabad
17/05/2022,36.0,25.4,0.0,20.6,Islamabad
18/05/2022,37.4,23.3,0.0,11.9,Islamabad
19/05/2022,37.6,23.8,0.2,26.0,Islamabad
20/05/2022,35.5,25.7,0.0,26.8,Islamabad
21/05/2022,36.3,22.2,0.0,11.2,Islamabad
22/05/2022,36.1,23.0,0.0,16.8,Islamabad
23/05/2022,30.1,22.6,1.3,27.0,Islamabad
24/05/2022,31.4,20.0,0.0,16.3,Islamabad
25/05/2022,33.4,19.6,0.0,9.2,Islamabad
26/05/2022,36.4,23.3,0.0,9.5,Islamabad
27/05/2022,36.8,23.9,0.0,12.2,Islamabad
28/05/2022,37.3,25.9,0.0,16.9,Islamabad
29/05/2022,36.5,24.5,0.0,19.2,Islamabad
30/05/2022,37.2,23.3,0.0,10.3,Islamabad
31/05/2022,37.2,23.9,0.0,21.7,Islamabad
01/06/2022,36.4,23.5,0.0,20.1,Islamabad
02/06/2022,37.9,25.2,0.0,18.4,Islamabad
03/06/2022,38.6,25.3,0.0,18.2,Islamabad
04/06/2022,39.3,25.2,0.0,16.0,Islamabad
05/06/2022,40.8,25.3,0.0,19.9,Islamabad
06/06/2022,41.0,26.3,0.0,20.2,Islamabad
07/06/2022,41.3,26.2,0.0,22.2,Islamabad
08/06/2022,40.9,28.0,0.0,30.6,Islamabad
09/06/2022,41.9,25.5,0.0,33.1,Islamabad
10/06/2022,40.3,26.5,0.0,17.6,Islamabad
11/06/2022,40.0,28.5,0.0,22.8,Islamabad
12/06/2022,40.2,26.3,0.0,13.3,Islamabad
13/06/2022,38.8,27.5,0.6,17.1,Islamabad
14/06/2022,41.6,27.1,0.0,17.7,Islamabad
15/06/2022,42.8,28.2,0.0,13.9,Islamabad
16/06/2022,37.6,28.6,0.5,21.2,Islamabad
17/06/2022,34.1,23.6,8.5,23.8,Islamabad
18/06/2022,32.3,22.5,2.4,18.8,Islamabad
19/06/2022,32.1,21.4,0.8,19.2,Islamabad
20/06/2022,31.7,21.0,2.4,16.3,Islamabad
21/06/2022,25.7,19.5,17.1,21.3,Islamabad
22/06/2022,28.6,17.5,14.3,23.7,Islamabad
23/06/2022,31.6,21.0,0.0,22.4,Islamabad
24/06/2022,34.2,21.0,0.0,11.6,Islamabad
25/06/2022,35.9,22.1,0.0,10.7,Islamabad
26/06/2022,37.3,25.5,0.0,12.4,Islamabad
27/06/2022,37.8,25.7,0.0,13.0,Islamabad
28/06/2022,39.0,27.0,0.0,13.0,Islamabad
29/06/2022,39.3,28.2,0.0,12.7,Islamabad
30/06/2022,36.1,27.1,1.5,23.7,Islamabad
01/07/2022,31.7,24.1,8.3,17.9,Islamabad
02/07/2022,34.4,25.7,0.1,10.6,Islamabad
03/07/2022,34.3,26.6,0.1,12.9,Islamabad
04/07/2022,35.2,26.2,0.1,13.5,Islamabad
05/07/2022,34.5,26.6,3.4,13.5,Islamabad
06/07/2022,34.9,26.3,2.0,9.0,Islamabad
07/07/2022,34.4,25.4,0.4,4.8,Islamabad
08/07/2022,33.8,26.6,1.8,11.5,Islamabad
09/07/2022,34.2,24.6,21.9,13.9,Islamabad
10/07/2022,31.6,23.4,45.7,14.3,Islamabad
11/07/2022,31.3,23.4,11.8,12.3,Islamabad
12/07/2022,32.1,24.0,1.7,14.5,Islamabad
13/07/2022,29.1,23.6,21.3,13.2,Islamabad
14/07/2022,29.9,22.8,37.0,14.9,Islamabad
15/07/2022,31.4,23.0,3.5,15.6,Islamabad
16/07/2022,33.6,23.3,0.0,12.5,Islamabad
17/07/2022,33.3,25.5,0.0,9.5,Islamabad
18/07/2022,34.0,25.4,0.0,11.5,Islamabad
19/07/2022,34.1,26.3,0.0,6.9,Islamabad
20/07/2022,32.0,25.3,10.5,17.3,Islamabad
21/07/2022,26.6,23.8,25.0,20.4,Islamabad
22/07/2022,30.6,23.8,0.3,8.9,Islamabad
23/07/2022,29.9,24.5,14.0,13.5,Islamabad
24/07/2022,29.8,24.9,6.0,10.1,Islamabad
25/07/2022,30.2,24.7,14.5,11.4,Islamabad
26/07/2022,31.1,24.4,0.2,8.3,Islamabad
27/07/2022,29.4,24.2,7.4,10.9,Islamabad
28/07/2022,27.6,23.8,25.0,14.5,Islamabad
29/07/2022,28.8,23.6,14.0,11.6,Islamabad
30/07/2022,30.9,23.4,2.4,9.7,Islamabad
31/07/2022,29.2,22.9,10.3,11.4,Islamabad
01/08/2022,30.0,21.8,6.6,9.8,Islamabad
02/08/2022,32.2,22.9,0.0,9.7,Islamabad
03/08/2022,32.8,24.1,0.0,6.9,Islamabad
04/08/2022,33.9,24.7,0.0,8.9,Islamabad
05/08/2022,31.0,25.0,0.9,13.9,Islamabad
06/08/2022,31.5,24.4,0.3,8.0,Islamabad
07/08/2022,32.9,24.6,0.1,13.0,Islamabad
08/08/2022,31.9,22.5,33.9,16.2,Islamabad
09/08/2022,32.7,24.9,2.2,16.9,Islamabad
10/08/2022,34.1,25.7,0.0,10.4,Islamabad
11/08/2022,30.4,24.3,2.7,22.4,Islamabad
12/08/2022,33.1,23.8,0.0,12.8,Islamabad
13/08/2022,34.1,24.9,0.0,10.4,Islamabad
14/08/2022,34.1,25.7,2.5,13.7,Islamabad
15/08/2022,29.4,23.3,24.2,14.7,Islamabad
16/08/2022,31.4,23.7,8.5,8.9,Islamabad
17/08/2022,30.0,23.1,23.5,12.6,Islamabad
18/08/2022,31.2,24.5,0.1,11.1,Islamabad
19/08/2022,32.4,23.6,0.0,8.8,Islamabad
20/08/2022,30.6,22.8,7.0,13.0,Islamabad
21/08/2022,30.4,21.7,9.7,14.8,Islamabad
22/08/2022,31.8,24.4,0.0,12.7,Islamabad
23/08/2022,33.3,23.5,0.0,12.5,Islamabad
24/08/2022,29.6,24.3,4.4,17.8,Islamabad
25/08/2022,29.0,23.8,9.9,10.0,Islamabad
26/08/2022,29.8,23.3,8.7,15.1,Islamabad
27/08/2022,30.2,22.9,0.1,13.1,Islamabad
28/08/2022,30.9,23.3,2.0,8.1,Islamabad
29/08/2022,30.6,23.3,2.6,12.2,Islamabad
30/08/2022,32.2,23.4,0.1,9.1,Islamabad
31/08/2022,32.7,23.6,0.1,10.9,Islamabad
01/09/2022,33.4,24.1,0.0,8.7,Islamabad
02/09/2022,33.1,24.0,0.2,9.2,Islamabad
03/09/2022,32.0,24.8,2.7,11.0,Islamabad
04/09/2022,29.7,21.8,10.3,14.7,Islamabad
05/09/2022,28.9,22.8,9.9,14.7,Islamabad
06/09/2022,30.7,22.0,0.1,6.0,Islamabad
07/09/2022,32.2,23.2,0.0,8.4,Islamabad
08/09/2022,33.3,24.2,0.0,7.9,Islamabad
09/09/2022,32.4,24.7,0.5,11.1,Islamabad
10/09/2022,30.5,22.7,11.2,17.1,Islamabad
11/09/2022,29.2,22.1,17.1,11.6,Islamabad
12/09/2022,29.6,20.8,6.3,14.5,Islamabad
13/09/2022,31.4,22.4,0.6,12.1,Islamabad
14/09/2022,31.6,22.1,0.0,9.7,Islamabad
15/09/2022,32.1,22.4,0.0,10.1,Islamabad
16/09/2022,31.1,23.1,0.0,9.7,Islamabad
17/09/2022,29.7,20.4,7.7,11.9,Islamabad
18/09/2022,32.0,21.1,0.0,15.6,Islamabad
19/09/2022,32.3,20.5,0.0,9.4,Islamabad
20/09/2022,32.8,21.9,0.0,9.8,Islamabad
21/09/2022,32.9,22.5,0.0,8.7,Islamabad
22/09/2022,32.6,21.9,0.0,10.4,Islamabad
23/09/2022,33.1,23.0,0.0,11.6,Islamabad
24/09/2022,31.7,22.5,4.0,16.9,Islamabad
25/09/2022,29.4,21.4,2.5,10.9,Islamabad
26/09/2022,29.4,20.1,5.9,14.8,Islamabad
27/09/2022,30.5,20.9,0.0,9.2,Islamabad
28/09/2022,31.1,21.5,0.0,8.4,Islamabad
29/09/2022,30.7,21.6,0.0,8.5,Islamabad
30/09/2022,32.2,21.4,0.0,8.7,Islamabad
01/10/2022,31.9,21.9,0.0,8.0,Islamabad
02/10/2022,31.2,20.1,0.4,26.8,Islamabad
03/10/2022,32.0,21.6,0.0,11.6,Islamabad
04/10/2022,32.4,20.2,0.0,16.4,Islamabad
05/10/2022,32.5,19.2,0.0,9.4,Islamabad
06/10/2022,30.3,19.0,0.2,20.5,Islamabad
07/10/2022,31.3,19.1,0.5,17.3,Islamabad
08/10/2022,30.3,18.5,0.0,19.9,Islamabad
09/10/2022,30.5,17.8,0.0,14.3,Islamabad
10/10/2022,28.9,19.1,0.3,9.2,Islamabad
11/10/2022,28.6,18.5,0.7,11.5,Islamabad
12/10/2022,28.2,18.1,0.0,13.0,Islamabad
13/10/2022,28.3,17.3,0.0,11.3,Islamabad
14/10/2022,29.1,17.9,0.0,12.8,Islamabad
15/10/2022,29.4,17.3,0.0,13.6,Islamabad
16/10/2022,29.8,18.0,0.0,11.6,Islamabad
17/10/2022,30.2,18.1,0.0,7.9,Islamabad
18/10/2022,28.6,18.2,0.1,12.4,Islamabad
19/10/2022,29.0,18.0,1.4,22.7,Islamabad
20/10/2022,24.2,16.4,1.4,20.0,Islamabad
21/10/2022,26.8,13.9,0.0,11.0,Islamabad
22/10/2022,27.3,14.0,0.0,8.3,Islamabad
23/10/2022,27.6,14.9,0.0,10.2,Islamabad
24/10/2022,27.6,14.6,0.0,9.4,Islamabad
25/10/2022,27.8,14.9,0.0,14.7,Islamabad
26/10/2022,29.1,15.3,0.0,9.6,Islamabad
27/10/2022,28.2,16.1,0.0,14.8,Islamabad
28/10/2022,28.7,15.1,0.0,12.9,Islamabad
29/10/2022,28.0,15.3,0.0,14.1,Islamabad
30/10/2022,28.1,16.2,0.0,13.2,Islamabad
31/10/2022,26.8,16.0,0.0,9.9,Islamabad
01/11/2022,26.4,15.6,4.1,14.4,Islamabad
02/11/2022,27.7,16.6,0.0,14.3,Islamabad
03/11/2022,27.7,16.2,0.0,11.7,Islamabad
04/11/2022,26.8,17.2,0.0,9.9,Islamabad
05/11/2022,23.0,15.2,6.1,21.7,Islamabad
06/11/2022,20.4,14.9,14.6,24.1,Islamabad
07/11/2022,22.5,14.3,9.6,19.9,Islamabad
08/11/2022,23.9,12.7,0.0,13.6,Islamabad
09/11/2022,18.0,12.9,16.3,18.9,Islamabad
10/11/2022,22.1,11.7,0.0,13.0,Islamabad
11/11/2022,22.1,11.5,0.0,11.8,Islamabad
12/11/2022,22.7,10.4,0.0,10.3,Islamabad
13/11/2022,19.3,9.2,8.6,16.3,Islamabad
14/11/2022,15.5,10.9,17.3,10.4,Islamabad
15/11/2022,20.8,10.7,0.0,11.0,Islamabad
16/11/2022,20.2,11.2,0.0,6.9,Islamabad
17/11/2022,20.4,11.3,0.0,21.7,Islamabad
18/11/2022,21.3,9.8,0.0,7.2,Islamabad
19/11/2022,18.9,11.4,0.2,16.2,Islamabad
20/11/2022,20.7,11.2,0.0,13.7,Islamabad
21/11/2022,21.7,10.1,0.0,10.0,Islamabad
22/11/2022,21.7,9.9,0.0,15.0,Islamabad
23/11/2022,22.1,10.0,0.0,10.7,Islamabad
24/11/2022,22.6,10.2,0.0,9.9,Islamabad
25/11/2022,22.0,12.6,0.0,7.5,Islamabad
26/11/2022,22.4,8.9,0.0,8.7,Islamabad
27/11/2022,22.3,8.6,0.0,8.2,Islamabad
28/11/2022,21.8,11.1,0.0,6.4,Islamabad
29/11/2022,21.8,8.5,0.0,8.3,Islamabad
30/11/2022,21.8,9.1,0.0,7.1,Islamabad
01/12/2022,21.8,8.8,0.0,8.8,Islamabad
02/12/2022,20.9,8.7,0.0,10.4,Islamabad
03/12/2022,20.6,9.8,0.0,9.2,Islamabad
04/12/2022,20.6,7.3,0.0,9.7,Islamabad
05/12/2022,20.7,10.1,0.0,7.4,Islamabad
06/12/2022,20.5,7.7,0.0,12.6,Islamabad
07/12/2022,21.5,7.2,0.0,14.8,Islamabad
08/12/2022,19.2,7.5,2.5,10.5,Islamabad
09/12/2022,20.0,9.5,0.1,8.4,Islamabad
10/12/2022,19.7,10.1,0.1,11.0,Islamabad
11/12/2022,19.0,9.6,0.0,17.1,Islamabad
12/12/2022,20.3,7.0,0.0,15.1,Islamabad
13/12/2022,18.8,10.0,0.0,18.4,Islamabad
14/12/2022,20.2,10.1,0.0,16.1,Islamabad
15/12/2022,21.0,6.6,0.0,13.3,Islamabad
16/12/2022,20.4,8.3,0.0,9.7,Islamabad
17/12/2022,20.6,7.1,0.0,10.8,Islamabad
18/12/2022,20.3,7.3,0.0,9.9,Islamabad
19/12/2022,19.3,8.1,0.0,9.2,Islamabad
20/12/2022,19.2,7.3,0.0,8.2,Islamabad
21/12/2022,18.7,7.2,0.0,6.4,Islamabad
22/12/2022,17.9,6.9,0.0,7.0,Islamabad
23/12/2022,16.3,4.0,0.0,9.5,Islamabad
24/12/2022,16.0,4.3,0.0,15.9,Islamabad
25/12/2022,16.9,4.4,0.0,9.3,Islamabad
26/12/2022,16.9,6.2,0.0,7.1,Islamabad
27/12/2022,18.4,3.8,0.0,14.3,Islamabad
28/12/2022,18.2,5.2,0.0,10.8,Islamabad
29/12/2022,12.6,8.6,18.0,12.7,Islamabad
30/12/2022,15.4,8.2,0.0,12.3,Islamabad
31/12/2022,16.6,6.7,0.0,16.4,Islamabad
01/01/2023,17.0,4.7,0.0,10.2,Islamabad
02/01/2023,15.7,4.1,0.0,8.4,Islamabad
03/01/2023,16.0,3.1,0.0,11.7,Islamabad
04/01/2023,16.8,3.4,0.0,9.3,Islamabad
05/01/2023,17.2,4.7,0.0,11.2,Islamabad
06/01/2023,14.6,4.5,0.0,7.1,Islamabad
07/01/2023,17.1,5.3,0.0,11.5,Islamabad
08/01/2023,15.1,7.8,0.3,9.4,Islamabad
09/01/2023,17.7,7.8,0.0,11.0,Islamabad
10/01/2023,19.4,6.5,0.0,11.0,Islamabad
11/01/2023,12.3,9.5,14.7,13.4,Islamabad
12/01/2023,13.2,6.0,17.9,17.9,Islamabad
13/01/2023,10.0,3.0,5.8,14.6,Islamabad
14/01/2023,13.4,1.8,0.0,14.1,Islamabad
15/01/2023,14.1,3.9,0.0,16.0,Islamabad
16/01/2023,13.8,3.8,0.0,14.9,Islamabad
17/01/2023,14.2,2.0,0.0,13.0,Islamabad
18/01/2023,15.1,2.6,0.0,11.3,Islamabad
19/01/2023,15.4,6.7,0.0,9.2,Islamabad
20/01/2023,14.6,7.0,0.0,11.0,Islamabad
21/01/2023,12.1,4.6,4.3,15.7,Islamabad
22/01/2023,13.8,3.4,0.0,9.7,Islamabad
23/01/2023,14.0,4.1,0.5,13.6,Islamabad
24/01/2023,13.2,5.7,4.4,16.1,Islamabad
25/01/2023,12.7,5.2,5.6,14.5,Islamabad
26/01/2023,15.2,4.4,0.0,16.0,Islamabad
27/01/2023,16.8,6.8,0.0,16.2,Islamabad
28/01/2023,16.2,8.1,0.0,13.2,Islamabad
29/01/2023,15.6,6.7,3.9,20.8,Islamabad
30/01/2023,10.5,7.0,46.5,20.4,Islamabad
31/01/2023,16.1,6.2,0.0,15.5,Islamabad
01/02/2023,18.0,8.9,0.0,17.3,Islamabad
02/02/2023,19.3,10.7,0.0,16.9,Islamabad
03/02/2023,17.3,9.1,3.3,15.0,Islamabad
04/02/2023,20.2,9.1,0.0,15.8,Islamabad
05/02/2023,20.3,8.3,1.8,16.1,Islamabad
06/02/2023,17.7,9.2,5.4,11.4,Islamabad
07/02/2023,18.5,8.2,0.0,16.2,Islamabad
08/02/2023,20.1,6.9,0.8,10.5,Islamabad
09/02/2023,14.2,9.0,12.9,16.6,Islamabad
10/02/2023,18.4,7.4,8.3,19.8,Islamabad
11/02/2023,15.5,5.8,0.0,11.3,Islamabad
12/02/2023,16.1,4.2,0.0,15.8,Islamabad
13/02/2023,17.2,6.3,0.0,20.1,Islamabad
14/02/2023,21.4,7.0,0.0,12.9,Islamabad
15/02/2023,22.8,9.6,0.0,15.6,Islamabad
16/02/2023,25.3,12.6,0.0,10.9,Islamabad
17/02/2023,24.7,12.8,0.0,7.6,Islamabad
18/02/2023,24.8,13.1,0.0,8.7,Islamabad
19/02/2023,24.4,13.3,0.0,11.2,Islamabad
20/02/2023,18.0,11.6,14.0,18.0,Islamabad
21/02/2023,23.4,9.8,0.0,11.8,Islamabad
22/02/2023,22.9,10.9,0.0,9.2,Islamabad
23/02/2023,23.2,10.0,0.0,19.7,Islamabad
24/02/2023,25.1,10.9,0.0,11.5,Islamabad
25/02/2023,24.9,11.8,0.4,25.4,Islamabad
26/02/2023,20.5,11.7,7.1,17.6,Islamabad
27/02/2023,23.9,11.2,0.0,12.2,Islamabad
28/02/2023,21.4,12.7,0.0,13.0,Islamabad
01/03/2023,21.0,11.1,3.6,13.5,Islamabad
02/03/2023,18.7,11.8,15.7,11.3,Islamabad
03/03/2023,22.6,10.4,0.0,10.7,Islamabad
04/03/2023,24.4,12.7,0.0,12.4,Islamabad
05/03/2023,24.9,13.4,0.0,11.7,Islamabad
06/03/2023,25.7,12.6,0.0,13.5,Islamabad
07/03/2023,26.7,13.6,0.0,12.5,Islamabad
08/03/2023,27.4,12.8,0.0,13.0,Islamabad
09/03/2023,27.7,12.8,0.0,12.9,Islamabad
10/03/2023,27.9,14.9,0.0,12.8,Islamabad
11/03/2023,29.4,15.5,0.0,13.0,Islamabad
12/03/2023,25.2,16.4,1.1,25.5,Islamabad
13/03/2023,28.3,15.6,0.0,15.4,Islamabad
14/03/2023,29.4,14.9,0.0,14.0,Islamabad
15/03/2023,30.1,16.7,0.0,13.3,Islamabad
16/03/2023,25.7,16.0,4.8,13.8,Islamabad
17/03/2023,19.8,13.3,3.5,15.5,Islamabad
18/03/2023,24.0,12.0,1.0,15.2,Islamabad
19/03/2023,24.3,12.5,0.0,13.8,Islamabad
20/03/2023,25.1,12.8,0.4,15.9,Islamabad
21/03/2023,22.7,13.1,9.4,12.9,Islamabad
22/03/2023,23.6,12.5,0.9,11.8,Islamabad
23/03/2023,22.2,13.7,6.5,16.4,Islamabad
24/03/2023,21.4,13.0,4.6,21.2,Islamabad
25/03/2023,18.4,11.0,21.8,15.4,Islamabad
26/03/2023,23.3,9.8,0.0,13.5,Islamabad
27/03/2023,24.7,11.9,0.0,9.4,Islamabad
28/03/2023,26.0,13.4,0.0,15.5,Islamabad
29/03/2023,23.7,14.9,2.5,21.5,Islamabad
30/03/2023,21.8,13.5,2.4,18.1,Islamabad
31/03/2023,21.8,14.3,7.0,15.3,Islamabad
01/04/2023,19.3,13.2,16.7,18.5,Islamabad
02/04/2023,23.1,11.4,4.2,10.4,Islamabad
03/04/2023,21.1,13.8,20.6,20.0,Islamabad
04/04/2023,22.1,12.3,2.4,7.5,Islamabad
05/04/2023,24.2,11.6,0.0,23.9,Islamabad
06/04/2023,23.2,13.0,0.7,21.3,Islamabad
07/04/2023,25.9,14.5,0.0,18.1,Islamabad
08/04/2023,28.3,14.2,0.0,12.4,Islamabad
09/04/2023,29.8,14.8,0.0,13.5,Islamabad
10/04/2023,30.2,14.8,0.0,14.4,Islamabad
11/04/2023,31.4,16.9,0.0,25.1,Islamabad
12/04/2023,31.9,17.6,0.0,15.2,Islamabad
13/04/2023,32.6,18.5,0.0,16.1,Islamabad
14/04/2023,34.7,18.7,0.0,11.6,Islamabad
15/04/2023,35.5,19.4,0.0,11.7,Islamabad
16/04/2023,30.1,20.6,0.5,30.6,Islamabad
17/04/2023,33.1,18.9,0.9,19.2,Islamabad
18/04/2023,28.4,18.7,8.9,17.7,Islamabad
19/04/2023,24.2,15.1,25.3,20.4,Islamabad
20/04/2023,23.7,15.0,10.0,12.5,Islamabad
21/04/2023,24.4,13.9,1.2,10.2,Islamabad
22/04/2023,23.6,13.8,0.3,15.9,Islamabad
23/04/2023,28.4,14.2,0.0,9.4,Islamabad
24/04/2023,30.8,15.4,0.0,8.9,Islamabad
25/04/2023,30.8,17.6,0.1,15.1,Islamabad
26/04/2023,29.8,17.6,1.8,21.5,Islamabad
27/04/2023,29.0,17.1,1.5,19.1,Islamabad
28/04/2023,29.7,17.9,0.2,15.1,Islamabad
29/04/2023,31.3,17.8,0.0,11.5,Islamabad
30/04/2023,30.7,18.1,0.5,15.5,Islamabad
01/05/2023,23.8,16.9,16.0,22.3,Islamabad
02/05/2023,22.8,16.6,8.4,14.5,Islamabad
03/05/2023,25.2,16.2,0.4,13.6,Islamabad
04/05/2023,26.2,15.9,0.7,14.4,Islamabad
05/05/2023,28.1,16.5,0.0,11.0,Islamabad
06/05/2023,26.1,17.5,1.8,18.4,Islamabad
07/05/2023,26.4,16.1,5.6,23.3,Islamabad
08/05/2023,26.5,15.3,5.0,17.1,Islamabad
09/05/2023,29.2,15.3,0.0,11.8,Islamabad
10/05/2023,32.5,19.5,0.0,21.7,Islamabad
11/05/2023,34.9,18.4,0.0,7.1,Islamabad
12/05/2023,36.5,20.6,0.0,11.6,Islamabad
13/05/2023,36.0,22.1,0.0,20.6,Islamabad
14/05/2023,33.3,20.8,1.3,19.0,Islamabad
15/05/2023,35.9,20.3,0.0,10.5,Islamabad
16/05/2023,34.8,22.5,0.2,19.4,Islamabad
17/05/2023,36.1,21.8,0.0,25.7,Islamabad
18/05/2023,30.8,22.3,0.0,12.1,Islamabad
19/05/2023,34.3,21.0,0.0,16.4,Islamabad
20/05/2023,37.2,21.2,0.0,16.3,Islamabad
21/05/2023,40.6,24.3,0.0,22.5,Islamabad
22/05/2023,41.1,25.0,0.0,18.4,Islamabad
23/05/2023,37.6,26.0,0.3,22.3,Islamabad
24/05/2023,30.8,21.5,6.6,23.1,Islamabad
25/05/2023,32.5,20.9,6.4,18.5,Islamabad
26/05/2023,26.2,19.2,16.2,20.5,Islamabad
27/05/2023,31.2,19.3,0.0,10.6,Islamabad
28/05/2023,33.0,20.7,0.0,14.6,Islamabad
29/05/2023,32.2,22.5,0.2,13.4,Islamabad
30/05/2023,29.6,20.0,1.1,14.8,Islamabad
31/05/2023,24.8,18.8,8.0,19.1,Islamabad
01/06/2023,24.6,16.9,29.3,15.1,Islamabad
02/06/2023,29.1,16.7,0.5,8.7,Islamabad
03/06/2023,30.5,18.6,1.3,8.0,Islamabad
04/06/2023,32.0,20.1,0.0,12.1,Islamabad
05/06/2023,32.5,20.8,0.0,14.5,Islamabad
06/06/2023,33.7,21.2,0.0,17.8,Islamabad
07/06/2023,31.2,22.1,0.0,22.2,Islamabad
08/06/2023,35.0,22.8,0.0,6.9,Islamabad
09/06/2023,36.7,23.5,0.0,12.1,Islamabad
10/06/2023,38.2,23.7,0.0,20.7,Islamabad
11/06/2023,36.5,24.2,0.0,10.1,Islamabad
12/06/2023,35.9,24.1,0.0,9.7,Islamabad
13/06/2023,38.0,25.2,0.8,22.8,Islamabad
14/06/2023,36.8,23.8,0.0,16.6,Islamabad
15/06/2023,33.9,23.9,0.9,14.7,Islamabad
16/06/2023,35.2,23.6,0.1,11.1,Islamabad
17/06/2023,37.2,25.5,0.0,8.4,Islamabad
18/06/2023,38.8,26.6,0.0,15.3,Islamabad
19/06/2023,37.2,25.4,0.1,12.6,Islamabad
20/06/2023,39.9,27.1,0.0,12.9,Islamabad
21/06/2023,40.7,28.5,0.0,12.2,Islamabad
22/06/2023,41.9,28.8,0.0,12.5,Islamabad
23/06/2023,41.6,30.0,0.0,19.9,Islamabad
24/06/2023,39.6,30.0,0.0,18.7,Islamabad
25/06/2023,36.6,26.4,19.9,20.6,Islamabad
26/06/2023,31.5,23.6,16.5,18.1,Islamabad
27/06/2023,35.2,23.4,0.9,14.1,Islamabad
28/06/2023,33.7,23.6,12.4,13.5,Islamabad
29/06/2023,33.0,23.5,9.8,12.0,Islamabad
30/06/2023,33.2,22.0,10.5,17.7,Islamabad
01/07/2023,33.5,24.5,0.1,15.6,Islamabad
02/07/2023,34.4,21.7,0.0,12.2,Islamabad
03/07/2023,36.1,26.8,0.0,12.8,Islamabad
04/07/2023,33.4,24.7,8.2,18.7,Islamabad
05/07/2023,30.2,22.4,23.4,23.5,Islamabad
06/07/2023,31.2,23.1,0.2,12.3,Islamabad
07/07/2023,29.7,22.5,18.2,12.4,Islamabad
08/07/2023,29.5,22.7,6.1,13.8,Islamabad
09/07/2023,32.3,22.4,0.1,11.5,Islamabad
10/07/2023,31.7,22.5,0.2,16.1,Islamabad
11/07/2023,34.0,23.6,0.0,13.6,Islamabad
12/07/2023,35.0,24.1,2.6,12.8,Islamabad
13/07/2023,34.0,23.4,0.0,12.0,Islamabad
14/07/2023,33.6,24.3,2.1,15.7,Islamabad
15/07/2023,32.6,24.1,12.3,13.8,Islamabad
16/07/2023,32.1,24.6,6.1,13.0,Islamabad
17/07/2023,34.3,24.8,3.2,7.2,Islamabad
18/07/2023,33.3,25.5,0.5,12.7,Islamabad
19/07/2023,27.8,24.1,44.1,14.8,Islamabad
20/07/2023,32.4,23.6,3.8,13.0,Islamabad
21/07/2023,32.5,26.1,1.4,12.4,Islamabad
22/07/2023,30.0,24.2,7.5,21.2,Islamabad
23/07/2023,30.6,23.3,2.8,15.1,Islamabad
24/07/2023,32.3,25.4,0.0,6.7,Islamabad
25/07/2023,31.4,23.9,8.1,11.0,Islamabad
26/07/2023,30.4,24.9,9.8,13.4,Islamabad
27/07/2023,30.3,23.2,4.3,11.2,Islamabad
28/07/2023,30.1,23.5,6.6,12.3,Islamabad
29/07/2023,30.0,22.2,15.5,9.9,Islamabad
30/07/2023,32.3,23.7,0.0,9.8,Islamabad
31/07/2023,32.2,24.0,6.2,9.4,Islamabad
01/08/2023,33.5,25.3,0.3,6.9,Islamabad
02/08/2023,33.9,26.1,1.1,10.5,Islamabad
03/08/2023,33.0,23.7,7.6,8.7,Islamabad
04/08/2023,34.3,23.2,11.9,15.4,Islamabad
05/08/2023,32.0,23.5,8.7,13.1,Islamabad
06/08/2023,32.1,23.8,4.6,15.1,Islamabad
07/08/2023,31.1,22.6,4.9,10.1,Islamabad
08/08/2023,32.6,23.0,0.3,8.1,Islamabad
09/08/2023,33.1,25.2,0.2,12.7,Islamabad
10/08/2023,32.3,24.1,14.9,22.0,Islamabad
11/08/2023,32.4,23.2,18.6,13.6,Islamabad
12/08/2023,33.5,24.2,1.2,16.9,Islamabad
13/08/2023,34.1,26.6,1.1,14.7,Islamabad
14/08/2023,30.7,23.3,20.1,15.1,Islamabad
15/08/2023,31.4,22.1,2.6,9.3,Islamabad
16/08/2023,32.2,24.3,2.3,9.0,Islamabad
17/08/2023,31.9,24.7,2.8,9.8,Islamabad
18/08/2023,32.0,23.7,0.9,6.6,Islamabad
19/08/2023,33.7,24.9,1.4,9.2,Islamabad
20/08/2023,33.9,25.7,0.0,8.2,Islamabad
21/08/2023,34.8,26.4,0.2,8.7,Islamabad
22/08/2023,35.6,27.1,0.0,10.8,Islamabad
23/08/2023,34.5,24.8,11.3,21.1,Islamabad
24/08/2023,30.1,22.6,24.1,11.1,Islamabad
25/08/2023,29.7,21.9,13.2,19.6,Islamabad
26/08/2023,29.5,22.4,6.0,10.1,Islamabad
27/08/2023,31.3,23.5,0.0,9.8,Islamabad
28/08/2023,31.3,21.6,3.1,13.0,Islamabad
29/08/2023,31.4,22.8,1.9,13.7,Islamabad
30/08/2023,33.3,22.2,0.0,8.4,Islamabad
31/08/2023,33.4,23.2,0.0,8.5,Islamabad
01/09/2023,33.8,24.6,0.0,9.0,Islamabad
02/09/2023,32.7,25.3,1.1,17.8,Islamabad
03/09/2023,31.6,25.0,1.7,8.7,Islamabad
04/09/2023,34.4,24.3,0.0,7.6,Islamabad
05/09/2023,31.8,23.8,3.3,13.4,Islamabad
06/09/2023,32.4,23.4,0.6,12.4,Islamabad
07/09/2023,34.8,23.7,0.0,12.4,Islamabad
08/09/2023,34.6,23.2,0.0,9.4,Islamabad
09/09/2023,34.8,24.5,0.0,10.2,Islamabad
10/09/2023,34.2,25.4,0.0,12.1,Islamabad
11/09/2023,33.7,24.4,0.3,12.6,Islamabad
12/09/2023,34.5,25.6,0.4,9.7,Islamabad
13/09/2023,35.4,25.8,0.0,8.0,Islamabad
14/09/2023,33.7,26.3,1.4,9.6,Islamabad
15/09/2023,34.9,25.8,0.7,17.4,Islamabad
16/09/2023,31.6,22.9,16.2,16.2,Islamabad
17/09/2023,31.2,22.8,6.6,16.1,Islamabad
18/09/2023,29.8,23.0,3.2,10.5,Islamabad
19/09/2023,31.2,22.8,0.0,7.8,Islamabad
20/09/2023,32.0,23.0,0.1,7.4,Islamabad
21/09/2023,31.7,23.6,0.4,9.0,Islamabad
22/09/2023,29.1,22.3,4.0,12.6,Islamabad
23/09/2023,30.4,19.6,5.3,21.6,Islamabad
24/09/2023,30.2,19.6,3.6,16.5,Islamabad
25/09/2023,28.7,18.7,4.5,17.0,Islamabad
26/09/2023,30.3,18.9,0.0,8.4,Islamabad
27/09/2023,30.8,18.4,0.0,12.0,Islamabad
28/09/2023,31.1,18.8,0.0,10.2,Islamabad
29/09/2023,25.6,19.7,0.3,32.4,Islamabad
30/09/2023,29.2,19.0,0.0,14.3,Islamabad
01/10/2023,30.3,17.2,0.0,9.8,Islamabad
02/10/2023,30.8,18.5,0.0,8.3,Islamabad
03/10/2023,30.6,18.1,0.0,15.4,Islamabad
04/10/2023,31.3,19.0,0.0,10.6,Islamabad
05/10/2023,31.5,18.4,0.0,15.1,Islamabad
06/10/2023,32.5,19.6,0.0,10.7,Islamabad
07/10/2023,32.2,20.1,0.0,10.9,Islamabad
08/10/2023,31.0,19.5,3.5,12.1,Islamabad
09/10/2023,30.3,19.9,0.0,18.4,Islamabad
10/10/2023,28.2,17.3,0.0,9.3,Islamabad
11/10/2023,29.0,19.1,0.0,13.5,Islamabad
12/10/2023,29.9,18.6,0.0,9.8,Islamabad
13/10/2023,30.7,19.0,6.2,29.9,Islamabad
14/10/2023,25.5,18.1,8.1,25.0,Islamabad
15/10/2023,25.2,16.8,0.0,16.1,Islamabad
16/10/2023,21.1,15.2,22.5,26.5,Islamabad
17/10/2023,19.8,14.0,22.0,13.0,Islamabad
18/10/2023,23.4,13.3,0.0,12.7,Islamabad
19/10/2023,25.2,13.7,0.0,7.9,Islamabad
20/10/2023,26.0,13.6,0.0,8.3,Islamabad
21/10/2023,26.2,15.1,0.0,9.1,Islamabad
22/10/2023,23.6,15.9,2.3,14.1,Islamabad
23/10/2023,25.4,14.9,0.0,9.5,Islamabad
24/10/2023,26.8,15.8,0.0,7.7,Islamabad
25/10/2023,26.7,14.7,0.0,11.8,Islamabad
26/10/2023,27.1,14.0,0.0,9.3,Islamabad
27/10/2023,27.0,14.5,0.0,11.8,Islamabad
28/10/2023,27.4,14.3,0.0,14.8,Islamabad
29/10/2023,27.1,15.5,0.0,10.4,Islamabad
30/10/2023,27.0,16.1,0.0,9.4,Islamabad
31/10/2023,27.5,16.1,0.0,11.4,Islamabad
01/11/2023,25.6,16.4,1.4,28.8,Islamabad
02/11/2023,26.3,14.7,0.0,9.5,Islamabad
03/11/2023,26.0,13.8,0.0,9.4,Islamabad
04/11/2023,26.1,14.4,0.0,10.8,Islamabad
05/11/2023,26.0,13.2,0.0,11.0,Islamabad
06/11/2023,25.4,15.0,0.0,10.9,Islamabad
07/11/2023,24.1,14.8,0.6,12.2,Islamabad
08/11/2023,25.0,14.1,0.9,7.4,Islamabad
09/11/2023,23.1,14.0,17.2,26.0,Islamabad
10/11/2023,19.0,12.6,19.9,15.8,Islamabad
11/11/2023,21.7,11.2,0.0,13.8,Islamabad
12/11/2023,22.2,11.4,0.0,9.3,Islamabad
13/11/2023,22.1,12.3,0.0,6.5,Islamabad
14/11/2023,22.8,11.4,0.0,9.0,Islamabad
15/11/2023,23.4,11.1,0.0,9.7,Islamabad
16/11/2023,23.2,13.2,0.0,7.1,Islamabad
17/11/2023,23.3,10.7,0.0,10.2,Islamabad
18/11/2023,21.7,11.1,0.0,6.5,Islamabad
19/11/2023,22.3,13.4,0.0,5.5,Islamabad
20/11/2023,22.0,10.3,0.0,11.8,Islamabad
21/11/2023,21.5,10.7,0.0,15.9,Islamabad
22/11/2023,22.2,10.1,0.0,9.9,Islamabad
23/11/2023,21.0,9.5,0.0,10.0,Islamabad
24/11/2023,22.0,10.2,0.0,12.8,Islamabad
25/11/2023,21.8,11.0,0.0,8.7,Islamabad
26/11/2023,21.1,12.4,0.0,8.2,Islamabad
27/11/2023,21.4,12.6,0.0,10.4,Islamabad
28/11/2023,21.9,11.8,0.0,9.4,Islamabad
29/11/2023,22.1,12.1,0.4,9.7,Islamabad
30/11/2023,16.8,11.3,1.8,14.3,Islamabad
01/12/2023,20.2,10.0,0.0,13.6,Islamabad
02/12/2023,21.5,9.7,0.0,9.2,Islamabad
03/12/2023,19.9,11.5,0.0,7.9,Islamabad
04/12/2023,20.3,9.5,0.0,8.4,Islamabad
05/12/2023,19.5,7.4,0.0,10.5,Islamabad
06/12/2023,20.2,7.6,0.0,8.7,Islamabad
07/12/2023,20.2,10.0,0.0,8.6,Islamabad
08/12/2023,19.2,7.9,0.0,9.7,Islamabad
09/12/2023,19.4,7.5,0.0,9.1,Islamabad
10/12/2023,19.5,7.2,0.0,17.9,Islamabad
11/12/2023,18.2,6.3,0.0,11.8,Islamabad
12/12/2023,17.5,7.5,0.0,8.7,Islamabad
13/12/2023,18.3,6.5,0.0,7.9,Islamabad
14/12/2023,17.9,6.3,0.0,11.4,Islamabad
15/12/2023,17.2,7.9,0.0,7.9,Islamabad
16/12/2023,16.6,6.4,0.1,7.1,Islamabad
17/12/2023,17.1,6.2,0.0,15.8,Islamabad
18/12/2023,18.4,6.2,0.0,18.1,Islamabad
19/12/2023,18.8,6.0,0.0,11.6,Islamabad
20/12/2023,20.1,6.6,0.0,11.0,Islamabad
21/12/2023,20.0,8.0,0.0,10.4,Islamabad
22/12/2023,18.7,8.1,0.0,11.6,Islamabad
23/12/2023,20.7,9.9,0.5,11.5,Islamabad
24/12/2023,19.6,9.3,0.0,15.6,Islamabad
25/12/2023,20.7,10.3,0.0,14.8,Islamabad
26/12/2023,20.6,9.0,0.0,8.1,Islamabad
27/12/2023,20.7,7.9,0.0,15.3,Islamabad
28/12/2023,20.1,7.4,0.0,10.8,Islamabad
29/12/2023,17.6,7.7,0.0,10.0,Islamabad
30/12/2023,18.3,7.8,0.1,8.4,Islamabad
31/12/2023,18.5,6.4,0.0,7.6,Islamabad
01/01/2019,19.1,6.3,0.0,8.9,Rajana
02/01/2019,19.6,8.0,0.0,9.5,Rajana
03/01/2019,19.5,6.1,0.0,9.5,Rajana
04/01/2019,19.5,7.9,0.0,8.9,Rajana
05/01/2019,17.6,9.2,0.1,13.9,Rajana
06/01/2019,17.2,6.6,0.0,11.7,Rajana
07/01/2019,18.2,5.3,0.0,9.4,Rajana
08/01/2019,18.3,8.1,0.0,10.0,Rajana
09/01/2019,19.9,5.8,0.0,10.2,Rajana
10/01/2019,20.0,6.2,0.0,12.4,Rajana
11/01/2019,19.5,10.9,0.0,14.6,Rajana
12/01/2019,16.4,9.4,0.9,14.4,Rajana
13/01/2019,18.5,7.2,0.0,13.5,Rajana
14/01/2019,17.7,3.5,0.0,11.6,Rajana
15/01/2019,19.1,4.7,0.0,9.9,Rajana
16/01/2019,19.7,5.9,0.0,11.3,Rajana
17/01/2019,20.0,5.7,0.0,8.6,Rajana
18/01/2019,20.0,6.8,0.1,7.4,Rajana
19/01/2019,19.8,8.8,0.0,8.8,Rajana
20/01/2019,18.5,9.4,5.7,17.4,Rajana
21/01/2019,14.0,10.3,4.8,9.0,Rajana
22/01/2019,17.0,8.8,0.8,11.1,Rajana
23/01/2019,15.6,7.0,3.2,14.0,Rajana
24/01/2019,16.4,4.6,0.0,8.2,Rajana
25/01/2019,16.7,4.1,0.0,8.9,Rajana
26/01/2019,17.2,4.0,0.0,9.2,Rajana
27/01/2019,18.0,5.2,0.0,10.6,Rajana
28/01/2019,18.6,4.2,0.0,10.5,Rajana
29/01/2019,19.5,5.9,0.0,10.5,Rajana
30/01/2019,17.0,10.0,4.3,16.5,Rajana
31/01/2019,12.9,8.4,7.9,17.8,Rajana
01/02/2019,16.9,6.2,0.0,15.5,Rajana
02/02/2019,18.8,6.6,0.0,9.4,Rajana
03/02/2019,20.6,6.4,0.0,8.6,Rajana
04/02/2019,20.9,7.8,0.0,8.1,Rajana
05/02/2019,21.6,9.1,0.1,8.6,Rajana
06/02/2019,18.6,11.9,1.0,13.9,Rajana
07/02/2019,16.0,8.6,0.9,15.6,Rajana
08/02/2019,17.0,7.1,0.1,18.0,Rajana
09/02/2019,19.0,5.3,0.0,11.6,Rajana
10/02/2019,19.9,6.3,0.0,10.0,Rajana
11/02/2019,19.9,8.1,0.0,7.7,Rajana
12/02/2019,20.1,11.3,0.0,9.3,Rajana
13/02/2019,20.5,10.0,0.4,9.3,Rajana
14/02/2019,20.1,10.2,3.4,13.4,Rajana
15/02/2019,20.1,7.3,0.2,9.7,Rajana
16/02/2019,21.2,7.6,0.0,9.5,Rajana
17/02/2019,21.1,9.2,1.0,14.6,Rajana
18/02/2019,20.9,10.8,1.8,18.3,Rajana
19/02/2019,20.6,7.7,0.7,16.6,Rajana
20/02/2019,19.7,12.1,14.9,16.1,Rajana
21/02/2019,20.1,10.2,9.1,12.9,Rajana
22/02/2019,20.4,8.4,0.0,9.7,Rajana
23/02/2019,21.0,7.2,0.0,9.8,Rajana
24/02/2019,21.0,9.0,1.9,19.1,Rajana
25/02/2019,20.2,9.3,1.9,13.4,Rajana
26/02/2019,18.7,7.1,0.2,14.5,Rajana
27/02/2019,17.5,8.0,1.3,11.5,Rajana
28/02/2019,20.2,7.1,0.2,8.8,Rajana
01/03/2019,20.6,11.1,0.0,17.1,Rajana
02/03/2019,17.5,11.6,6.9,19.2,Rajana
03/03/2019,16.3,10.9,4.1,15.5,Rajana
04/03/2019,20.4,9.4,0.2,13.9,Rajana
05/03/2019,22.2,8.4,0.0,9.8,Rajana
06/03/2019,23.5,10.1,0.0,9.5,Rajana
07/03/2019,23.5,11.6,0.7,17.2,Rajana
08/03/2019,20.7,11.7,1.4,13.0,Rajana
09/03/2019,23.6,10.5,0.0,8.3,Rajana
10/03/2019,24.1,9.9,0.2,11.3,Rajana
11/03/2019,20.5,12.7,4.6,15.2,Rajana
12/03/2019,21.5,10.8,0.0,13.9,Rajana
13/03/2019,23.0,11.6,0.0,9.4,Rajana
14/03/2019,20.5,12.0,3.3,13.4,Rajana
15/03/2019,23.6,9.6,0.0,9.4,Rajana
16/03/2019,24.4,11.6,0.0,8.7,Rajana
17/03/2019,26.5,11.6,0.0,9.5,Rajana
18/03/2019,26.1,13.4,0.0,9.4,Rajana
19/03/2019,27.5,14.8,0.0,20.2,Rajana
20/03/2019,25.2,13.5,0.1,23.4,Rajana
21/03/2019,26.2,14.0,0.0,12.6,Rajana
22/03/2019,27.6,13.6,0.0,9.3,Rajana
23/03/2019,25.5,16.0,0.1,15.5,Rajana
24/03/2019,24.5,13.5,1.1,13.0,Rajana
25/03/2019,28.7,14.6,0.0,10.5,Rajana
26/03/2019,31.0,14.8,0.0,10.5,Rajana
27/03/2019,32.0,17.6,0.0,10.4,Rajana
28/03/2019,33.2,19.5,0.0,9.7,Rajana
29/03/2019,32.0,20.3,0.0,13.2,Rajana
30/03/2019,32.0,19.5,0.0,19.2,Rajana
31/03/2019,31.5,17.1,0.0,15.1,Rajana
01/04/2019,33.5,16.8,0.0,11.2,Rajana
02/04/2019,33.9,18.2,0.0,11.6,Rajana
03/04/2019,35.0,20.9,0.0,10.9,Rajana
04/04/2019,36.3,21.8,0.0,11.3,Rajana
05/04/2019,37.0,20.7,0.0,12.3,Rajana
06/04/2019,37.3,20.5,0.0,21.1,Rajana
07/04/2019,36.1,20.6,0.4,19.1,Rajana
08/04/2019,34.6,20.0,0.0,10.4,Rajana
09/04/2019,36.1,21.0,0.0,21.5,Rajana
10/04/2019,34.0,21.4,0.0,16.2,Rajana
11/04/2019,35.0,20.9,0.0,23.4,Rajana
12/04/2019,33.1,21.5,0.0,14.8,Rajana
13/04/2019,32.0,21.2,0.7,15.5,Rajana
14/04/2019,32.7,22.0,0.3,12.4,Rajana
15/04/2019,34.9,21.0,15.7,26.0,Rajana
16/04/2019,28.6,18.9,5.4,22.9,Rajana
17/04/2019,24.7,17.6,3.9,15.9,Rajana
18/04/2019,25.4,16.8,0.1,9.2,Rajana
19/04/2019,29.4,16.5,0.0,8.7,Rajana
20/04/2019,32.5,18.5,0.0,10.7,Rajana
21/04/2019,34.8,21.1,0.0,10.1,Rajana
22/04/2019,37.7,21.8,0.0,12.5,Rajana
23/04/2019,39.4,22.5,0.0,13.8,Rajana
24/04/2019,37.0,23.5,0.0,25.2,Rajana
25/04/2019,35.8,21.2,0.0,13.3,Rajana
26/04/2019,36.1,22.1,0.0,12.4,Rajana
27/04/2019,37.2,22.7,0.0,10.9,Rajana
28/04/2019,37.8,23.5,0.0,10.9,Rajana
29/04/2019,38.8,24.4,0.0,11.9,Rajana
30/04/2019,37.5,25.9,0.0,24.7,Rajana
01/05/2019,37.5,24.4,0.0,18.6,Rajana
02/05/2019,36.5,22.9,0.0,17.9,Rajana
03/05/2019,35.8,22.0,0.0,17.3,Rajana
04/05/2019,36.6,21.5,0.0,9.9,Rajana
05/05/2019,38.8,22.4,0.0,11.4,Rajana
06/05/2019,39.8,22.9,0.0,14.9,Rajana
07/05/2019,39.8,23.6,0.0,16.9,Rajana
08/05/2019,41.2,26.1,0.0,15.7,Rajana
09/05/2019,40.7,25.0,0.0,17.6,Rajana
10/05/2019,40.2,25.7,0.0,25.7,Rajana
11/05/2019,39.0,25.1,0.0,18.8,Rajana
12/05/2019,37.2,23.9,0.0,8.2,Rajana
13/05/2019,35.8,25.0,0.0,18.6,Rajana
14/05/2019,36.3,24.0,0.0,15.1,Rajana
15/05/2019,34.3,25.0,0.3,17.0,Rajana
16/05/2019,32.0,22.7,0.0,8.5,Rajana
17/05/2019,28.8,22.5,24.2,12.3,Rajana
18/05/2019,32.3,21.1,0.0,8.0,Rajana
19/05/2019,35.6,22.9,0.0,16.9,Rajana
20/05/2019,36.3,23.9,0.0,17.0,Rajana
21/05/2019,37.8,24.3,0.0,11.4,Rajana
22/05/2019,38.2,24.8,0.0,22.7,Rajana
23/05/2019,37.0,26.0,0.0,13.3,Rajana
24/05/2019,34.0,23.4,0.1,15.0,Rajana
25/05/2019,34.8,22.4,0.0,11.8,Rajana
26/05/2019,36.9,24.0,0.0,9.4,Rajana
27/05/2019,38.5,25.5,0.0,9.8,Rajana
28/05/2019,40.5,24.7,0.0,9.8,Rajana
29/05/2019,42.2,25.9,0.0,12.7,Rajana
30/05/2019,43.5,26.6,0.0,14.4,Rajana
31/05/2019,43.8,27.3,0.0,10.9,Rajana
01/06/2019,43.6,25.9,0.0,12.7,Rajana
02/06/2019,44.3,26.9,0.0,12.4,Rajana
03/06/2019,44.0,27.2,0.0,13.5,Rajana
04/06/2019,42.2,27.5,0.0,16.9,Rajana
05/06/2019,41.2,26.7,0.0,15.9,Rajana
06/06/2019,40.0,26.8,0.0,13.9,Rajana
07/06/2019,41.2,25.8,0.0,9.7,Rajana
08/06/2019,42.5,26.6,0.0,13.8,Rajana
09/06/2019,43.5,27.3,0.0,13.9,Rajana
10/06/2019,43.9,27.6,0.0,13.1,Rajana
11/06/2019,43.0,29.9,0.0,21.9,Rajana
12/06/2019,40.7,29.3,0.0,21.8,Rajana
13/06/2019,41.5,28.8,0.0,17.2,Rajana
14/06/2019,42.2,26.5,0.0,9.1,Rajana
15/06/2019,40.9,30.5,0.0,31.2,Rajana
16/06/2019,39.2,28.3,0.0,15.6,Rajana
17/06/2019,39.6,29.0,0.0,21.1,Rajana
18/06/2019,36.1,26.3,1.4,19.8,Rajana
19/06/2019,36.8,25.8,0.0,8.0,Rajana
20/06/2019,37.8,28.2,0.1,23.5,Rajana
21/06/2019,37.3,25.9,0.1,10.2,Rajana
22/06/2019,37.8,28.0,0.0,9.4,Rajana
23/06/2019,37.8,28.9,0.0,27.0,Rajana
24/06/2019,31.0,25.6,13.1,14.6,Rajana
25/06/2019,36.0,25.7,0.0,9.2,Rajana
26/06/2019,37.5,26.8,0.0,15.8,Rajana
27/06/2019,39.7,26.1,0.1,12.5,Rajana
28/06/2019,40.2,28.7,1.7,18.7,Rajana
29/06/2019,41.2,29.8,4.1,20.5,Rajana
30/06/2019,39.5,28.5,0.0,27.7,Rajana
01/07/2019,40.0,29.9,5.1,15.3,Rajana
02/07/2019,41.0,29.0,0.0,12.3,Rajana
03/07/2019,41.8,30.0,0.0,11.8,Rajana
04/07/2019,42.5,30.5,0.0,17.0,Rajana
05/07/2019,40.8,30.1,0.0,19.4,Rajana
06/07/2019,37.5,29.8,3.5,19.1,Rajana
07/07/2019,37.3,27.9,6.0,14.4,Rajana
08/07/2019,39.0,30.2,0.0,9.4,Rajana
09/07/2019,39.6,30.9,0.0,13.0,Rajana
10/07/2019,38.8,31.4,0.0,16.0,Rajana
11/07/2019,38.7,30.7,0.0,17.9,Rajana
12/07/2019,38.3,30.0,0.0,18.3,Rajana
13/07/2019,38.0,27.9,0.0,17.3,Rajana
14/07/2019,37.6,29.4,0.0,18.4,Rajana
15/07/2019,35.5,25.9,7.1,16.9,Rajana
16/07/2019,36.4,26.6,11.3,19.2,Rajana
17/07/2019,35.0,24.8,6.5,16.1,Rajana
18/07/2019,35.8,26.3,10.8,17.8,Rajana
19/07/2019,35.0,26.0,19.2,10.5,Rajana
20/07/2019,35.9,27.5,0.2,11.2,Rajana
21/07/2019,36.3,28.8,3.2,11.3,Rajana
22/07/2019,37.3,29.0,0.0,12.9,Rajana
23/07/2019,38.6,29.6,0.0,9.8,Rajana
24/07/2019,40.5,30.6,0.0,10.6,Rajana
25/07/2019,38.5,29.4,4.7,20.1,Rajana
26/07/2019,34.5,27.2,8.5,12.3,Rajana
27/07/2019,34.8,27.9,2.0,14.1,Rajana
28/07/2019,33.4,26.6,1.4,17.3,Rajana
29/07/2019,33.5,27.0,8.1,16.5,Rajana
30/07/2019,35.6,28.5,0.1,9.7,Rajana
31/07/2019,37.0,29.4,0.5,15.5,Rajana
01/08/2019,37.8,28.6,1.2,15.3,Rajana
02/08/2019,33.5,26.8,18.2,13.8,Rajana
03/08/2019,35.3,27.0,0.2,10.9,Rajana
04/08/2019,35.7,27.9,0.2,7.3,Rajana
05/08/2019,36.5,28.7,0.0,8.2,Rajana
06/08/2019,37.8,30.2,0.0,17.3,Rajana
07/08/2019,37.0,28.2,15.0,16.4,Rajana
08/08/2019,35.7,29.0,0.5,12.7,Rajana
09/08/2019,34.8,28.4,7.3,18.6,Rajana
10/08/2019,34.2,27.1,1.4,20.5,Rajana
11/08/2019,33.3,26.6,12.5,15.6,Rajana
12/08/2019,36.2,28.5,2.5,11.7,Rajana
13/08/2019,37.2,29.1,0.0,17.8,Rajana
14/08/2019,37.2,29.7,0.0,13.9,Rajana
15/08/2019,37.0,29.5,0.5,10.5,Rajana
16/08/2019,37.2,29.4,0.3,14.1,Rajana
17/08/2019,34.7,27.6,2.9,18.5,Rajana
18/08/2019,36.8,26.0,0.0,10.2,Rajana
19/08/2019,36.5,25.2,0.9,24.1,Rajana
20/08/2019,35.2,26.9,3.4,11.8,Rajana
21/08/2019,38.8,28.5,0.0,16.6,Rajana
22/08/2019,38.2,28.7,0.5,12.4,Rajana
23/08/2019,40.0,29.0,0.0,10.8,Rajana
24/08/2019,39.7,29.1,0.0,12.5,Rajana
25/08/2019,39.7,29.9,0.0,11.8,Rajana
26/08/2019,38.7,29.9,0.0,17.4,Rajana
27/08/2019,37.8,29.5,0.0,10.3,Rajana
28/08/2019,38.4,30.0,0.1,15.9,Rajana
29/08/2019,39.1,31.1,0.3,17.2,Rajana
30/08/2019,39.3,30.1,0.3,12.0,Rajana
31/08/2019,37.0,28.5,2.7,10.8,Rajana
01/09/2019,37.8,27.6,16.6,13.2,Rajana
02/09/2019,34.9,27.5,8.7,10.9,Rajana
03/09/2019,37.5,28.2,0.0,9.0,Rajana
04/09/2019,39.2,29.8,0.0,9.0,Rajana
05/09/2019,40.5,30.2,0.0,11.0,Rajana
06/09/2019,40.9,30.5,0.0,14.3,Rajana
07/09/2019,40.7,30.7,0.1,19.7,Rajana
08/09/2019,38.4,30.5,2.9,14.5,Rajana
09/09/2019,39.8,30.0,0.0,11.9,Rajana
10/09/2019,41.0,29.8,0.0,14.5,Rajana
11/09/2019,41.0,30.4,0.0,15.6,Rajana
12/09/2019,40.0,29.3,0.0,15.8,Rajana
13/09/2019,39.3,29.0,0.0,13.0,Rajana
14/09/2019,39.1,29.4,0.0,13.3,Rajana
15/09/2019,39.3,29.5,0.0,14.3,Rajana
16/09/2019,39.5,29.5,0.0,15.0,Rajana
17/09/2019,37.8,28.3,0.1,13.9,Rajana
18/09/2019,39.9,28.0,0.0,10.8,Rajana
19/09/2019,38.0,28.0,0.0,15.0,Rajana
20/09/2019,35.5,27.8,0.0,14.8,Rajana
21/09/2019,35.2,26.3,0.1,11.5,Rajana
22/09/2019,37.0,27.1,0.0,10.3,Rajana
23/09/2019,36.3,27.3,0.0,12.1,Rajana
24/09/2019,36.8,27.0,0.0,13.4,Rajana
25/09/2019,36.2,27.5,0.2,13.0,Rajana
26/09/2019,37.0,27.8,0.0,10.6,Rajana
27/09/2019,37.0,28.0,0.0,13.8,Rajana
28/09/2019,36.7,28.0,1.7,20.4,Rajana
29/09/2019,30.6,23.7,14.7,14.2,Rajana
30/09/2019,32.2,22.9,0.0,10.0,Rajana
01/10/2019,30.9,24.1,2.1,11.2,Rajana
02/10/2019,31.4,23.1,1.1,8.1,Rajana
03/10/2019,31.2,22.6,17.2,31.9,Rajana
04/10/2019,28.3,20.9,6.8,16.6,Rajana
05/10/2019,29.3,21.0,0.8,11.6,Rajana
06/10/2019,29.0,21.6,1.0,16.8,Rajana
07/10/2019,30.1,19.3,0.0,11.7,Rajana
08/10/2019,31.9,19.6,0.0,10.0,Rajana
09/10/2019,32.6,19.4,0.0,9.4,Rajana
10/10/2019,33.0,20.0,0.0,8.9,Rajana
11/10/2019,33.6,20.8,0.1,13.1,Rajana
12/10/2019,34.5,22.5,0.0,10.2,Rajana
13/10/2019,35.0,22.8,0.0,9.9,Rajana
14/10/2019,35.2,22.2,0.0,12.8,Rajana
15/10/2019,34.5,21.3,0.0,9.8,Rajana
16/10/2019,34.5,22.5,0.0,10.0,Rajana
17/10/2019,34.2,22.9,2.9,25.2,Rajana
18/10/2019,28.0,21.6,0.0,32.0,Rajana
19/10/2019,30.9,18.2,0.0,9.0,Rajana
20/10/2019,30.5,17.8,0.0,8.5,Rajana
21/10/2019,30.9,18.2,0.0,6.9,Rajana
22/10/2019,32.2,18.5,0.0,11.8,Rajana
23/10/2019,31.8,18.4,0.0,16.5,Rajana
24/10/2019,31.8,19.5,0.0,13.8,Rajana
25/10/2019,31.5,19.1,0.0,9.0,Rajana
26/10/2019,31.3,18.6,0.0,9.5,Rajana
27/10/2019,31.2,19.1,0.0,10.2,Rajana
28/10/2019,32.1,18.6,0.0,11.4,Rajana
29/10/2019,32.6,18.8,0.0,9.7,Rajana
30/10/2019,31.9,18.0,0.0,11.9,Rajana
31/10/2019,31.9,19.5,0.0,10.9,Rajana
01/11/2019,29.2,20.0,0.3,16.5,Rajana
02/11/2019,26.5,17.5,0.1,10.4,Rajana
03/11/2019,27.4,19.0,0.1,10.0,Rajana
04/11/2019,29.1,17.1,0.0,8.1,Rajana
05/11/2019,29.6,17.4,0.0,14.4,Rajana
06/11/2019,27.7,17.4,0.0,10.0,Rajana
07/11/2019,23.7,14.2,0.4,22.1,Rajana
08/11/2019,23.5,13.0,0.0,15.6,Rajana
09/11/2019,25.6,12.2,0.0,9.5,Rajana
10/11/2019,26.6,12.4,0.0,9.0,Rajana
11/11/2019,25.0,12.2,0.0,9.2,Rajana
12/11/2019,26.5,12.9,0.0,9.2,Rajana
13/11/2019,26.4,14.2,0.0,9.4,Rajana
14/11/2019,23.0,15.7,1.7,12.9,Rajana
15/11/2019,23.3,14.6,2.6,7.4,Rajana
16/11/2019,23.5,15.8,0.0,13.0,Rajana
17/11/2019,25.0,14.4,0.0,12.1,Rajana
18/11/2019,26.6,13.4,0.0,9.7,Rajana
19/11/2019,26.5,12.1,0.0,8.7,Rajana
20/11/2019,26.0,13.9,0.0,9.1,Rajana
21/11/2019,25.2,14.4,0.0,10.2,Rajana
22/11/2019,19.0,14.4,1.2,12.5,Rajana
23/11/2019,22.6,12.7,0.0,8.5,Rajana
24/11/2019,24.2,11.1,0.0,9.3,Rajana
25/11/2019,24.2,12.2,0.0,11.8,Rajana
26/11/2019,23.9,11.7,0.0,9.4,Rajana
27/11/2019,22.8,11.9,0.0,9.8,Rajana
28/11/2019,22.1,12.4,0.0,12.2,Rajana
29/11/2019,22.3,9.9,0.0,9.4,Rajana
30/11/2019,23.0,9.1,0.0,9.1,Rajana
01/12/2019,23.7,8.9,0.0,10.1,Rajana
02/12/2019,24.6,9.2,0.0,11.4,Rajana
03/12/2019,24.7,7.9,0.0,10.5,Rajana
04/12/2019,24.7,9.3,0.0,8.3,Rajana
05/12/2019,24.2,8.1,0.0,9.5,Rajana
06/12/2019,23.0,7.8,0.0,10.0,Rajana
07/12/2019,23.1,8.7,0.0,10.6,Rajana
08/12/2019,22.9,8.5,0.0,10.0,Rajana
09/12/2019,22.5,8.4,0.0,9.5,Rajana
10/12/2019,23.0,9.2,0.0,10.5,Rajana
11/12/2019,22.0,10.1,0.0,9.6,Rajana
12/12/2019,18.1,10.9,3.1,12.7,Rajana
13/12/2019,17.0,9.1,0.0,12.3,Rajana
14/12/2019,18.6,7.6,0.1,11.5,Rajana
15/12/2019,17.8,8.6,0.0,9.4,Rajana
16/12/2019,18.9,7.3,0.0,11.8,Rajana
17/12/2019,20.1,5.5,0.0,9.9,Rajana
18/12/2019,20.0,5.4,0.0,10.2,Rajana
19/12/2019,19.4,7.8,0.0,9.9,Rajana
20/12/2019,18.9,8.9,0.1,9.4,Rajana
21/12/2019,19.2,8.2,0.0,9.6,Rajana
22/12/2019,19.6,6.1,0.0,10.0,Rajana
23/12/2019,18.8,6.6,0.0,8.2,Rajana
24/12/2019,18.0,7.0,0.0,9.2,Rajana
25/12/2019,15.6,5.8,0.0,9.0,Rajana
26/12/2019,17.5,3.2,0.0,10.6,Rajana
27/12/2019,14.8,3.8,0.0,10.2,Rajana
28/12/2019,11.8,2.7,0.0,9.0,Rajana
29/12/2019,11.5,6.6,0.0,7.9,Rajana
30/12/2019,13.1,1.9,0.0,9.5,Rajana
31/12/2019,10.4,2.0,0.0,10.2,Rajana
01/01/2020,12.9,3.5,0.0,9.4,Rajana
02/01/2020,16.7,3.5,0.0,9.8,Rajana
03/01/2020,18.5,4.5,0.0,8.8,Rajana
04/01/2020,17.9,5.6,0.0,10.0,Rajana
05/01/2020,14.6,8.1,3.9,10.8,Rajana
06/01/2020,11.1,9.3,12.5,13.6,Rajana
07/01/2020,15.3,7.3,0.0,11.5,Rajana
08/01/2020,15.2,5.4,1.3,9.2,Rajana
09/01/2020,16.6,3.8,0.0,9.2,Rajana
10/01/2020,16.8,3.5,0.0,10.8,Rajana
11/01/2020,15.8,5.8,0.3,8.9,Rajana
12/01/2020,17.1,9.4,0.0,10.9,Rajana
13/01/2020,12.5,9.0,8.6,17.4,Rajana
14/01/2020,14.8,5.6,0.0,10.1,Rajana
15/01/2020,16.2,4.8,0.0,10.7,Rajana
16/01/2020,17.8,5.4,0.0,11.5,Rajana
17/01/2020,17.1,5.1,0.0,10.5,Rajana
18/01/2020,17.1,4.4,0.0,10.3,Rajana
19/01/2020,18.3,4.4,0.0,9.9,Rajana
20/01/2020,17.5,7.3,1.4,8.2,Rajana
21/01/2020,17.2,9.9,1.9,11.1,Rajana
22/01/2020,17.9,6.8,0.0,9.7,Rajana
23/01/2020,18.6,5.6,0.0,12.0,Rajana
24/01/2020,20.0,5.5,0.0,11.3,Rajana
25/01/2020,20.4,8.1,0.3,10.5,Rajana
26/01/2020,20.6,8.9,0.0,9.1,Rajana
27/01/2020,16.3,9.9,6.1,14.3,Rajana
28/01/2020,15.4,9.6,8.5,12.1,Rajana
29/01/2020,17.8,7.7,1.3,8.0,Rajana
30/01/2020,17.5,5.9,0.0,10.3,Rajana
31/01/2020,18.7,6.7,0.7,11.4,Rajana
01/02/2020,18.8,6.3,0.4,10.5,Rajana
02/02/2020,19.5,6.8,0.0,7.2,Rajana
03/02/2020,19.8,5.8,0.0,9.4,Rajana
04/02/2020,15.3,7.6,2.1,9.5,Rajana
05/02/2020,18.0,5.5,0.0,10.6,Rajana
06/02/2020,19.4,6.1,0.0,12.7,Rajana
07/02/2020,20.1,5.8,0.0,10.0,Rajana
08/02/2020,21.2,6.8,0.0,9.5,Rajana
09/02/2020,22.0,6.5,0.0,10.5,Rajana
10/02/2020,21.8,7.4,0.0,10.2,Rajana
11/02/2020,22.2,8.6,0.0,9.7,Rajana
12/02/2020,18.8,9.7,0.0,12.6,Rajana
13/02/2020,23.2,10.1,0.5,13.3,Rajana
14/02/2020,23.6,9.4,0.0,16.3,Rajana
15/02/2020,25.9,7.2,0.0,12.6,Rajana
16/02/2020,25.4,9.4,0.0,11.3,Rajana
17/02/2020,26.2,8.3,0.0,11.6,Rajana
18/02/2020,26.1,8.6,0.0,11.6,Rajana
19/02/2020,24.0,10.9,0.0,14.6,Rajana
20/02/2020,21.2,11.4,0.0,23.9,Rajana
21/02/2020,23.2,11.6,0.0,16.5,Rajana
22/02/2020,24.0,11.4,0.0,9.0,Rajana
23/02/2020,25.5,11.5,0.0,8.4,Rajana
24/02/2020,25.5,12.5,0.1,10.2,Rajana
25/02/2020,26.5,12.8,0.0,10.2,Rajana
26/02/2020,27.1,13.1,0.0,9.3,Rajana
27/02/2020,28.8,15.9,0.0,17.9,Rajana
28/02/2020,26.2,15.9,18.9,26.3,Rajana
29/02/2020,22.2,14.2,7.7,25.4,Rajana
01/03/2020,23.5,12.4,0.0,13.9,Rajana
02/03/2020,24.7,13.0,0.0,9.0,Rajana
03/03/2020,25.5,13.3,0.0,7.5,Rajana
04/03/2020,21.5,14.8,2.4,19.2,Rajana
05/03/2020,21.0,13.6,8.8,19.6,Rajana
06/03/2020,17.1,13.6,26.1,18.6,Rajana
07/03/2020,20.3,12.6,0.9,12.2,Rajana
08/03/2020,23.2,12.5,0.2,14.6,Rajana
09/03/2020,22.7,11.4,0.0,10.8,Rajana
10/03/2020,23.2,12.1,0.0,9.4,Rajana
11/03/2020,17.3,13.6,33.0,18.2,Rajana
12/03/2020,19.2,12.1,7.1,26.9,Rajana
13/03/2020,19.5,10.8,2.4,16.4,Rajana
14/03/2020,20.3,9.5,1.5,11.9,Rajana
15/03/2020,22.6,9.9,0.0,9.6,Rajana
16/03/2020,24.5,11.2,0.0,10.2,Rajana
17/03/2020,26.4,12.8,0.0,9.4,Rajana
18/03/2020,26.4,14.2,0.0,12.3,Rajana
19/03/2020,27.0,15.1,0.0,11.6,Rajana
20/03/2020,26.2,16.6,0.2,18.0,Rajana
21/03/2020,25.8,17.1,0.4,16.6,Rajana
22/03/2020,26.9,15.9,0.0,10.5,Rajana
23/03/2020,27.5,18.0,0.7,12.5,Rajana
24/03/2020,26.2,17.4,2.1,12.6,Rajana
25/03/2020,25.3,16.5,11.6,17.8,Rajana
26/03/2020,20.6,17.2,9.3,15.9,Rajana
27/03/2020,19.9,14.2,32.1,21.2,Rajana
28/03/2020,25.2,14.2,2.9,18.2,Rajana
29/03/2020,25.0,13.7,0.2,10.0,Rajana
30/03/2020,26.5,13.9,0.0,8.7,Rajana
31/03/2020,23.6,16.1,1.7,13.9,Rajana
01/04/2020,26.0,14.1,0.0,12.0,Rajana
02/04/2020,27.0,15.1,0.0,10.0,Rajana
03/04/2020,28.0,14.6,0.0,10.2,Rajana
04/04/2020,29.9,15.8,0.0,10.0,Rajana
05/04/2020,30.0,18.0,0.0,16.6,Rajana
06/04/2020,28.9,17.0,0.0,16.1,Rajana
07/04/2020,27.1,17.9,0.5,21.0,Rajana
08/04/2020,28.5,15.7,0.0,10.6,Rajana
09/04/2020,31.0,16.9,0.1,25.6,Rajana
10/04/2020,30.3,18.9,1.1,17.4,Rajana
11/04/2020,32.5,18.6,0.0,9.3,Rajana
12/04/2020,34.3,20.0,0.0,8.4,Rajana
13/04/2020,35.8,21.2,0.0,8.9,Rajana
14/04/2020,36.5,22.6,0.0,16.7,Rajana
15/04/2020,34.0,21.8,0.0,26.0,Rajana
16/04/2020,33.2,20.4,0.0,10.8,Rajana
17/04/2020,28.3,21.1,1.3,30.5,Rajana
18/04/2020,28.5,17.9,0.0,13.3,Rajana
19/04/2020,29.5,17.9,0.0,9.2,Rajana
20/04/2020,29.0,20.0,1.4,11.8,Rajana
21/04/2020,31.2,18.5,0.0,10.9,Rajana
22/04/2020,33.0,19.1,0.0,14.0,Rajana
23/04/2020,32.8,22.5,0.4,14.2,Rajana
24/04/2020,35.2,22.1,0.0,14.5,Rajana
25/04/2020,34.3,23.2,0.3,16.3,Rajana
26/04/2020,34.6,21.4,0.0,17.2,Rajana
27/04/2020,33.7,22.4,0.1,20.9,Rajana
28/04/2020,33.7,23.2,0.5,21.9,Rajana
29/04/2020,36.6,22.9,0.1,12.1,Rajana
30/04/2020,37.3,24.2,0.0,11.6,Rajana
01/05/2020,39.8,24.0,0.0,23.6,Rajana
02/05/2020,36.8,26.6,0.7,22.7,Rajana
03/05/2020,34.0,22.9,1.4,29.3,Rajana
04/05/2020,31.9,21.2,2.8,31.1,Rajana
05/05/2020,34.0,22.0,0.6,22.4,Rajana
06/05/2020,33.2,20.7,0.9,36.0,Rajana
07/05/2020,35.2,22.5,0.0,12.6,Rajana
08/05/2020,38.0,23.8,0.0,11.1,Rajana
09/05/2020,40.2,25.5,0.0,11.8,Rajana
10/05/2020,40.2,26.5,0.0,24.2,Rajana
11/05/2020,38.3,26.6,0.0,25.8,Rajana
12/05/2020,35.8,24.0,0.5,22.7,Rajana
13/05/2020,33.9,22.8,2.2,17.3,Rajana
14/05/2020,32.5,23.1,10.1,25.6,Rajana
15/05/2020,32.8,21.9,0.0,11.9,Rajana
16/05/2020,35.9,22.0,0.0,8.7,Rajana
17/05/2020,37.0,22.0,0.0,11.7,Rajana
18/05/2020,36.0,22.2,0.0,11.6,Rajana
19/05/2020,35.1,22.7,0.0,21.5,Rajana
20/05/2020,36.9,20.5,0.0,7.9,Rajana
21/05/2020,39.2,23.3,0.0,8.7,Rajana
22/05/2020,41.3,24.5,0.0,9.4,Rajana
23/05/2020,40.2,24.7,0.0,11.2,Rajana
24/05/2020,39.5,25.4,0.0,11.4,Rajana
25/05/2020,42.0,25.6,0.0,10.9,Rajana
26/05/2020,42.8,26.5,0.0,10.8,Rajana
27/05/2020,43.9,25.7,0.0,12.0,Rajana
28/05/2020,41.8,28.1,0.0,23.0,Rajana
29/05/2020,37.2,27.0,5.6,24.7,Rajana
30/05/2020,33.5,25.4,3.2,19.6,Rajana
31/05/2020,32.9,24.4,0.0,11.7,Rajana
01/06/2020,34.9,24.8,0.6,12.6,Rajana
02/06/2020,33.2,24.5,4.9,13.7,Rajana
03/06/2020,33.5,24.2,2.9,16.9,Rajana
04/06/2020,33.7,25.5,0.0,13.8,Rajana
05/06/2020,36.7,24.4,0.0,10.8,Rajana
06/06/2020,37.8,26.4,0.0,16.9,Rajana
07/06/2020,37.8,26.9,0.0,17.7,Rajana
08/06/2020,39.4,27.9,0.0,12.7,Rajana
09/06/2020,41.0,29.4,0.0,17.8,Rajana
10/06/2020,40.6,29.5,0.0,17.4,Rajana
11/06/2020,40.1,29.2,0.0,21.6,Rajana
12/06/2020,41.2,30.0,0.0,21.0,Rajana
13/06/2020,39.1,29.1,0.0,22.1,Rajana
14/06/2020,39.8,29.0,0.0,22.9,Rajana
15/06/2020,41.9,28.7,0.0,9.1,Rajana
16/06/2020,42.7,29.0,0.0,10.1,Rajana
17/06/2020,43.5,29.2,0.0,13.1,Rajana
18/06/2020,43.5,31.6,0.0,14.8,Rajana
19/06/2020,42.2,31.9,0.0,18.1,Rajana
20/06/2020,40.0,32.0,0.1,13.7,Rajana
21/06/2020,41.0,30.9,0.0,18.4,Rajana
22/06/2020,41.5,30.5,0.0,14.1,Rajana
23/06/2020,42.5,31.8,0.0,16.9,Rajana
24/06/2020,39.2,31.1,0.3,17.9,Rajana
25/06/2020,39.3,27.9,6.9,14.8,Rajana
26/06/2020,41.1,30.5,0.0,20.3,Rajana
27/06/2020,40.3,31.4,2.9,12.5,Rajana
28/06/2020,40.7,31.3,0.0,19.2,Rajana
29/06/2020,39.9,27.0,14.4,27.7,Rajana
30/06/2020,39.8,30.7,3.0,12.2,Rajana
01/07/2020,39.2,28.5,0.0,8.1,Rajana
02/07/2020,41.2,29.9,0.0,11.2,Rajana
03/07/2020,41.8,31.4,0.0,12.8,Rajana
04/07/2020,42.2,31.1,0.0,20.2,Rajana
05/07/2020,36.2,26.4,0.1,23.2,Rajana
06/07/2020,36.8,27.2,4.2,13.2,Rajana
07/07/2020,38.3,29.5,0.0,16.1,Rajana
08/07/2020,37.2,29.9,0.0,18.6,Rajana
09/07/2020,39.0,28.8,0.0,10.6,Rajana
10/07/2020,40.8,31.0,0.0,19.9,Rajana
11/07/2020,40.2,28.2,1.4,17.7,Rajana
12/07/2020,36.0,29.0,5.0,14.2,Rajana
13/07/2020,37.4,26.6,2.0,10.1,Rajana
14/07/2020,39.7,29.2,0.0,9.7,Rajana
15/07/2020,40.5,30.5,0.0,12.7,Rajana
16/07/2020,37.8,30.9,1.8,15.3,Rajana
17/07/2020,37.8,28.7,0.0,13.0,Rajana
18/07/2020,38.1,30.1,0.2,11.4,Rajana
19/07/2020,40.2,30.9,0.0,13.5,Rajana
20/07/2020,38.5,30.4,0.0,17.7,Rajana
21/07/2020,31.9,26.6,18.8,18.2,Rajana
22/07/2020,34.7,25.1,0.0,7.8,Rajana
23/07/2020,37.1,26.0,0.0,13.5,Rajana
24/07/2020,36.7,29.6,0.0,18.7,Rajana
25/07/2020,36.7,29.0,0.0,14.2,Rajana
26/07/2020,37.0,28.9,0.0,11.1,Rajana
27/07/2020,39.2,29.8,0.0,13.3,Rajana
28/07/2020,39.8,31.0,0.0,19.7,Rajana
29/07/2020,40.0,31.3,0.0,17.5,Rajana
30/07/2020,38.7,31.4,2.4,20.0,Rajana
31/07/2020,38.7,30.0,1.9,13.0,Rajana
01/08/2020,38.7,30.3,0.9,11.3,Rajana
02/08/2020,40.4,31.1,0.1,15.9,Rajana
03/08/2020,40.7,30.9,0.0,18.6,Rajana
04/08/2020,39.0,31.2,3.2,19.2,Rajana
05/08/2020,40.1,30.5,0.0,15.8,Rajana
06/08/2020,38.2,30.5,0.0,18.1,Rajana
07/08/2020,37.5,31.9,0.1,18.9,Rajana
08/08/2020,36.3,30.7,1.2,12.6,Rajana
09/08/2020,37.9,29.9,0.0,14.6,Rajana
10/08/2020,38.3,30.1,6.4,14.2,Rajana
11/08/2020,37.8,28.4,3.7,13.4,Rajana
12/08/2020,40.0,31.1,0.0,17.0,Rajana
13/08/2020,40.7,32.0,0.0,19.2,Rajana
14/08/2020,38.7,29.9,0.8,19.5,Rajana
15/08/2020,38.6,29.5,0.2,11.9,Rajana
16/08/2020,38.8,30.5,0.2,11.4,Rajana
17/08/2020,40.2,30.9,0.0,13.8,Rajana
18/08/2020,41.2,31.9,0.0,16.0,Rajana
19/08/2020,40.2,31.6,0.0,22.1,Rajana
20/08/2020,33.2,27.1,8.0,23.8,Rajana
21/08/2020,32.0,25.5,18.4,12.7,Rajana
22/08/2020,34.0,26.3,0.0,9.8,Rajana
23/08/2020,34.8,28.1,0.0,9.9,Rajana
24/08/2020,35.0,27.9,0.0,12.4,Rajana
25/08/2020,34.7,28.0,0.5,17.5,Rajana
26/08/2020,31.2,27.1,12.6,13.7,Rajana
27/08/2020,31.8,26.7,5.0,11.0,Rajana
28/08/2020,32.5,26.5,5.0,8.0,Rajana
29/08/2020,33.0,26.5,2.1,10.3,Rajana
30/08/2020,34.4,27.0,0.0,12.6,Rajana
31/08/2020,30.5,26.5,25.9,21.7,Rajana
01/09/2020,31.9,25.5,6.0,20.6,Rajana
02/09/2020,31.5,25.7,4.0,12.1,Rajana
03/09/2020,32.2,25.6,13.1,11.0,Rajana
04/09/2020,30.0,25.6,8.0,12.8,Rajana
05/09/2020,32.1,25.3,1.8,11.3,Rajana
06/09/2020,33.4,25.6,0.4,7.2,Rajana
07/09/2020,33.6,26.3,3.4,11.5,Rajana
08/09/2020,36.2,27.3,0.0,8.5,Rajana
09/09/2020,36.2,27.3,0.0,7.3,Rajana
10/09/2020,36.6,26.4,0.0,11.1,Rajana
11/09/2020,37.3,25.0,0.0,14.8,Rajana
12/09/2020,37.6,25.9,0.0,8.7,Rajana
13/09/2020,38.1,26.1,0.0,8.7,Rajana
14/09/2020,37.8,26.7,0.0,12.1,Rajana
15/09/2020,36.3,27.3,0.0,13.9,Rajana
16/09/2020,37.3,28.9,0.0,14.7,Rajana
17/09/2020,37.3,29.0,0.0,10.0,Rajana
18/09/2020,38.1,28.1,0.0,8.7,Rajana
19/09/2020,38.5,26.8,0.0,8.2,Rajana
20/09/2020,38.5,25.3,0.0,8.4,Rajana
21/09/2020,38.2,25.4,0.0,9.1,Rajana
22/09/2020,37.8,25.4,0.0,9.3,Rajana
23/09/2020,37.5,25.6,0.0,10.0,Rajana
24/09/2020,38.0,26.3,0.0,9.2,Rajana
25/09/2020,39.0,24.5,0.0,15.9,Rajana
26/09/2020,36.5,24.5,0.0,13.4,Rajana
27/09/2020,37.0,23.6,0.0,14.7,Rajana
28/09/2020,36.8,23.9,0.0,12.1,Rajana
29/09/2020,36.6,23.9,0.0,12.0,Rajana
30/09/2020,37.1,22.2,0.0,9.6,Rajana
01/10/2020,36.6,23.2,0.0,10.0,Rajana
02/10/2020,36.6,23.2,0.0,10.3,Rajana
03/10/2020,36.8,21.4,0.0,10.5,Rajana
04/10/2020,37.3,20.8,0.0,10.2,Rajana
05/10/2020,37.8,21.2,0.0,11.9,Rajana
06/10/2020,37.3,21.6,0.0,10.0,Rajana
07/10/2020,37.7,21.3,0.0,12.2,Rajana
08/10/2020,37.4,21.4,0.0,11.4,Rajana
09/10/2020,37.7,21.6,0.0,11.8,Rajana
10/10/2020,37.8,21.1,0.0,10.4,Rajana
11/10/2020,37.5,20.2,0.0,11.1,Rajana
12/10/2020,37.3,21.6,0.0,10.2,Rajana
13/10/2020,37.3,22.1,0.0,13.0,Rajana
14/10/2020,35.7,20.6,0.0,12.0,Rajana
15/10/2020,36.0,19.0,0.0,12.1,Rajana
16/10/2020,35.8,19.6,0.0,11.6,Rajana
17/10/2020,35.8,18.3,0.0,10.8,Rajana
18/10/2020,35.5,18.5,0.0,10.2,Rajana
19/10/2020,35.2,18.6,0.0,9.7,Rajana
20/10/2020,35.3,18.4,0.0,10.9,Rajana
21/10/2020,34.6,20.0,0.0,12.0,Rajana
22/10/2020,33.7,18.6,0.0,9.7,Rajana
23/10/2020,33.9,18.2,0.0,9.9,Rajana
24/10/2020,34.2,19.4,0.0,13.7,Rajana
25/10/2020,33.7,18.2,0.0,15.7,Rajana
26/10/2020,31.8,17.7,0.0,11.9,Rajana
27/10/2020,31.6,15.8,0.0,10.5,Rajana
28/10/2020,32.8,16.6,0.0,14.4,Rajana
29/10/2020,33.0,17.6,0.0,14.0,Rajana
30/10/2020,31.7,16.9,0.0,10.5,Rajana
31/10/2020,31.5,14.8,0.0,10.9,Rajana
01/11/2020,31.5,14.9,0.0,12.7,Rajana
02/11/2020,31.2,13.9,0.0,9.2,Rajana
03/11/2020,31.7,15.6,0.0,10.6,Rajana
04/11/2020,31.7,14.2,0.0,10.3,Rajana
05/11/2020,31.4,14.9,0.0,9.1,Rajana
06/11/2020,31.3,14.4,0.0,11.3,Rajana
07/11/2020,31.1,14.1,0.0,9.4,Rajana
08/11/2020,31.5,14.1,0.0,10.2,Rajana
09/11/2020,30.9,14.9,0.0,10.5,Rajana
10/11/2020,30.1,15.7,0.0,11.5,Rajana
11/11/2020,29.6,14.1,0.0,9.3,Rajana
12/11/2020,28.9,13.9,0.0,10.5,Rajana
13/11/2020,29.2,13.7,0.0,9.8,Rajana
14/11/2020,28.2,14.9,0.0,12.6,Rajana
15/11/2020,22.1,14.6,0.6,11.7,Rajana
16/11/2020,23.1,12.4,0.0,12.6,Rajana
17/11/2020,23.3,10.9,0.0,10.2,Rajana
18/11/2020,23.4,9.1,0.0,9.7,Rajana
19/11/2020,24.1,10.2,0.0,11.3,Rajana
20/11/2020,23.8,10.6,0.0,10.7,Rajana
21/11/2020,22.8,10.1,0.0,9.6,Rajana
22/11/2020,22.6,9.0,0.0,9.5,Rajana
23/11/2020,23.0,12.7,0.0,12.8,Rajana
24/11/2020,20.1,13.6,0.4,14.0,Rajana
25/11/2020,19.5,13.4,4.8,15.8,Rajana
26/11/2020,21.3,11.7,0.1,12.6,Rajana
27/11/2020,22.1,8.6,0.0,8.4,Rajana
28/11/2020,24.1,8.2,0.0,10.3,Rajana
29/11/2020,25.0,9.9,0.0,10.9,Rajana
30/11/2020,25.4,12.6,0.0,10.5,Rajana
01/12/2020,26.4,10.9,0.0,9.9,Rajana
02/12/2020,26.2,10.9,0.0,9.3,Rajana
03/12/2020,26.4,10.6,0.0,10.2,Rajana
04/12/2020,25.4,12.5,0.0,11.3,Rajana
05/12/2020,24.7,12.7,0.0,10.0,Rajana
06/12/2020,25.5,11.9,0.0,10.0,Rajana
07/12/2020,25.6,11.9,0.0,10.1,Rajana
08/12/2020,24.0,13.2,0.0,15.7,Rajana
09/12/2020,18.8,13.0,4.9,12.7,Rajana
10/12/2020,22.5,10.6,0.0,9.8,Rajana
11/12/2020,17.5,10.2,4.1,19.9,Rajana
12/12/2020,18.8,9.1,0.0,8.4,Rajana
13/12/2020,18.9,7.3,0.0,8.4,Rajana
14/12/2020,18.9,7.1,0.0,9.7,Rajana
15/12/2020,16.5,6.5,0.1,9.0,Rajana
16/12/2020,16.9,4.3,0.0,8.3,Rajana
17/12/2020,17.6,4.1,0.0,12.3,Rajana
18/12/2020,18.5,3.9,0.0,10.0,Rajana
19/12/2020,19.8,6.2,0.0,10.7,Rajana
20/12/2020,20.4,5.5,0.0,8.6,Rajana
21/12/2020,20.6,7.4,0.0,8.4,Rajana
22/12/2020,21.2,6.7,0.0,10.4,Rajana
23/12/2020,21.3,6.3,0.0,10.2,Rajana
24/12/2020,21.3,6.2,0.0,8.4,Rajana
25/12/2020,21.3,6.4,0.0,9.2,Rajana
26/12/2020,20.7,7.6,0.0,10.6,Rajana
27/12/2020,15.8,5.8,0.4,14.1,Rajana
28/12/2020,14.9,3.8,0.0,11.0,Rajana
29/12/2020,16.4,3.8,0.0,9.9,Rajana
30/12/2020,18.0,3.7,0.0,11.0,Rajana
31/12/2020,17.2,2.8,0.0,10.8,Rajana
01/01/2021,18.1,4.1,0.0,10.3,Rajana
02/01/2021,17.8,4.8,0.0,12.0,Rajana
03/01/2021,18.6,7.8,0.0,10.9,Rajana
04/01/2021,19.0,9.6,1.6,12.8,Rajana
05/01/2021,17.2,10.4,10.0,10.7,Rajana
06/01/2021,18.4,9.4,0.0,9.8,Rajana
07/01/2021,19.0,7.3,0.0,9.4,Rajana
08/01/2021,18.1,8.4,0.2,9.0,Rajana
09/01/2021,18.5,6.0,0.0,10.7,Rajana
10/01/2021,19.0,5.2,0.0,10.2,Rajana
11/01/2021,20.4,4.8,0.0,11.4,Rajana
12/01/2021,20.3,4.4,0.0,11.4,Rajana
13/01/2021,19.5,3.3,0.0,12.5,Rajana
14/01/2021,18.9,4.4,0.0,10.7,Rajana
15/01/2021,17.4,4.9,0.0,9.0,Rajana
16/01/2021,13.9,4.3,0.0,10.3,Rajana
17/01/2021,14.2,3.5,0.0,11.5,Rajana
18/01/2021,17.5,5.2,0.0,12.5,Rajana
19/01/2021,18.5,4.8,0.0,9.4,Rajana
20/01/2021,20.6,4.9,0.0,10.6,Rajana
21/01/2021,21.8,4.9,0.0,11.8,Rajana
22/01/2021,21.4,8.6,0.0,13.3,Rajana
23/01/2021,18.9,7.9,0.0,19.4,Rajana
24/01/2021,19.5,5.7,0.0,9.4,Rajana
25/01/2021,20.0,5.7,0.0,8.9,Rajana
26/01/2021,19.7,3.8,0.0,8.5,Rajana
27/01/2021,19.5,3.8,0.0,8.4,Rajana
28/01/2021,19.9,4.2,0.0,9.5,Rajana
29/01/2021,19.6,4.8,0.0,10.7,Rajana
30/01/2021,20.1,5.7,0.0,11.4,Rajana
31/01/2021,22.1,6.2,0.0,11.3,Rajana
01/02/2021,22.5,8.2,0.0,12.2,Rajana
02/02/2021,21.8,6.7,0.0,10.8,Rajana
03/02/2021,22.0,7.8,0.0,14.1,Rajana
04/02/2021,20.0,8.6,2.1,15.3,Rajana
05/02/2021,21.1,7.4,0.0,11.0,Rajana
06/02/2021,22.5,7.7,0.0,11.7,Rajana
07/02/2021,24.0,7.9,0.0,12.1,Rajana
08/02/2021,25.4,8.9,0.0,11.8,Rajana
09/02/2021,25.1,9.2,0.0,10.3,Rajana
10/02/2021,25.0,10.1,0.0,10.3,Rajana
11/02/2021,25.8,9.9,0.0,10.8,Rajana
12/02/2021,25.9,9.8,0.0,9.7,Rajana
13/02/2021,25.6,11.4,0.0,10.5,Rajana
14/02/2021,26.9,11.4,0.0,11.9,Rajana
15/02/2021,26.0,11.4,0.0,10.6,Rajana
16/02/2021,25.9,11.6,0.0,11.0,Rajana
17/02/2021,26.5,11.2,0.0,11.4,Rajana
18/02/2021,26.6,11.1,0.0,11.8,Rajana
19/02/2021,26.7,10.5,0.0,12.3,Rajana
20/02/2021,27.5,11.6,0.0,10.5,Rajana
21/02/2021,28.2,12.6,0.0,10.2,Rajana
22/02/2021,29.1,13.1,0.0,20.4,Rajana
23/02/2021,28.0,13.9,0.0,10.7,Rajana
24/02/2021,30.2,14.4,0.0,11.2,Rajana
25/02/2021,29.0,15.4,0.0,12.8,Rajana
26/02/2021,30.5,15.6,0.0,13.4,Rajana
27/02/2021,26.0,15.9,0.0,20.0,Rajana
28/02/2021,27.0,13.1,0.0,12.0,Rajana
01/03/2021,28.1,12.3,0.0,11.5,Rajana
02/03/2021,29.2,15.5,0.0,14.0,Rajana
03/03/2021,30.2,12.9,0.0,15.6,Rajana
04/03/2021,30.4,16.5,0.0,12.1,Rajana
05/03/2021,31.0,14.4,0.0,10.5,Rajana
06/03/2021,32.6,15.7,0.0,21.2,Rajana
07/03/2021,31.3,19.5,0.0,27.5,Rajana
08/03/2021,29.5,18.1,0.0,22.1,Rajana
09/03/2021,30.2,15.9,0.0,12.1,Rajana
10/03/2021,31.3,16.2,0.0,11.3,Rajana
11/03/2021,30.3,16.5,2.6,26.1,Rajana
12/03/2021,27.9,16.4,0.0,24.1,Rajana
13/03/2021,29.5,15.2,0.0,13.0,Rajana
14/03/2021,30.6,16.0,0.0,13.0,Rajana
15/03/2021,29.6,17.6,0.0,12.2,Rajana
16/03/2021,31.4,17.6,0.3,12.9,Rajana
17/03/2021,32.4,18.5,0.0,12.7,Rajana
18/03/2021,32.0,17.3,0.0,18.1,Rajana
19/03/2021,32.5,17.2,0.0,11.0,Rajana
20/03/2021,33.1,18.0,0.0,8.9,Rajana
21/03/2021,31.9,19.9,0.5,24.8,Rajana
22/03/2021,29.0,17.2,19.4,20.0,Rajana
23/03/2021,25.5,15.4,7.4,21.7,Rajana
24/03/2021,26.0,14.8,0.0,15.6,Rajana
25/03/2021,28.0,14.9,0.0,9.4,Rajana
26/03/2021,30.0,16.5,0.0,7.4,Rajana
27/03/2021,32.2,18.8,0.0,9.3,Rajana
28/03/2021,35.5,20.0,0.0,14.3,Rajana
29/03/2021,34.3,20.8,0.0,15.3,Rajana
30/03/2021,32.5,20.4,0.0,16.2,Rajana
31/03/2021,31.9,16.0,0.0,23.5,Rajana
01/04/2021,32.2,15.4,0.0,21.3,Rajana
02/04/2021,31.2,15.1,0.0,14.7,Rajana
03/04/2021,33.2,16.9,0.0,15.5,Rajana
04/04/2021,34.6,17.0,0.0,15.6,Rajana
05/04/2021,34.0,21.1,0.0,20.2,Rajana
06/04/2021,31.5,17.6,2.1,28.5,Rajana
07/04/2021,30.6,14.7,0.0,12.0,Rajana
08/04/2021,31.0,14.9,0.0,10.7,Rajana
09/04/2021,33.5,17.5,0.0,12.8,Rajana
10/04/2021,34.7,18.6,0.0,13.3,Rajana
11/04/2021,36.6,20.2,0.0,13.1,Rajana
12/04/2021,35.8,22.0,0.0,15.9,Rajana
13/04/2021,36.4,21.5,0.0,12.3,Rajana
14/04/2021,37.5,23.5,0.0,18.1,Rajana
15/04/2021,35.5,23.0,0.0,21.9,Rajana
16/04/2021,29.0,21.7,0.4,22.8,Rajana
17/04/2021,31.3,18.0,0.0,13.0,Rajana
18/04/2021,33.8,20.0,0.0,18.1,Rajana
19/04/2021,34.8,21.9,0.0,14.0,Rajana
20/04/2021,29.2,18.8,6.0,20.2,Rajana
21/04/2021,30.3,18.2,0.0,13.0,Rajana
22/04/2021,33.9,19.2,0.0,27.4,Rajana
23/04/2021,30.4,19.0,0.0,28.5,Rajana
24/04/2021,33.0,16.3,0.0,9.7,Rajana
25/04/2021,36.3,20.0,0.0,8.6,Rajana
26/04/2021,39.0,21.7,0.0,9.4,Rajana
27/04/2021,41.0,24.0,0.0,11.8,Rajana
28/04/2021,40.3,24.8,0.0,16.7,Rajana
29/04/2021,40.1,24.2,0.0,13.7,Rajana
30/04/2021,39.4,24.0,0.0,21.1,Rajana
01/05/2021,38.7,25.1,0.0,24.2,Rajana
02/05/2021,39.6,25.6,0.0,24.5,Rajana
03/05/2021,38.7,24.0,0.0,12.2,Rajana
04/05/2021,39.2,24.2,0.0,21.4,Rajana
05/05/2021,37.3,25.4,0.0,19.4,Rajana
06/05/2021,33.8,24.3,0.0,16.7,Rajana
07/05/2021,36.2,22.0,0.0,16.4,Rajana
08/05/2021,38.5,24.8,0.0,17.3,Rajana
09/05/2021,38.5,26.3,0.0,16.6,Rajana
10/05/2021,40.0,26.8,0.0,23.1,Rajana
11/05/2021,38.8,25.5,0.0,18.3,Rajana
12/05/2021,36.7,25.9,0.0,24.9,Rajana
13/05/2021,35.5,24.8,0.1,23.1,Rajana
14/05/2021,35.2,23.6,0.1,21.6,Rajana
15/05/2021,36.3,24.9,0.0,17.9,Rajana
16/05/2021,38.2,24.9,0.0,10.9,Rajana
17/05/2021,39.2,25.5,0.0,13.9,Rajana
18/05/2021,39.0,25.1,0.0,14.5,Rajana
19/05/2021,36.6,25.0,0.0,18.4,Rajana
20/05/2021,38.1,24.0,0.0,14.5,Rajana
21/05/2021,37.8,26.6,0.0,15.4,Rajana
22/05/2021,38.2,25.7,0.0,25.2,Rajana
23/05/2021,36.0,23.7,0.0,20.0,Rajana
24/05/2021,37.3,23.9,0.0,8.9,Rajana
25/05/2021,38.3,25.3,0.0,10.6,Rajana
26/05/2021,40.0,26.0,0.0,8.9,Rajana
27/05/2021,42.5,26.7,0.0,9.8,Rajana
28/05/2021,43.8,27.6,0.0,11.3,Rajana
29/05/2021,43.2,29.0,0.0,10.3,Rajana
30/05/2021,42.7,28.5,0.0,15.9,Rajana
31/05/2021,41.1,28.6,0.0,31.9,Rajana
01/06/2021,31.8,24.3,29.9,26.7,Rajana
02/06/2021,36.5,25.1,0.4,18.5,Rajana
03/06/2021,37.3,26.8,0.3,16.8,Rajana
04/06/2021,35.9,25.9,0.0,15.0,Rajana
05/06/2021,38.2,25.6,0.0,16.9,Rajana
06/06/2021,40.3,27.5,0.0,14.7,Rajana
07/06/2021,42.3,29.3,0.0,16.1,Rajana
08/06/2021,42.2,30.5,0.0,16.6,Rajana
09/06/2021,42.7,30.8,0.0,17.2,Rajana
10/06/2021,41.8,31.5,0.0,15.5,Rajana
11/06/2021,40.2,31.2,0.0,14.8,Rajana
12/06/2021,41.7,30.5,0.0,12.1,Rajana
13/06/2021,36.6,30.0,8.8,29.4,Rajana
14/06/2021,36.5,28.5,0.6,16.6,Rajana
15/06/2021,34.8,26.4,7.3,10.7,Rajana
16/06/2021,35.2,24.6,0.0,15.7,Rajana
17/06/2021,35.8,25.8,0.0,10.1,Rajana
18/06/2021,36.6,26.1,0.0,11.0,Rajana
19/06/2021,38.5,25.5,0.0,10.5,Rajana
20/06/2021,38.7,26.4,0.0,17.1,Rajana
21/06/2021,36.6,25.5,0.0,12.8,Rajana
22/06/2021,38.3,26.1,0.0,7.6,Rajana
23/06/2021,40.2,27.7,0.0,10.9,Rajana
24/06/2021,39.7,28.8,0.0,20.3,Rajana
25/06/2021,39.0,27.7,0.0,21.6,Rajana
26/06/2021,37.3,27.8,0.1,17.6,Rajana
27/06/2021,38.2,28.2,0.0,9.8,Rajana
28/06/2021,39.4,27.8,0.0,7.7,Rajana
29/06/2021,42.2,28.2,0.0,13.5,Rajana
30/06/2021,42.0,31.0,0.0,18.8,Rajana
01/07/2021,40.4,29.9,0.0,16.9,Rajana
02/07/2021,40.0,30.5,0.0,20.5,Rajana
03/07/2021,38.5,29.4,1.7,13.1,Rajana
04/07/2021,39.4,28.9,0.0,17.1,Rajana
05/07/2021,39.5,28.7,0.1,11.6,Rajana
06/07/2021,39.4,28.5,0.0,7.7,Rajana
07/07/2021,41.7,30.0,0.0,12.4,Rajana
08/07/2021,41.7,31.4,0.0,13.7,Rajana
09/07/2021,39.8,31.0,0.2,12.7,Rajana
10/07/2021,40.2,31.0,0.0,15.8,Rajana
11/07/2021,40.8,31.4,0.0,17.9,Rajana
12/07/2021,39.3,30.8,0.3,24.1,Rajana
13/07/2021,36.0,26.8,1.0,14.0,Rajana
14/07/2021,35.2,27.6,3.7,13.3,Rajana
15/07/2021,36.4,28.1,2.5,14.0,Rajana
16/07/2021,37.8,29.8,0.0,13.0,Rajana
17/07/2021,40.0,30.9,0.0,10.7,Rajana
18/07/2021,42.7,32.1,0.0,18.1,Rajana
19/07/2021,40.3,33.0,0.0,15.9,Rajana
20/07/2021,34.2,28.2,17.7,15.8,Rajana
21/07/2021,33.2,25.2,17.3,14.2,Rajana
22/07/2021,34.7,26.8,0.7,9.2,Rajana
23/07/2021,36.2,27.8,0.0,12.0,Rajana
24/07/2021,36.8,28.3,0.0,10.5,Rajana
25/07/2021,38.3,30.4,0.0,9.5,Rajana
26/07/2021,38.8,31.2,0.1,15.8,Rajana
27/07/2021,37.8,31.3,0.0,20.7,Rajana
28/07/2021,36.4,29.4,0.0,21.4,Rajana
29/07/2021,35.0,28.0,0.8,15.0,Rajana
30/07/2021,34.3,25.7,12.4,12.8,Rajana
31/07/2021,34.5,26.9,3.0,12.1,Rajana
01/08/2021,35.0,27.8,0.2,8.6,Rajana
02/08/2021,36.3,27.4,6.4,9.6,Rajana
03/08/2021,37.7,27.9,1.7,11.0,Rajana
04/08/2021,37.0,28.9,0.0,13.3,Rajana
05/08/2021,37.4,29.0,1.1,10.0,Rajana
06/08/2021,37.8,29.5,0.0,18.0,Rajana
07/08/2021,38.5,29.2,0.0,12.2,Rajana
08/08/2021,39.2,30.0,0.0,13.2,Rajana
09/08/2021,39.5,30.0,0.0,13.4,Rajana
10/08/2021,38.5,29.1,0.0,16.0,Rajana
11/08/2021,38.4,29.6,0.0,15.9,Rajana
12/08/2021,38.5,28.6,0.0,15.3,Rajana
13/08/2021,38.7,29.0,0.0,17.7,Rajana
14/08/2021,37.8,29.8,0.0,16.4,Rajana
15/08/2021,36.6,29.6,1.8,20.5,Rajana
16/08/2021,37.3,27.0,1.1,29.8,Rajana
17/08/2021,38.5,28.6,0.0,8.3,Rajana
18/08/2021,39.2,28.4,0.0,11.5,Rajana
19/08/2021,39.7,28.2,0.0,8.4,Rajana
20/08/2021,39.9,28.8,0.0,21.0,Rajana
21/08/2021,37.8,28.8,0.0,16.9,Rajana
22/08/2021,36.3,27.5,0.0,14.0,Rajana
23/08/2021,37.1,26.7,0.0,9.3,Rajana
24/08/2021,41.0,28.8,0.0,14.3,Rajana
25/08/2021,39.4,30.1,0.0,19.1,Rajana
26/08/2021,39.2,29.4,0.0,16.9,Rajana
27/08/2021,39.5,28.8,0.0,15.2,Rajana
28/08/2021,38.9,28.8,0.0,13.1,Rajana
29/08/2021,38.3,28.2,0.0,8.9,Rajana
30/08/2021,36.9,29.6,0.1,18.3,Rajana
31/08/2021,35.6,28.3,2.6,16.0,Rajana
01/09/2021,36.4,27.5,0.0,14.8,Rajana
02/09/2021,36.8,27.4,0.0,10.9,Rajana
03/09/2021,36.2,27.5,0.1,14.9,Rajana
04/09/2021,36.2,26.8,0.0,9.4,Rajana
05/09/2021,37.3,27.8,0.0,10.0,Rajana
06/09/2021,37.8,28.5,0.0,11.6,Rajana
07/09/2021,38.4,29.6,0.0,18.4,Rajana
08/09/2021,36.0,29.1,0.7,16.9,Rajana
09/09/2021,33.5,26.2,4.5,12.6,Rajana
10/09/2021,32.1,27.0,6.8,15.1,Rajana
11/09/2021,31.0,25.5,7.0,20.5,Rajana
12/09/2021,31.1,24.6,1.9,16.5,Rajana
13/09/2021,33.2,24.0,0.0,9.7,Rajana
14/09/2021,34.0,25.5,0.0,11.1,Rajana
15/09/2021,34.5,26.0,0.0,14.5,Rajana
16/09/2021,36.3,27.5,0.0,13.5,Rajana
17/09/2021,37.0,27.7,0.0,16.3,Rajana
18/09/2021,36.3,27.6,0.0,12.7,Rajana
19/09/2021,35.8,27.4,0.0,10.0,Rajana
20/09/2021,35.7,28.0,0.0,11.5,Rajana
21/09/2021,33.7,28.2,1.9,21.2,Rajana
22/09/2021,32.5,25.6,3.7,13.3,Rajana
23/09/2021,32.0,25.1,0.0,16.8,Rajana
24/09/2021,32.5,24.0,0.0,15.8,Rajana
25/09/2021,34.0,24.3,0.0,8.5,Rajana
26/09/2021,35.3,25.1,0.0,8.2,Rajana
27/09/2021,35.5,26.5,0.0,10.5,Rajana
28/09/2021,35.1,26.1,0.0,10.9,Rajana
29/09/2021,35.5,27.2,0.1,11.7,Rajana
30/09/2021,36.1,27.0,0.0,11.4,Rajana
01/10/2021,37.0,28.0,0.0,10.7,Rajana
02/10/2021,37.2,28.0,0.0,13.3,Rajana
03/10/2021,37.2,27.4,0.0,11.8,Rajana
04/10/2021,35.0,26.8,1.3,10.5,Rajana
05/10/2021,34.5,25.9,0.7,9.8,Rajana
06/10/2021,35.4,24.7,0.0,7.9,Rajana
07/10/2021,36.0,22.9,0.0,10.6,Rajana
08/10/2021,37.2,24.3,0.0,14.1,Rajana
09/10/2021,37.0,23.6,0.0,9.8,Rajana
10/10/2021,36.0,24.3,0.0,14.1,Rajana
11/10/2021,33.2,22.0,0.0,18.7,Rajana
12/10/2021,33.7,22.5,0.0,12.6,Rajana
13/10/2021,33.8,19.8,0.0,14.9,Rajana
14/10/2021,34.0,19.6,0.0,11.2,Rajana
15/10/2021,33.2,17.9,0.0,10.2,Rajana
16/10/2021,33.1,17.0,0.0,10.6,Rajana
17/10/2021,32.7,17.8,0.0,10.8,Rajana
18/10/2021,30.4,19.8,0.0,12.0,Rajana
19/10/2021,32.9,19.4,0.0,7.9,Rajana
20/10/2021,33.3,18.1,0.0,12.2,Rajana
21/10/2021,31.6,17.4,0.0,11.8,Rajana
22/10/2021,32.0,19.6,0.0,23.9,Rajana
23/10/2021,29.7,19.8,0.0,24.1,Rajana
24/10/2021,25.9,17.9,0.2,15.3,Rajana
25/10/2021,26.9,16.5,0.0,13.0,Rajana
26/10/2021,27.8,15.9,0.0,8.8,Rajana
27/10/2021,29.3,17.6,0.0,8.9,Rajana
28/10/2021,29.5,16.5,0.0,9.2,Rajana
29/10/2021,30.9,16.5,0.0,9.7,Rajana
30/10/2021,31.1,16.8,0.0,8.9,Rajana
31/10/2021,30.5,16.0,0.0,12.6,Rajana
01/11/2021,29.6,18.1,0.0,15.5,Rajana
02/11/2021,27.8,18.8,0.0,20.7,Rajana
03/11/2021,28.6,15.2,0.0,13.6,Rajana
04/11/2021,28.9,14.1,0.0,11.3,Rajana
05/11/2021,29.5,16.9,0.0,16.0,Rajana
06/11/2021,28.2,14.9,0.0,8.9,Rajana
07/11/2021,29.0,15.4,0.0,10.0,Rajana
08/11/2021,29.5,14.9,0.0,9.7,Rajana
09/11/2021,30.0,15.1,0.0,10.7,Rajana
10/11/2021,29.4,15.3,0.0,11.5,Rajana
11/11/2021,29.6,14.9,0.0,9.3,Rajana
12/11/2021,29.0,14.2,0.0,9.7,Rajana
13/11/2021,29.3,13.3,0.0,10.5,Rajana
14/11/2021,28.9,13.4,0.0,19.3,Rajana
15/11/2021,27.5,12.9,0.0,10.7,Rajana
16/11/2021,26.9,11.8,0.0,11.5,Rajana
17/11/2021,27.0,10.4,0.0,11.6,Rajana
18/11/2021,26.0,10.6,0.0,9.7,Rajana
19/11/2021,26.1,11.3,0.0,8.0,Rajana
20/11/2021,26.0,10.2,0.0,10.4,Rajana
21/11/2021,26.6,10.9,0.0,11.7,Rajana
22/11/2021,26.6,10.9,0.0,12.3,Rajana
23/11/2021,27.2,10.1,0.0,11.0,Rajana
24/11/2021,26.5,12.2,0.0,11.8,Rajana
25/11/2021,26.7,12.9,0.0,10.1,Rajana
26/11/2021,26.7,10.6,0.0,10.2,Rajana
27/11/2021,27.1,12.6,0.0,12.0,Rajana
28/11/2021,26.6,12.7,0.0,10.3,Rajana
29/11/2021,25.4,11.4,0.0,9.8,Rajana
30/11/2021,25.2,10.8,0.0,9.7,Rajana
01/12/2021,25.3,10.2,0.0,8.6,Rajana
02/12/2021,25.0,12.2,0.0,10.0,Rajana
03/12/2021,24.5,9.8,0.0,8.4,Rajana
04/12/2021,24.4,10.0,0.0,9.6,Rajana
05/12/2021,24.4,10.3,0.0,11.7,Rajana
06/12/2021,23.7,10.9,0.0,10.2,Rajana
07/12/2021,23.7,10.1,0.0,9.7,Rajana
08/12/2021,23.5,9.1,0.0,9.7,Rajana
09/12/2021,24.0,8.8,0.0,10.3,Rajana
10/12/2021,24.0,8.6,0.0,11.5,Rajana
11/12/2021,23.5,8.6,0.0,11.5,Rajana
12/12/2021,22.8,8.5,0.0,9.9,Rajana
13/12/2021,21.6,6.7,0.0,9.8,Rajana
14/12/2021,21.1,7.2,0.0,10.4,Rajana
15/12/2021,20.6,6.6,0.0,8.3,Rajana
16/12/2021,18.7,8.1,2.4,15.4,Rajana
17/12/2021,19.3,4.8,0.0,9.0,Rajana
18/12/2021,18.8,3.5,0.0,11.0,Rajana
19/12/2021,19.2,2.7,0.0,9.9,Rajana
20/12/2021,20.0,6.2,0.0,10.9,Rajana
21/12/2021,20.5,5.5,0.0,9.9,Rajana
22/12/2021,20.8,6.1,0.0,10.6,Rajana
23/12/2021,21.3,9.4,0.1,11.6,Rajana
24/12/2021,21.2,6.9,0.0,9.4,Rajana
25/12/2021,21.0,6.6,0.0,9.8,Rajana
26/12/2021,20.7,10.2,0.6,12.3,Rajana
27/12/2021,19.2,9.2,0.4,8.5,Rajana
28/12/2021,19.5,7.6,0.0,11.3,Rajana
29/12/2021,19.5,5.1,0.0,11.5,Rajana
30/12/2021,20.2,7.1,0.0,8.3,Rajana
31/12/2021,20.1,7.5,0.0,7.7,Rajana
01/01/2022,20.3,6.5,0.0,9.2,Rajana
02/01/2022,20.4,6.3,0.0,9.2,Rajana
03/01/2022,21.4,8.1,0.0,7.7,Rajana
04/01/2022,19.9,11.3,1.5,10.5,Rajana
05/01/2022,17.0,11.4,4.4,10.7,Rajana
06/01/2022,16.6,9.3,0.4,9.4,Rajana
07/01/2022,14.4,9.6,13.2,7.1,Rajana
08/01/2022,15.4,7.6,1.1,10.7,Rajana
09/01/2022,15.8,6.2,0.0,7.2,Rajana
10/01/2022,18.0,6.9,0.0,9.0,Rajana
11/01/2022,18.6,6.3,0.0,11.7,Rajana
12/01/2022,18.8,5.3,0.0,9.3,Rajana
13/01/2022,19.6,7.8,0.0,8.2,Rajana
14/01/2022,20.2,8.1,0.0,8.6,Rajana
15/01/2022,19.9,6.5,0.0,8.6,Rajana
16/01/2022,18.9,6.4,0.0,8.4,Rajana
17/01/2022,18.2,9.1,0.3,8.1,Rajana
18/01/2022,19.2,7.7,0.0,8.7,Rajana
19/01/2022,19.2,10.6,0.4,14.0,Rajana
20/01/2022,18.5,9.8,0.7,8.0,Rajana
21/01/2022,17.9,8.2,2.1,13.8,Rajana
22/01/2022,14.6,10.3,5.2,16.7,Rajana
23/01/2022,15.9,8.5,0.2,14.8,Rajana
24/01/2022,17.1,7.3,0.0,10.6,Rajana
25/01/2022,18.1,6.1,0.0,8.4,Rajana
26/01/2022,18.2,5.9,0.0,8.5,Rajana
27/01/2022,18.9,5.2,0.0,10.5,Rajana
28/01/2022,19.5,5.5,0.0,9.7,Rajana
29/01/2022,20.4,6.3,0.0,9.8,Rajana
30/01/2022,20.6,6.6,0.0,8.5,Rajana
31/01/2022,22.2,7.6,0.0,10.0,Rajana
01/02/2022,22.2,7.9,0.0,10.5,Rajana
02/02/2022,22.2,8.5,0.3,18.4,Rajana
03/02/2022,18.0,9.2,4.6,18.9,Rajana
04/02/2022,19.8,7.1,0.0,11.0,Rajana
05/02/2022,19.7,7.7,0.0,12.5,Rajana
06/02/2022,20.2,7.9,0.8,12.3,Rajana
07/02/2022,21.0,9.4,0.0,12.1,Rajana
08/02/2022,20.8,7.3,0.0,11.3,Rajana
09/02/2022,20.1,9.1,0.1,10.1,Rajana
10/02/2022,21.9,8.2,0.0,12.3,Rajana
11/02/2022,22.9,8.2,0.0,8.6,Rajana
12/02/2022,23.1,8.1,0.0,10.1,Rajana
13/02/2022,24.0,8.9,0.0,10.5,Rajana
14/02/2022,24.3,9.2,0.0,10.4,Rajana
15/02/2022,24.0,10.2,0.0,11.2,Rajana
16/02/2022,24.2,10.9,0.0,11.4,Rajana
17/02/2022,24.0,10.6,0.1,11.2,Rajana
18/02/2022,22.5,11.1,0.1,17.4,Rajana
19/02/2022,24.0,9.6,0.0,10.7,Rajana
20/02/2022,25.2,10.6,0.0,20.0,Rajana
21/02/2022,26.0,10.6,0.0,12.5,Rajana
22/02/2022,24.5,14.4,0.0,29.5,Rajana
23/02/2022,22.9,10.4,0.0,11.3,Rajana
24/02/2022,23.2,11.1,0.0,10.0,Rajana
25/02/2022,21.0,12.9,2.9,23.2,Rajana
26/02/2022,20.9,11.3,2.5,14.0,Rajana
27/02/2022,21.6,9.4,0.0,10.2,Rajana
28/02/2022,23.5,9.8,0.0,9.5,Rajana
01/03/2022,24.1,13.4,0.8,14.0,Rajana
02/03/2022,22.1,12.4,3.4,17.3,Rajana
03/03/2022,22.3,13.1,8.6,15.9,Rajana
04/03/2022,24.0,11.3,0.0,10.1,Rajana
05/03/2022,25.8,12.4,0.0,11.5,Rajana
06/03/2022,27.2,14.6,0.0,17.1,Rajana
07/03/2022,25.8,14.4,2.4,34.3,Rajana
08/03/2022,27.0,13.2,0.0,11.4,Rajana
09/03/2022,27.5,13.9,0.4,9.5,Rajana
10/03/2022,29.1,14.8,0.0,9.8,Rajana
11/03/2022,30.8,16.0,0.0,9.2,Rajana
12/03/2022,31.8,16.3,0.0,11.4,Rajana
13/03/2022,32.5,17.8,0.0,10.8,Rajana
14/03/2022,34.3,18.6,0.0,10.9,Rajana
15/03/2022,34.2,18.9,0.0,10.4,Rajana
16/03/2022,36.2,20.5,0.0,11.3,Rajana
17/03/2022,37.3,19.0,0.0,13.0,Rajana
18/03/2022,37.5,20.0,0.0,14.9,Rajana
19/03/2022,34.2,21.0,0.0,19.9,Rajana
20/03/2022,34.6,21.5,0.0,12.6,Rajana
21/03/2022,36.4,18.4,0.0,12.0,Rajana
22/03/2022,35.6,19.0,0.0,14.3,Rajana
23/03/2022,34.6,20.0,0.0,14.5,Rajana
24/03/2022,34.0,19.1,0.1,14.3,Rajana
25/03/2022,34.7,18.6,0.0,12.2,Rajana
26/03/2022,36.3,20.4,0.0,15.8,Rajana
27/03/2022,37.3,18.1,0.0,13.2,Rajana
28/03/2022,38.2,20.9,0.0,12.3,Rajana
29/03/2022,38.0,20.0,0.0,12.2,Rajana
30/03/2022,37.6,19.8,0.0,11.9,Rajana
31/03/2022,37.5,19.6,0.0,14.4,Rajana
01/04/2022,37.8,18.7,0.0,13.9,Rajana
02/04/2022,38.0,19.9,0.0,15.1,Rajana
03/04/2022,37.9,18.2,0.0,13.3,Rajana
04/04/2022,38.6,19.5,0.0,12.6,Rajana
05/04/2022,39.4,20.5,0.0,13.2,Rajana
06/04/2022,40.3,20.8,0.0,12.5,Rajana
07/04/2022,41.7,21.4,0.0,14.5,Rajana
08/04/2022,42.2,22.5,0.0,16.5,Rajana
09/04/2022,42.2,23.1,0.0,16.5,Rajana
10/04/2022,43.1,22.5,0.0,13.4,Rajana
11/04/2022,42.7,23.6,0.0,17.2,Rajana
12/04/2022,41.0,26.2,0.0,11.9,Rajana
13/04/2022,39.0,25.0,0.0,19.2,Rajana
14/04/2022,38.7,22.5,0.0,22.7,Rajana
15/04/2022,38.5,22.9,0.0,13.9,Rajana
16/04/2022,39.8,22.8,0.0,12.3,Rajana
17/04/2022,41.4,25.1,0.0,16.1,Rajana
18/04/2022,42.2,24.5,0.0,22.1,Rajana
19/04/2022,40.2,25.5,0.0,14.5,Rajana
20/04/2022,39.6,25.6,0.2,15.4,Rajana
21/04/2022,39.4,24.4,0.0,24.5,Rajana
22/04/2022,36.3,22.6,0.0,20.8,Rajana
23/04/2022,38.0,23.1,0.0,13.1,Rajana
24/04/2022,39.5,23.6,0.0,17.2,Rajana
25/04/2022,40.5,25.0,0.0,22.3,Rajana
26/04/2022,41.6,24.9,0.0,14.3,Rajana
27/04/2022,43.2,24.1,0.0,16.6,Rajana
28/04/2022,44.5,26.2,0.0,18.1,Rajana
29/04/2022,44.0,26.4,0.0,15.3,Rajana
30/04/2022,44.2,26.5,0.0,13.3,Rajana
01/05/2022,45.2,28.4,0.0,15.5,Rajana
02/05/2022,45.0,28.8,0.0,19.2,Rajana
03/05/2022,40.3,28.4,0.0,21.7,Rajana
04/05/2022,39.2,26.9,0.0,26.8,Rajana
05/05/2022,39.7,26.1,0.0,16.2,Rajana
06/05/2022,41.0,25.9,0.0,12.0,Rajana
07/05/2022,42.0,26.0,0.0,10.6,Rajana
08/05/2022,43.8,26.7,0.0,15.5,Rajana
09/05/2022,43.6,28.0,0.0,13.7,Rajana
10/05/2022,43.5,28.7,0.0,16.9,Rajana
11/05/2022,44.0,28.6,0.0,10.4,Rajana
12/05/2022,44.7,29.0,0.0,20.2,Rajana
13/05/2022,45.0,27.5,0.0,15.1,Rajana
14/05/2022,46.5,27.6,0.0,17.1,Rajana
15/05/2022,46.2,28.3,0.0,18.0,Rajana
16/05/2022,42.5,29.6,0.0,28.6,Rajana
17/05/2022,43.1,28.4,0.0,13.3,Rajana
18/05/2022,42.9,28.8,0.0,12.7,Rajana
19/05/2022,45.0,29.6,0.0,19.9,Rajana
20/05/2022,42.3,28.0,0.0,22.0,Rajana
21/05/2022,41.8,26.5,0.0,17.4,Rajana
22/05/2022,43.0,27.1,0.0,20.9,Rajana
23/05/2022,35.7,26.6,0.0,27.4,Rajana
24/05/2022,36.5,24.0,0.0,16.9,Rajana
25/05/2022,38.3,24.1,0.0,10.8,Rajana
26/05/2022,41.6,27.2,0.0,15.8,Rajana
27/05/2022,43.8,29.8,0.0,15.3,Rajana
28/05/2022,42.2,30.0,0.0,23.9,Rajana
29/05/2022,42.6,28.2,0.0,22.2,Rajana
30/05/2022,41.7,28.6,0.0,20.9,Rajana
31/05/2022,43.0,27.6,0.0,17.7,Rajana
01/06/2022,43.0,27.5,0.0,19.8,Rajana
02/06/2022,43.6,27.0,0.0,11.5,Rajana
03/06/2022,45.0,27.0,0.0,13.9,Rajana
04/06/2022,45.3,28.1,0.0,11.9,Rajana
05/06/2022,45.5,29.0,0.0,24.5,Rajana
06/06/2022,45.3,30.6,0.0,20.9,Rajana
07/06/2022,45.8,30.3,0.0,17.7,Rajana
08/06/2022,45.0,31.5,0.0,19.1,Rajana
09/06/2022,45.6,31.1,0.0,16.4,Rajana
10/06/2022,44.0,33.4,0.1,19.2,Rajana
11/06/2022,43.0,32.3,2.3,22.1,Rajana
12/06/2022,43.3,29.8,0.0,14.8,Rajana
13/06/2022,42.8,31.9,0.0,20.2,Rajana
14/06/2022,44.5,31.0,0.0,18.4,Rajana
15/06/2022,45.0,32.7,0.0,20.1,Rajana
16/06/2022,43.0,33.5,0.0,20.7,Rajana
17/06/2022,37.0,26.0,12.3,22.2,Rajana
18/06/2022,33.5,26.5,4.3,14.3,Rajana
19/06/2022,34.0,24.9,1.3,12.3,Rajana
20/06/2022,35.5,26.2,0.9,14.8,Rajana
21/06/2022,27.5,20.9,37.5,21.1,Rajana
22/06/2022,32.1,20.0,14.6,11.8,Rajana
23/06/2022,34.8,24.1,0.0,12.3,Rajana
24/06/2022,37.9,25.3,0.0,9.4,Rajana
25/06/2022,39.0,25.5,0.0,10.7,Rajana
26/06/2022,40.0,25.9,0.0,14.4,Rajana
27/06/2022,40.8,29.4,0.0,12.6,Rajana
28/06/2022,42.0,30.1,0.0,10.5,Rajana
29/06/2022,42.5,30.5,0.0,18.5,Rajana
30/06/2022,41.0,32.6,0.0,19.5,Rajana
01/07/2022,35.4,28.2,0.1,22.5,Rajana
02/07/2022,37.0,27.9,2.1,11.5,Rajana
03/07/2022,36.3,30.1,0.4,16.0,Rajana
04/07/2022,37.7,29.5,0.8,10.9,Rajana
05/07/2022,39.0,31.1,0.1,13.0,Rajana
06/07/2022,39.7,31.5,2.3,18.8,Rajana
07/07/2022,38.3,29.5,5.2,12.3,Rajana
08/07/2022,40.8,31.6,0.0,11.0,Rajana
09/07/2022,38.9,28.9,10.5,26.6,Rajana
10/07/2022,36.0,28.3,6.8,18.9,Rajana
11/07/2022,37.2,28.5,0.9,10.8,Rajana
12/07/2022,38.8,30.0,0.1,14.0,Rajana
13/07/2022,37.8,28.1,1.9,16.4,Rajana
14/07/2022,33.8,26.5,17.7,15.8,Rajana
15/07/2022,30.6,24.0,22.2,24.0,Rajana
16/07/2022,36.3,26.2,0.9,19.7,Rajana
17/07/2022,32.7,26.5,16.8,17.4,Rajana
18/07/2022,36.0,27.5,0.0,8.8,Rajana
19/07/2022,37.8,29.0,0.1,9.1,Rajana
20/07/2022,38.1,26.8,5.2,20.5,Rajana
21/07/2022,35.2,26.1,19.7,19.0,Rajana
22/07/2022,30.0,25.5,17.3,23.1,Rajana
23/07/2022,31.6,26.5,14.9,18.0,Rajana
24/07/2022,32.8,26.0,22.1,15.1,Rajana
25/07/2022,32.7,25.2,11.6,17.0,Rajana
26/07/2022,34.4,26.3,0.7,12.5,Rajana
27/07/2022,33.8,27.4,0.4,12.8,Rajana
28/07/2022,32.0,26.2,22.0,14.0,Rajana
29/07/2022,32.2,25.2,11.4,9.2,Rajana
30/07/2022,32.0,25.5,2.3,8.6,Rajana
31/07/2022,32.3,26.2,13.1,17.1,Rajana
01/08/2022,31.1,24.5,33.5,11.2,Rajana
02/08/2022,34.2,26.4,0.5,10.5,Rajana
03/08/2022,33.8,26.6,0.9,10.7,Rajana
04/08/2022,36.0,27.2,0.0,10.0,Rajana
05/08/2022,33.9,27.5,1.2,17.8,Rajana
06/08/2022,33.6,26.9,0.0,10.2,Rajana
07/08/2022,34.9,27.5,0.2,10.7,Rajana
08/08/2022,35.1,27.1,0.2,11.7,Rajana
09/08/2022,36.0,28.1,0.0,9.0,Rajana
10/08/2022,36.7,28.8,0.0,8.9,Rajana
11/08/2022,34.0,29.3,1.4,21.0,Rajana
12/08/2022,35.7,27.6,0.0,15.8,Rajana
13/08/2022,37.2,27.9,0.0,15.3,Rajana
14/08/2022,35.2,29.0,0.3,16.3,Rajana
15/08/2022,34.5,27.1,2.6,13.7,Rajana
16/08/2022,35.1,26.6,0.1,13.1,Rajana
17/08/2022,31.9,26.6,10.4,24.6,Rajana
18/08/2022,34.2,26.0,1.7,15.8,Rajana
19/08/2022,34.6,26.8,0.3,15.8,Rajana
20/08/2022,35.5,26.6,0.0,14.9,Rajana
21/08/2022,35.5,26.3,0.0,15.5,Rajana
22/08/2022,36.3,26.6,0.1,9.2,Rajana
23/08/2022,38.5,29.2,1.3,18.7,Rajana
24/08/2022,35.2,29.0,0.3,27.0,Rajana
25/08/2022,33.7,27.5,3.8,16.5,Rajana
26/08/2022,35.0,26.8,0.1,12.4,Rajana
27/08/2022,35.1,26.8,0.4,12.1,Rajana
28/08/2022,35.2,27.3,0.8,9.5,Rajana
29/08/2022,34.0,27.4,2.8,16.0,Rajana
30/08/2022,35.8,24.5,6.3,11.1,Rajana
31/08/2022,38.0,27.5,0.0,9.8,Rajana
01/09/2022,38.0,27.4,0.0,10.6,Rajana
02/09/2022,38.3,27.7,0.0,13.2,Rajana
03/09/2022,38.3,27.7,0.0,12.9,Rajana
04/09/2022,36.9,28.1,0.0,14.8,Rajana
05/09/2022,35.2,26.4,4.3,14.2,Rajana
06/09/2022,34.6,25.4,0.0,8.6,Rajana
07/09/2022,35.5,26.5,1.0,11.6,Rajana
08/09/2022,36.3,26.9,0.0,8.7,Rajana
09/09/2022,37.0,27.4,0.0,10.6,Rajana
10/09/2022,38.1,28.0,0.0,15.0,Rajana
11/09/2022,36.5,28.6,0.0,14.5,Rajana
12/09/2022,35.7,26.4,7.3,11.8,Rajana
13/09/2022,35.7,25.7,0.0,32.4,Rajana
14/09/2022,36.6,27.0,0.0,9.4,Rajana
15/09/2022,37.1,27.1,0.0,9.4,Rajana
16/09/2022,37.2,27.3,0.0,17.1,Rajana
17/09/2022,36.5,26.2,0.0,13.2,Rajana
18/09/2022,37.0,26.5,0.0,12.1,Rajana
19/09/2022,36.8,26.0,0.0,10.1,Rajana
20/09/2022,37.0,26.0,0.0,12.1,Rajana
21/09/2022,37.3,25.6,0.0,15.9,Rajana
22/09/2022,37.2,25.1,0.0,10.5,Rajana
23/09/2022,37.2,26.1,0.0,16.6,Rajana
24/09/2022,34.2,25.1,0.0,16.3,Rajana
25/09/2022,34.5,23.7,1.5,18.6,Rajana
26/09/2022,32.3,22.9,2.2,16.4,Rajana
27/09/2022,34.2,24.5,0.0,8.7,Rajana
28/09/2022,35.4,24.6,0.0,9.1,Rajana
29/09/2022,35.8,23.9,0.0,9.6,Rajana
30/09/2022,36.4,23.5,0.0,9.4,Rajana
01/10/2022,37.0,23.8,0.0,14.4,Rajana
02/10/2022,36.7,24.4,0.0,18.2,Rajana
03/10/2022,36.3,23.3,0.0,14.7,Rajana
04/10/2022,35.5,22.5,0.0,9.9,Rajana
05/10/2022,36.0,22.2,0.0,9.1,Rajana
06/10/2022,36.6,24.8,0.0,16.1,Rajana
07/10/2022,34.8,23.5,0.0,12.1,Rajana
08/10/2022,34.0,23.0,0.0,13.8,Rajana
09/10/2022,33.6,21.8,0.0,10.7,Rajana
10/10/2022,32.0,22.4,0.5,14.8,Rajana
11/10/2022,32.8,21.5,0.0,12.0,Rajana
12/10/2022,33.5,21.5,0.0,11.3,Rajana
13/10/2022,33.9,20.3,0.0,10.4,Rajana
14/10/2022,33.5,20.0,0.0,10.2,Rajana
15/10/2022,33.7,18.2,0.0,10.9,Rajana
16/10/2022,35.0,18.5,0.0,11.8,Rajana
17/10/2022,35.2,19.4,0.0,11.1,Rajana
18/10/2022,33.8,18.6,0.0,12.4,Rajana
19/10/2022,34.7,18.1,0.0,12.0,Rajana
20/10/2022,31.8,20.2,0.0,19.5,Rajana
21/10/2022,31.5,18.9,0.0,14.2,Rajana
22/10/2022,32.2,17.9,0.0,9.7,Rajana
23/10/2022,32.5,17.7,0.0,8.7,Rajana
24/10/2022,32.7,18.2,0.0,9.4,Rajana
25/10/2022,33.2,18.1,0.0,8.1,Rajana
26/10/2022,33.7,18.9,0.0,10.4,Rajana
27/10/2022,33.3,19.2,0.0,10.8,Rajana
28/10/2022,33.4,19.0,0.0,9.7,Rajana
29/10/2022,34.3,18.8,0.0,10.3,Rajana
30/10/2022,34.2,17.9,0.0,10.1,Rajana
31/10/2022,33.3,19.5,0.0,15.0,Rajana
01/11/2022,31.5,19.8,0.0,12.7,Rajana
02/11/2022,32.7,19.0,0.0,8.4,Rajana
03/11/2022,33.7,19.4,0.0,9.3,Rajana
04/11/2022,34.2,20.6,0.0,11.3,Rajana
05/11/2022,32.7,20.2,0.5,29.2,Rajana
06/11/2022,29.0,18.5,0.3,21.0,Rajana
07/11/2022,27.9,17.5,0.0,14.9,Rajana
08/11/2022,28.4,16.4,0.0,9.3,Rajana
09/11/2022,29.0,17.6,2.0,22.9,Rajana
10/11/2022,27.4,16.5,1.0,28.3,Rajana
11/11/2022,27.1,15.0,0.0,8.8,Rajana
12/11/2022,28.2,14.8,0.0,9.0,Rajana
13/11/2022,29.1,15.9,0.0,14.0,Rajana
14/11/2022,23.8,16.4,3.6,18.4,Rajana
15/11/2022,24.1,13.9,0.0,14.5,Rajana
16/11/2022,25.5,12.2,0.0,9.3,Rajana
17/11/2022,26.1,11.9,0.0,11.1,Rajana
18/11/2022,26.5,11.2,0.0,9.8,Rajana
19/11/2022,26.5,13.9,0.0,11.0,Rajana
20/11/2022,25.7,12.5,0.0,10.5,Rajana
21/11/2022,26.5,12.1,0.0,12.3,Rajana
22/11/2022,27.4,11.8,0.0,11.5,Rajana
23/11/2022,27.0,11.1,0.0,10.9,Rajana
24/11/2022,28.0,12.0,0.0,10.4,Rajana
25/11/2022,28.0,11.2,0.0,11.3,Rajana
26/11/2022,26.8,9.9,0.0,10.1,Rajana
27/11/2022,26.1,11.4,0.0,7.9,Rajana
28/11/2022,26.4,10.1,0.0,9.4,Rajana
29/11/2022,26.4,10.8,0.0,8.9,Rajana
30/11/2022,25.6,10.6,0.0,9.5,Rajana
01/12/2022,25.3,10.4,0.0,9.9,Rajana
02/12/2022,25.1,12.2,0.0,11.2,Rajana
03/12/2022,25.3,10.6,0.0,10.0,Rajana
04/12/2022,24.5,10.7,0.0,9.4,Rajana
05/12/2022,24.0,9.5,0.0,8.0,Rajana
06/12/2022,23.6,9.5,0.0,8.7,Rajana
07/12/2022,24.1,10.1,0.0,9.5,Rajana
08/12/2022,23.9,10.2,0.0,9.7,Rajana
09/12/2022,24.5,12.6,0.0,10.5,Rajana
10/12/2022,24.2,12.8,0.0,10.6,Rajana
11/12/2022,24.3,12.0,0.0,11.1,Rajana
12/12/2022,24.2,9.9,0.0,8.4,Rajana
13/12/2022,23.6,10.6,0.0,12.9,Rajana
14/12/2022,23.7,8.8,0.0,10.9,Rajana
15/12/2022,23.7,9.5,0.0,10.4,Rajana
16/12/2022,23.5,8.0,0.0,11.6,Rajana
17/12/2022,23.5,7.9,0.0,10.7,Rajana
18/12/2022,23.2,7.8,0.0,10.4,Rajana
19/12/2022,23.0,8.5,0.0,9.8,Rajana
20/12/2022,22.4,8.3,0.0,9.1,Rajana
21/12/2022,22.0,9.0,0.0,9.0,Rajana
22/12/2022,21.5,8.5,0.0,9.5,Rajana
23/12/2022,20.2,7.0,0.0,10.1,Rajana
24/12/2022,18.9,6.1,0.0,10.4,Rajana
25/12/2022,15.6,5.8,0.0,10.2,Rajana
26/12/2022,17.3,5.6,0.0,6.1,Rajana
27/12/2022,18.4,6.1,0.0,10.2,Rajana
28/12/2022,20.9,6.4,0.0,11.2,Rajana
29/12/2022,18.2,11.1,9.6,11.8,Rajana
30/12/2022,18.4,9.2,0.0,13.2,Rajana
31/12/2022,19.4,5.7,0.0,11.8,Rajana
01/01/2023,19.6,6.6,0.0,9.1,Rajana
02/01/2023,19.5,6.1,0.0,11.4,Rajana
03/01/2023,19.5,5.3,0.0,11.1,Rajana
04/01/2023,20.0,5.1,0.0,11.0,Rajana
05/01/2023,19.4,4.2,0.0,9.5,Rajana
06/01/2023,17.8,4.0,0.2,7.8,Rajana
07/01/2023,17.7,4.9,0.1,11.6,Rajana
08/01/2023,15.6,5.2,0.0,8.4,Rajana
09/01/2023,19.0,5.1,0.0,10.0,Rajana
10/01/2023,19.5,6.8,0.0,9.7,Rajana
11/01/2023,17.9,8.8,0.2,11.9,Rajana
12/01/2023,17.5,8.2,0.2,13.3,Rajana
13/01/2023,15.1,6.5,0.0,15.3,Rajana
14/01/2023,16.0,3.9,0.0,10.7,Rajana
15/01/2023,16.1,1.5,0.0,11.5,Rajana
16/01/2023,17.0,1.3,0.0,9.8,Rajana
17/01/2023,17.6,2.4,0.0,10.8,Rajana
18/01/2023,17.0,4.6,0.5,10.5,Rajana
19/01/2023,18.4,7.6,0.0,12.3,Rajana
20/01/2023,15.1,9.4,4.1,8.2,Rajana
21/01/2023,17.8,6.9,0.1,9.8,Rajana
22/01/2023,17.7,5.6,0.0,9.0,Rajana
23/01/2023,17.5,6.4,0.0,14.2,Rajana
24/01/2023,18.4,7.2,0.0,12.0,Rajana
25/01/2023,18.9,4.8,0.0,11.8,Rajana
26/01/2023,18.4,3.6,0.0,11.7,Rajana
27/01/2023,19.9,3.8,0.0,10.6,Rajana
28/01/2023,21.9,6.2,0.0,10.2,Rajana
29/01/2023,22.3,6.2,6.6,16.6,Rajana
30/01/2023,19.2,10.1,0.5,12.1,Rajana
31/01/2023,20.0,8.9,0.0,10.3,Rajana
01/02/2023,22.8,7.5,0.0,11.4,Rajana
02/02/2023,24.0,8.4,0.0,10.5,Rajana
03/02/2023,24.9,9.8,0.3,10.0,Rajana
04/02/2023,25.8,9.5,0.0,10.6,Rajana
05/02/2023,26.6,10.2,0.0,13.0,Rajana
06/02/2023,24.8,13.1,0.0,15.8,Rajana
07/02/2023,24.3,10.0,0.0,10.9,Rajana
08/02/2023,25.8,10.8,0.0,10.5,Rajana
09/02/2023,24.8,13.8,1.0,13.4,Rajana
10/02/2023,26.0,11.1,0.0,13.8,Rajana
11/02/2023,23.0,10.1,0.0,17.8,Rajana
12/02/2023,22.0,9.4,0.0,17.6,Rajana
13/02/2023,23.1,6.4,0.0,10.8,Rajana
14/02/2023,26.9,9.8,0.0,9.7,Rajana
15/02/2023,28.9,11.9,0.0,10.1,Rajana
16/02/2023,29.8,11.6,0.0,10.0,Rajana
17/02/2023,29.9,12.8,0.0,9.8,Rajana
18/02/2023,30.4,15.2,0.0,11.6,Rajana
19/02/2023,30.6,14.3,0.0,12.1,Rajana
20/02/2023,30.9,15.0,0.0,12.1,Rajana
21/02/2023,29.0,15.2,0.0,17.7,Rajana
22/02/2023,28.9,13.9,0.0,11.1,Rajana
23/02/2023,29.5,12.8,0.0,11.0,Rajana
24/02/2023,29.9,14.2,0.0,11.8,Rajana
25/02/2023,31.1,14.9,0.0,12.6,Rajana
26/02/2023,30.4,17.1,0.0,12.9,Rajana
27/02/2023,29.9,16.2,0.0,15.1,Rajana
28/02/2023,24.9,16.4,4.7,20.8,Rajana
01/03/2023,24.5,15.0,0.3,15.1,Rajana
02/03/2023,24.6,14.9,4.2,15.3,Rajana
03/03/2023,27.0,14.6,0.0,11.8,Rajana
04/03/2023,28.6,14.9,0.2,9.4,Rajana
05/03/2023,29.4,15.8,0.0,14.9,Rajana
06/03/2023,30.4,15.4,0.0,9.4,Rajana
07/03/2023,29.6,15.6,0.1,14.4,Rajana
08/03/2023,31.0,15.1,0.0,10.1,Rajana
09/03/2023,31.1,15.6,0.0,9.8,Rajana
10/03/2023,31.8,15.6,0.0,12.0,Rajana
11/03/2023,32.6,18.2,0.0,16.2,Rajana
12/03/2023,32.2,17.5,0.0,20.9,Rajana
13/03/2023,30.5,18.5,0.0,18.8,Rajana
14/03/2023,32.2,16.6,0.0,9.0,Rajana
15/03/2023,33.0,18.8,0.0,17.9,Rajana
16/03/2023,31.5,19.0,1.1,25.3,Rajana
17/03/2023,25.5,15.9,2.1,17.1,Rajana
18/03/2023,24.8,15.2,0.4,9.1,Rajana
19/03/2023,25.0,14.9,0.1,8.6,Rajana
20/03/2023,27.1,15.4,0.0,9.4,Rajana
21/03/2023,26.5,15.2,0.9,14.4,Rajana
22/03/2023,25.0,15.2,8.1,14.3,Rajana
23/03/2023,27.4,15.8,0.0,16.2,Rajana
24/03/2023,26.2,15.6,12.3,23.4,Rajana
25/03/2023,23.2,13.4,2.2,16.0,Rajana
26/03/2023,25.1,13.1,0.0,11.3,Rajana
27/03/2023,27.3,13.5,0.0,10.0,Rajana
28/03/2023,28.5,15.9,0.0,9.8,Rajana
29/03/2023,29.0,18.6,3.5,21.1,Rajana
30/03/2023,24.5,17.0,4.3,18.1,Rajana
31/03/2023,23.1,16.4,4.9,11.2,Rajana
01/04/2023,25.5,14.8,0.2,11.5,Rajana
02/04/2023,26.6,16.1,11.2,28.7,Rajana
03/04/2023,26.6,16.8,8.1,25.0,Rajana
04/04/2023,27.0,15.0,0.0,11.4,Rajana
05/04/2023,28.5,15.8,4.3,22.1,Rajana
06/04/2023,28.5,15.1,0.0,10.7,Rajana
07/04/2023,30.4,16.2,0.0,9.8,Rajana
08/04/2023,32.2,16.8,0.0,8.3,Rajana
09/04/2023,34.0,17.6,0.0,10.4,Rajana
10/04/2023,35.3,17.5,0.0,12.6,Rajana
11/04/2023,36.9,19.9,0.0,13.7,Rajana
12/04/2023,36.6,20.4,0.0,10.7,Rajana
13/04/2023,38.1,19.4,0.0,10.0,Rajana
14/04/2023,40.0,21.2,0.0,14.3,Rajana
15/04/2023,40.0,22.2,0.0,17.4,Rajana
16/04/2023,38.3,23.2,0.0,21.6,Rajana
17/04/2023,38.3,24.1,0.0,14.4,Rajana
18/04/2023,35.8,21.0,0.5,23.6,Rajana
19/04/2023,30.3,22.0,6.7,19.9,Rajana
20/04/2023,32.0,20.4,3.0,17.5,Rajana
21/04/2023,35.1,18.5,0.0,26.8,Rajana
22/04/2023,33.3,19.3,0.1,19.5,Rajana
23/04/2023,33.8,18.5,0.0,14.3,Rajana
24/04/2023,36.0,18.7,0.0,14.3,Rajana
25/04/2023,37.8,21.0,0.0,13.4,Rajana
26/04/2023,38.3,22.6,0.0,21.2,Rajana
27/04/2023,38.4,23.8,0.0,15.5,Rajana
28/04/2023,35.0,24.0,0.1,20.5,Rajana
29/04/2023,31.5,22.5,3.0,18.4,Rajana
30/04/2023,33.5,20.6,2.3,15.2,Rajana
01/05/2023,31.0,20.5,1.6,17.8,Rajana
02/05/2023,29.0,19.8,3.8,12.6,Rajana
03/05/2023,31.9,19.5,0.0,13.3,Rajana
04/05/2023,33.2,20.5,6.8,17.6,Rajana
05/05/2023,32.5,20.4,0.2,12.0,Rajana
06/05/2023,35.8,22.5,0.9,17.2,Rajana
07/05/2023,35.0,20.8,0.0,17.9,Rajana
08/05/2023,34.2,21.0,0.0,22.7,Rajana
09/05/2023,35.6,20.4,0.0,9.8,Rajana
10/05/2023,36.3,20.9,0.0,10.5,Rajana
11/05/2023,39.0,22.6,0.0,10.5,Rajana
12/05/2023,40.5,23.6,0.0,11.6,Rajana
13/05/2023,41.3,26.1,0.0,16.3,Rajana
14/05/2023,39.4,25.9,0.0,17.0,Rajana
15/05/2023,41.0,24.0,0.0,12.2,Rajana
16/05/2023,39.5,25.5,0.0,12.0,Rajana
17/05/2023,40.5,24.6,0.0,18.0,Rajana
18/05/2023,36.3,23.5,0.0,10.7,Rajana
19/05/2023,37.8,24.1,0.0,12.6,Rajana
20/05/2023,41.8,24.4,0.0,14.4,Rajana
21/05/2023,42.2,26.2,0.0,17.9,Rajana
22/05/2023,42.7,26.0,4.0,32.3,Rajana
23/05/2023,40.3,27.2,0.4,21.3,Rajana
24/05/2023,37.9,25.5,0.7,21.8,Rajana
25/05/2023,33.6,25.5,6.4,15.9,Rajana
26/05/2023,33.6,23.1,0.5,22.1,Rajana
27/05/2023,35.4,24.0,0.0,12.2,Rajana
28/05/2023,35.5,22.9,2.1,40.4,Rajana
29/05/2023,31.2,22.8,33.1,30.6,Rajana
30/05/2023,31.3,22.0,0.2,12.8,Rajana
31/05/2023,29.6,21.7,1.1,13.1,Rajana
01/06/2023,27.5,20.0,21.9,15.5,Rajana
02/06/2023,30.6,18.9,0.0,6.6,Rajana
03/06/2023,34.0,20.4,0.0,9.0,Rajana
04/06/2023,35.7,23.5,0.1,9.2,Rajana
05/06/2023,37.0,23.9,0.0,21.3,Rajana
06/06/2023,37.8,24.8,0.0,16.4,Rajana
07/06/2023,37.4,23.8,0.0,12.0,Rajana
08/06/2023,39.6,25.4,0.0,9.2,Rajana
09/06/2023,41.3,26.5,0.0,20.7,Rajana
10/06/2023,40.7,27.0,0.7,22.9,Rajana
11/06/2023,37.2,27.3,0.6,11.5,Rajana
12/06/2023,40.4,28.1,0.0,19.5,Rajana
13/06/2023,41.0,29.5,0.0,23.8,Rajana
14/06/2023,39.9,29.5,0.0,26.8,Rajana
15/06/2023,38.2,29.1,0.0,21.6,Rajana
16/06/2023,38.7,29.0,0.0,12.3,Rajana
17/06/2023,40.2,29.2,0.0,12.1,Rajana
18/06/2023,41.2,28.7,0.0,14.5,Rajana
19/06/2023,40.7,29.9,0.0,11.0,Rajana
20/06/2023,43.8,30.9,0.0,13.0,Rajana
21/06/2023,43.5,32.8,0.0,16.3,Rajana
22/06/2023,43.7,32.6,0.0,18.8,Rajana
23/06/2023,43.7,33.7,0.0,19.8,Rajana
24/06/2023,43.8,33.3,0.0,18.0,Rajana
25/06/2023,43.5,33.3,0.0,26.7,Rajana
26/06/2023,39.4,30.5,6.0,19.5,Rajana
27/06/2023,37.9,29.1,0.0,11.7,Rajana
28/06/2023,39.0,30.4,0.0,17.6,Rajana
29/06/2023,37.5,29.3,3.4,25.3,Rajana
30/06/2023,36.7,25.9,11.7,19.4,Rajana
01/07/2023,39.1,29.0,0.3,12.7,Rajana
02/07/2023,38.3,29.0,0.0,15.2,Rajana
03/07/2023,41.0,30.8,0.0,14.8,Rajana
04/07/2023,40.5,31.6,0.0,22.5,Rajana
05/07/2023,37.5,28.1,1.8,31.0,Rajana
06/07/2023,33.5,24.6,22.1,24.4,Rajana
07/07/2023,33.6,24.8,12.4,17.0,Rajana
08/07/2023,32.4,25.5,5.1,15.1,Rajana
09/07/2023,34.0,26.2,0.1,11.3,Rajana
10/07/2023,34.8,25.5,0.0,11.0,Rajana
11/07/2023,37.0,26.6,0.0,10.5,Rajana
12/07/2023,39.5,28.1,0.0,16.2,Rajana
13/07/2023,37.0,27.3,0.5,19.2,Rajana
14/07/2023,36.3,28.8,0.0,9.5,Rajana
15/07/2023,38.5,29.4,1.1,11.3,Rajana
16/07/2023,36.8,28.5,0.7,12.6,Rajana
17/07/2023,37.1,28.5,0.0,8.7,Rajana
18/07/2023,38.4,29.8,0.0,14.8,Rajana
19/07/2023,37.2,29.2,4.7,17.6,Rajana
20/07/2023,34.8,26.6,12.0,12.0,Rajana
21/07/2023,37.0,28.0,8.0,11.0,Rajana
22/07/2023,33.7,27.0,7.8,16.6,Rajana
23/07/2023,34.8,25.7,5.9,15.9,Rajana
24/07/2023,34.7,28.6,6.1,11.7,Rajana
25/07/2023,33.3,28.0,11.6,13.0,Rajana
26/07/2023,33.8,27.0,12.4,13.0,Rajana
27/07/2023,32.7,26.5,5.5,11.9,Rajana
28/07/2023,33.8,26.7,1.2,18.7,Rajana
29/07/2023,33.3,24.8,19.9,17.6,Rajana
30/07/2023,34.2,25.8,0.2,8.3,Rajana
31/07/2023,35.7,27.5,0.0,15.4,Rajana
01/08/2023,36.4,26.8,0.2,17.0,Rajana
02/08/2023,36.5,29.0,0.2,16.1,Rajana
03/08/2023,36.0,28.8,0.1,12.0,Rajana
04/08/2023,36.7,28.8,0.1,13.8,Rajana
05/08/2023,36.2,29.4,1.7,13.2,Rajana
06/08/2023,36.5,29.6,0.0,18.2,Rajana
07/08/2023,35.3,29.4,0.0,19.8,Rajana
08/08/2023,36.0,28.4,0.0,15.0,Rajana
09/08/2023,37.1,29.2,0.0,18.7,Rajana
10/08/2023,37.0,29.5,0.0,18.0,Rajana
11/08/2023,37.2,29.1,0.0,16.9,Rajana
12/08/2023,37.8,29.1,0.0,16.2,Rajana
13/08/2023,37.1,29.1,0.0,18.5,Rajana
14/08/2023,37.0,30.1,0.0,17.1,Rajana
15/08/2023,36.6,29.4,0.3,14.7,Rajana
16/08/2023,38.2,28.8,0.0,12.1,Rajana
17/08/2023,37.8,29.5,0.0,17.1,Rajana
18/08/2023,38.2,29.4,0.0,13.7,Rajana
19/08/2023,39.2,29.9,0.0,12.6,Rajana
20/08/2023,38.2,29.8,0.2,12.3,Rajana
21/08/2023,39.2,30.1,0.0,11.4,Rajana
22/08/2023,40.5,31.2,0.0,16.8,Rajana
23/08/2023,38.2,31.0,0.0,21.3,Rajana
24/08/2023,36.7,28.9,0.0,17.4,Rajana
25/08/2023,36.6,26.6,1.0,15.5,Rajana
26/08/2023,32.5,26.4,0.6,16.3,Rajana
27/08/2023,36.0,26.6,0.2,11.7,Rajana
28/08/2023,35.8,28.1,0.0,14.2,Rajana
29/08/2023,36.4,24.9,1.4,21.4,Rajana
30/08/2023,38.3,27.2,0.0,9.1,Rajana
31/08/2023,38.3,27.6,0.0,16.2,Rajana
01/09/2023,38.0,28.0,0.0,20.0,Rajana
02/09/2023,36.7,27.1,0.0,20.0,Rajana
03/09/2023,36.0,26.7,0.0,15.3,Rajana
04/09/2023,36.8,26.2,0.0,13.3,Rajana
05/09/2023,37.5,26.9,0.0,10.6,Rajana
06/09/2023,37.7,26.9,0.0,9.2,Rajana
07/09/2023,39.0,27.6,0.0,9.3,Rajana
08/09/2023,39.3,27.1,0.0,10.9,Rajana
09/09/2023,38.7,27.4,0.0,14.3,Rajana
10/09/2023,38.2,28.6,0.0,14.5,Rajana
11/09/2023,37.7,28.2,0.0,13.8,Rajana
12/09/2023,38.9,28.8,0.0,12.0,Rajana
13/09/2023,39.8,28.8,0.0,11.6,Rajana
14/09/2023,39.7,29.5,0.0,10.7,Rajana
15/09/2023,37.8,30.0,0.6,16.4,Rajana
16/09/2023,37.5,28.1,0.4,14.5,Rajana
17/09/2023,36.8,28.5,0.0,20.7,Rajana
18/09/2023,35.0,26.8,0.9,20.5,Rajana
19/09/2023,33.6,24.7,1.5,18.3,Rajana
20/09/2023,34.4,25.3,0.7,9.5,Rajana
21/09/2023,35.1,25.8,0.2,10.8,Rajana
22/09/2023,37.3,27.5,0.2,15.1,Rajana
23/09/2023,36.2,25.5,0.3,20.2,Rajana
24/09/2023,33.5,23.6,15.4,27.8,Rajana
25/09/2023,32.2,24.9,1.2,16.2,Rajana
26/09/2023,33.8,23.9,0.0,9.6,Rajana
27/09/2023,35.2,22.4,0.0,8.8,Rajana
28/09/2023,36.2,23.2,0.0,17.7,Rajana
29/09/2023,35.5,24.4,0.0,20.9,Rajana
30/09/2023,34.5,22.1,0.0,12.8,Rajana
01/10/2023,35.4,20.9,0.0,10.5,Rajana
02/10/2023,35.7,21.0,0.0,13.3,Rajana
03/10/2023,36.0,21.5,0.0,13.5,Rajana
04/10/2023,36.2,21.3,0.0,11.5,Rajana
05/10/2023,36.0,20.6,0.0,10.5,Rajana
06/10/2023,36.2,21.8,0.0,15.5,Rajana
07/10/2023,35.5,25.5,0.0,14.2,Rajana
08/10/2023,36.5,25.3,0.0,8.4,Rajana
09/10/2023,36.8,24.6,0.0,22.9,Rajana
10/10/2023,34.2,22.0,0.0,14.8,Rajana
11/10/2023,33.5,20.3,0.0,10.0,Rajana
12/10/2023,35.2,20.8,0.0,9.3,Rajana
13/10/2023,36.4,23.1,0.0,18.4,Rajana
14/10/2023,34.3,23.3,0.0,20.4,Rajana
15/10/2023,30.8,19.9,4.5,25.4,Rajana
16/10/2023,26.1,18.8,13.0,23.5,Rajana
17/10/2023,26.9,17.6,4.1,23.2,Rajana
18/10/2023,26.8,16.5,0.0,10.5,Rajana
19/10/2023,28.6,16.7,0.0,9.1,Rajana
20/10/2023,30.0,17.2,1.4,18.9,Rajana
21/10/2023,27.0,18.9,16.3,19.2,Rajana
22/10/2023,26.4,18.0,12.2,19.6,Rajana
23/10/2023,29.2,17.8,0.0,8.9,Rajana
24/10/2023,29.1,18.6,0.4,8.2,Rajana
25/10/2023,31.4,17.9,0.0,8.5,Rajana
26/10/2023,31.7,18.9,0.0,9.0,Rajana
27/10/2023,32.2,18.7,0.0,14.8,Rajana
28/10/2023,32.0,19.6,0.0,11.4,Rajana
29/10/2023,32.4,18.2,0.0,11.2,Rajana
30/10/2023,32.5,19.9,0.1,15.6,Rajana
31/10/2023,32.0,18.5,0.1,16.9,Rajana
01/11/2023,31.0,19.1,1.1,16.4,Rajana
02/11/2023,30.5,17.8,2.5,21.1,Rajana
03/11/2023,29.6,18.6,0.3,14.1,Rajana
04/11/2023,30.6,16.5,0.0,8.7,Rajana
05/11/2023,30.5,17.4,0.0,10.2,Rajana
06/11/2023,30.8,17.0,0.0,15.6,Rajana
07/11/2023,28.2,17.6,0.0,15.4,Rajana
08/11/2023,27.8,17.2,0.0,10.2,Rajana
09/11/2023,28.6,17.0,10.9,21.5,Rajana
10/11/2023,24.2,15.4,2.7,17.3,Rajana
11/11/2023,24.1,13.6,0.0,6.5,Rajana
12/11/2023,26.0,13.5,0.0,5.8,Rajana
13/11/2023,26.3,14.2,0.0,8.9,Rajana
14/11/2023,26.5,14.1,0.0,9.4,Rajana
15/11/2023,27.0,14.1,0.0,9.0,Rajana
16/11/2023,26.9,14.7,0.0,7.9,Rajana
17/11/2023,26.6,13.1,0.0,8.2,Rajana
18/11/2023,26.9,13.8,0.0,8.0,Rajana
19/11/2023,26.5,14.8,0.0,8.2,Rajana
20/11/2023,25.9,13.4,0.0,9.4,Rajana
21/11/2023,25.1,13.6,0.0,11.4,Rajana
22/11/2023,26.5,11.5,0.0,10.0,Rajana
23/11/2023,27.2,13.4,0.0,13.1,Rajana
24/11/2023,26.5,13.9,0.0,10.1,Rajana
25/11/2023,25.0,14.1,0.0,8.7,Rajana
26/11/2023,24.9,14.4,0.0,10.1,Rajana
27/11/2023,24.5,14.6,1.3,15.5,Rajana
28/11/2023,25.2,12.9,0.0,14.9,Rajana
29/11/2023,25.9,14.8,0.1,7.5,Rajana
30/11/2023,25.5,13.4,0.2,17.1,Rajana
01/12/2023,23.8,12.4,0.0,12.0,Rajana
02/12/2023,25.1,11.5,0.0,9.2,Rajana
03/12/2023,24.8,11.6,0.0,9.0,Rajana
04/12/2023,24.8,11.4,0.0,9.5,Rajana
05/12/2023,24.6,9.9,0.0,8.0,Rajana
06/12/2023,24.6,9.6,0.0,10.1,Rajana
07/12/2023,24.3,10.1,0.0,12.4,Rajana
08/12/2023,24.6,9.1,0.0,10.2,Rajana
09/12/2023,24.4,9.6,0.0,9.2,Rajana
10/12/2023,23.9,8.9,0.0,9.7,Rajana
11/12/2023,23.5,8.4,0.0,8.9,Rajana
12/12/2023,23.4,10.8,0.0,10.1,Rajana
13/12/2023,23.1,9.1,0.0,10.2,Rajana
14/12/2023,22.7,9.4,0.0,8.5,Rajana
15/12/2023,22.8,9.9,0.0,9.6,Rajana
16/12/2023,22.5,9.1,0.1,10.8,Rajana
17/12/2023,21.3,9.9,0.0,9.7,Rajana
18/12/2023,22.2,8.9,0.0,14.5,Rajana
19/12/2023,22.5,7.4,0.0,11.5,Rajana
20/12/2023,23.1,6.7,0.0,10.5,Rajana
21/12/2023,22.8,7.0,0.0,10.4,Rajana
22/12/2023,22.5,7.7,0.0,12.2,Rajana
23/12/2023,24.1,11.6,0.0,9.5,Rajana
24/12/2023,24.0,9.8,0.0,10.1,Rajana
25/12/2023,25.2,9.9,0.0,9.9,Rajana
26/12/2023,24.5,9.6,0.0,9.7,Rajana
27/12/2023,23.6,8.2,0.0,8.4,Rajana
28/12/2023,23.5,8.6,0.0,10.4,Rajana
29/12/2023,21.8,8.4,0.0,9.8,Rajana
30/12/2023,18.7,8.2,0.0,8.7,Rajana
31/12/2023,18.1,7.9,0.0,7.6,Rajana
01/01/2019,19.2,6.6,0.0,8.5,Pirmahal
02/01/2019,19.9,8.1,0.0,9.5,Pirmahal
03/01/2019,19.7,6.2,0.0,9.4,Pirmahal
04/01/2019,19.5,8.2,0.0,8.5,Pirmahal
05/01/2019,17.6,9.4,0.9,13.2,Pirmahal
06/01/2019,17.2,6.5,0.0,11.1,Pirmahal
07/01/2019,18.2,5.1,0.0,9.4,Pirmahal
08/01/2019,18.5,7.8,0.0,10.5,Pirmahal
09/01/2019,20.0,6.0,0.0,10.2,Pirmahal
10/01/2019,20.1,6.4,0.0,11.7,Pirmahal
11/01/2019,19.6,11.1,0.0,15.1,Pirmahal
12/01/2019,16.6,9.6,1.2,13.4,Pirmahal
13/01/2019,18.6,7.2,0.0,13.9,Pirmahal
14/01/2019,17.6,3.7,0.0,12.6,Pirmahal
15/01/2019,19.3,4.8,0.0,10.6,Pirmahal
16/01/2019,19.9,6.2,0.0,10.0,Pirmahal
17/01/2019,20.0,5.3,0.0,9.7,Pirmahal
18/01/2019,20.0,6.4,0.1,7.2,Pirmahal
19/01/2019,19.7,8.9,0.0,8.9,Pirmahal
20/01/2019,18.9,9.5,3.5,16.7,Pirmahal
21/01/2019,13.8,9.9,5.3,8.9,Pirmahal
22/01/2019,17.0,8.3,0.8,12.5,Pirmahal
23/01/2019,15.9,7.4,3.4,13.9,Pirmahal
24/01/2019,16.5,4.9,0.0,9.8,Pirmahal
25/01/2019,16.8,4.1,0.0,9.9,Pirmahal
26/01/2019,17.3,3.8,0.0,10.1,Pirmahal
27/01/2019,17.9,5.8,0.0,10.9,Pirmahal
28/01/2019,18.6,4.2,0.0,10.8,Pirmahal
29/01/2019,19.6,7.1,0.0,10.9,Pirmahal
30/01/2019,17.2,10.1,4.1,17.2,Pirmahal
31/01/2019,13.1,8.2,6.6,15.9,Pirmahal
01/02/2019,16.9,6.2,0.0,15.2,Pirmahal
02/02/2019,18.9,5.9,0.0,9.4,Pirmahal
03/02/2019,20.6,5.8,0.0,9.7,Pirmahal
04/02/2019,21.0,7.4,0.2,9.2,Pirmahal
05/02/2019,21.8,9.6,0.2,9.7,Pirmahal
06/02/2019,18.6,11.8,1.7,13.0,Pirmahal
07/02/2019,15.9,8.7,1.7,15.6,Pirmahal
08/02/2019,17.5,7.2,0.1,17.5,Pirmahal
09/02/2019,18.9,5.2,0.0,10.9,Pirmahal
10/02/2019,19.6,5.8,0.0,9.7,Pirmahal
11/02/2019,19.9,8.6,0.0,9.4,Pirmahal
12/02/2019,19.8,11.6,0.0,7.7,Pirmahal
13/02/2019,20.5,10.2,0.4,8.1,Pirmahal
14/02/2019,20.0,10.4,2.8,12.6,Pirmahal
15/02/2019,20.2,7.8,0.1,9.4,Pirmahal
16/02/2019,21.3,7.8,0.0,10.5,Pirmahal
17/02/2019,21.1,8.9,1.0,16.9,Pirmahal
18/02/2019,20.8,10.9,1.8,18.4,Pirmahal
19/02/2019,20.6,7.8,0.8,15.9,Pirmahal
20/02/2019,19.4,12.3,12.4,15.6,Pirmahal
21/02/2019,20.0,10.7,9.1,13.0,Pirmahal
22/02/2019,20.7,8.1,0.0,9.5,Pirmahal
23/02/2019,21.0,7.2,0.0,9.4,Pirmahal
24/02/2019,21.1,8.9,0.3,18.6,Pirmahal
25/02/2019,20.3,9.6,1.6,16.6,Pirmahal
26/02/2019,19.0,7.4,0.4,14.6,Pirmahal
27/02/2019,18.0,8.1,1.2,11.3,Pirmahal
28/02/2019,20.5,7.2,0.1,9.5,Pirmahal
01/03/2019,20.5,11.6,0.0,17.6,Pirmahal
02/03/2019,17.9,11.7,5.7,19.1,Pirmahal
03/03/2019,16.5,11.0,5.1,15.1,Pirmahal
04/03/2019,20.4,9.2,0.1,13.5,Pirmahal
05/03/2019,22.3,8.1,0.0,10.7,Pirmahal
06/03/2019,23.5,10.2,0.0,10.5,Pirmahal
07/03/2019,24.1,12.0,0.2,16.9,Pirmahal
08/03/2019,21.0,11.6,2.4,13.4,Pirmahal
09/03/2019,23.6,9.7,0.0,10.0,Pirmahal
10/03/2019,24.0,10.0,0.0,11.4,Pirmahal
11/03/2019,20.6,12.6,4.5,14.2,Pirmahal
12/03/2019,21.5,10.9,0.0,13.7,Pirmahal
13/03/2019,22.9,11.5,0.0,8.2,Pirmahal
14/03/2019,20.5,13.0,4.1,14.6,Pirmahal
15/03/2019,23.9,9.2,0.0,10.0,Pirmahal
16/03/2019,24.4,11.2,0.0,9.8,Pirmahal
17/03/2019,26.5,11.4,0.0,10.1,Pirmahal
18/03/2019,26.2,14.1,0.0,10.4,Pirmahal
19/03/2019,27.4,14.9,0.2,20.7,Pirmahal
20/03/2019,25.2,13.4,0.1,23.0,Pirmahal
21/03/2019,26.4,14.1,0.0,11.6,Pirmahal
22/03/2019,27.6,12.9,0.0,9.9,Pirmahal
23/03/2019,25.6,15.9,0.3,15.2,Pirmahal
24/03/2019,24.4,13.6,1.3,13.0,Pirmahal
25/03/2019,28.5,14.2,0.0,9.5,Pirmahal
26/03/2019,30.9,15.4,0.0,10.2,Pirmahal
27/03/2019,32.0,17.6,0.0,10.1,Pirmahal
28/03/2019,33.2,19.4,0.0,10.5,Pirmahal
29/03/2019,32.5,19.8,0.0,14.1,Pirmahal
30/03/2019,32.1,19.8,0.0,18.7,Pirmahal
31/03/2019,31.5,16.7,0.0,14.8,Pirmahal
01/04/2019,33.3,15.9,0.0,11.7,Pirmahal
02/04/2019,33.8,19.8,0.0,10.7,Pirmahal
03/04/2019,35.0,19.3,0.0,11.3,Pirmahal
04/04/2019,36.2,22.1,0.0,12.1,Pirmahal
05/04/2019,37.1,20.5,0.0,12.2,Pirmahal
06/04/2019,37.5,20.8,0.0,16.6,Pirmahal
07/04/2019,36.0,20.8,0.3,28.5,Pirmahal
08/04/2019,34.6,20.3,0.0,11.9,Pirmahal
09/04/2019,35.9,20.9,0.0,22.1,Pirmahal
10/04/2019,34.0,21.4,0.0,16.6,Pirmahal
11/04/2019,35.0,21.2,0.1,22.7,Pirmahal
12/04/2019,33.3,21.6,0.2,14.5,Pirmahal
13/04/2019,32.2,21.2,1.5,17.6,Pirmahal
14/04/2019,32.8,22.0,0.8,12.1,Pirmahal
15/04/2019,34.8,21.1,12.8,23.1,Pirmahal
16/04/2019,28.5,18.8,8.9,20.3,Pirmahal
17/04/2019,24.9,17.6,4.1,15.3,Pirmahal
18/04/2019,25.6,17.0,0.1,10.8,Pirmahal
19/04/2019,29.5,16.4,0.0,9.2,Pirmahal
20/04/2019,32.5,18.2,0.0,10.2,Pirmahal
21/04/2019,35.2,21.0,0.0,9.4,Pirmahal
22/04/2019,37.8,22.0,0.0,13.4,Pirmahal
23/04/2019,39.2,22.8,0.0,15.1,Pirmahal
24/04/2019,37.0,23.8,0.0,24.5,Pirmahal
25/04/2019,35.9,21.1,0.0,14.0,Pirmahal
26/04/2019,36.5,22.1,0.0,16.5,Pirmahal
27/04/2019,37.2,22.9,0.0,10.6,Pirmahal
28/04/2019,37.9,23.4,0.0,9.7,Pirmahal
29/04/2019,38.8,24.1,0.0,11.5,Pirmahal
30/04/2019,37.5,26.4,0.0,24.3,Pirmahal
01/05/2019,37.5,24.3,0.0,17.9,Pirmahal
02/05/2019,36.7,23.0,0.0,15.8,Pirmahal
03/05/2019,35.8,21.4,0.0,16.9,Pirmahal
04/05/2019,36.5,21.6,0.0,10.8,Pirmahal
05/05/2019,38.8,22.8,0.0,12.6,Pirmahal
06/05/2019,39.8,22.9,0.0,15.9,Pirmahal
07/05/2019,39.5,23.5,0.0,15.2,Pirmahal
08/05/2019,41.0,26.0,0.0,14.9,Pirmahal
09/05/2019,40.4,25.1,0.0,15.8,Pirmahal
10/05/2019,40.0,24.9,0.0,22.5,Pirmahal
11/05/2019,38.8,25.5,0.0,18.8,Pirmahal
12/05/2019,37.0,23.9,0.0,8.9,Pirmahal
13/05/2019,37.0,24.9,0.1,23.6,Pirmahal
14/05/2019,36.5,24.0,0.9,12.9,Pirmahal
15/05/2019,34.7,24.5,0.3,18.1,Pirmahal
16/05/2019,32.0,22.6,0.0,7.2,Pirmahal
17/05/2019,28.8,22.5,16.6,19.1,Pirmahal
18/05/2019,32.8,21.0,0.1,7.2,Pirmahal
19/05/2019,35.5,22.9,0.0,17.3,Pirmahal
20/05/2019,36.4,24.1,0.0,15.1,Pirmahal
21/05/2019,38.2,24.5,0.0,15.9,Pirmahal
22/05/2019,38.2,24.9,0.0,12.0,Pirmahal
23/05/2019,37.5,26.0,0.0,11.9,Pirmahal
24/05/2019,34.3,23.6,0.0,13.2,Pirmahal
25/05/2019,34.8,22.6,0.0,10.8,Pirmahal
26/05/2019,37.0,24.5,0.0,10.5,Pirmahal
27/05/2019,38.7,25.5,0.0,10.0,Pirmahal
28/05/2019,40.8,25.4,0.0,9.7,Pirmahal
29/05/2019,42.2,26.0,0.0,13.9,Pirmahal
30/05/2019,43.8,26.6,0.0,11.4,Pirmahal
31/05/2019,43.4,26.5,0.0,11.6,Pirmahal
01/06/2019,44.0,26.1,0.0,10.6,Pirmahal
02/06/2019,44.4,27.1,0.0,13.6,Pirmahal
03/06/2019,44.1,27.2,0.0,13.0,Pirmahal
04/06/2019,42.3,27.9,0.0,15.6,Pirmahal
05/06/2019,41.6,27.1,0.0,18.5,Pirmahal
06/06/2019,40.2,26.9,0.0,14.2,Pirmahal
07/06/2019,41.3,26.4,0.0,9.0,Pirmahal
08/06/2019,42.8,26.8,0.0,13.6,Pirmahal
09/06/2019,43.3,27.2,0.0,15.0,Pirmahal
10/06/2019,44.0,27.9,0.0,13.3,Pirmahal
11/06/2019,43.1,29.6,0.0,22.1,Pirmahal
12/06/2019,40.5,29.7,0.0,22.3,Pirmahal
13/06/2019,41.7,28.7,0.0,15.5,Pirmahal
14/06/2019,42.3,26.9,0.0,10.0,Pirmahal
15/06/2019,41.6,30.8,0.0,26.9,Pirmahal
16/06/2019,39.5,28.8,0.4,16.2,Pirmahal
17/06/2019,40.0,29.5,0.0,22.3,Pirmahal
18/06/2019,36.1,26.8,0.4,20.6,Pirmahal
19/06/2019,37.4,25.9,0.0,7.2,Pirmahal
20/06/2019,38.8,28.3,0.0,21.4,Pirmahal
21/06/2019,37.5,26.1,0.1,10.9,Pirmahal
22/06/2019,38.1,28.0,0.0,12.2,Pirmahal
23/06/2019,38.2,29.1,0.0,28.9,Pirmahal
24/06/2019,31.1,25.8,15.4,14.3,Pirmahal
25/06/2019,36.1,25.6,0.0,9.2,Pirmahal
26/06/2019,37.8,27.2,0.0,16.0,Pirmahal
27/06/2019,39.7,26.4,0.0,10.7,Pirmahal
28/06/2019,40.3,28.8,2.2,19.6,Pirmahal
29/06/2019,41.5,29.9,5.4,33.6,Pirmahal
30/06/2019,39.2,28.8,0.0,21.0,Pirmahal
01/07/2019,39.9,30.2,4.9,13.7,Pirmahal
02/07/2019,41.0,29.1,0.0,12.3,Pirmahal
03/07/2019,41.7,30.0,0.0,12.2,Pirmahal
04/07/2019,42.6,30.5,0.0,14.5,Pirmahal
05/07/2019,40.6,30.2,0.0,18.6,Pirmahal
06/07/2019,38.0,30.2,0.1,22.7,Pirmahal
07/07/2019,37.2,28.3,3.4,13.7,Pirmahal
08/07/2019,39.1,29.9,0.4,8.7,Pirmahal
09/07/2019,39.3,30.9,0.0,12.7,Pirmahal
10/07/2019,38.5,31.5,0.0,15.5,Pirmahal
11/07/2019,38.6,30.7,0.0,18.0,Pirmahal
12/07/2019,38.0,29.6,0.0,19.5,Pirmahal
13/07/2019,38.0,27.7,0.0,17.4,Pirmahal
14/07/2019,37.3,30.5,0.0,18.1,Pirmahal
15/07/2019,35.3,26.5,8.1,17.2,Pirmahal
16/07/2019,36.4,26.8,9.2,19.1,Pirmahal
17/07/2019,35.5,25.0,4.8,16.4,Pirmahal
18/07/2019,35.9,26.4,9.5,18.9,Pirmahal
19/07/2019,34.7,26.0,17.1,12.7,Pirmahal
20/07/2019,35.9,27.6,0.1,9.8,Pirmahal
21/07/2019,36.1,28.8,4.4,10.0,Pirmahal
22/07/2019,37.1,29.1,0.0,12.3,Pirmahal
23/07/2019,38.3,29.7,0.0,9.7,Pirmahal
24/07/2019,40.3,30.4,0.0,10.6,Pirmahal
25/07/2019,38.2,29.9,1.9,20.8,Pirmahal
26/07/2019,34.8,27.3,7.4,13.3,Pirmahal
27/07/2019,34.3,27.7,2.4,16.3,Pirmahal
28/07/2019,33.6,26.7,2.0,17.2,Pirmahal
29/07/2019,33.3,26.9,11.6,14.4,Pirmahal
30/07/2019,35.7,28.5,0.3,9.9,Pirmahal
31/07/2019,37.1,29.5,0.6,14.8,Pirmahal
01/08/2019,37.5,28.9,1.3,14.6,Pirmahal
02/08/2019,33.0,26.5,16.7,16.4,Pirmahal
03/08/2019,35.2,27.1,0.2,12.0,Pirmahal
04/08/2019,35.3,27.9,0.4,6.8,Pirmahal
05/08/2019,36.3,28.6,0.1,9.7,Pirmahal
06/08/2019,37.0,29.8,0.6,16.5,Pirmahal
07/08/2019,36.8,28.2,7.4,16.8,Pirmahal
08/08/2019,35.5,29.0,0.6,11.6,Pirmahal
09/08/2019,34.9,28.5,8.0,18.6,Pirmahal
10/08/2019,33.8,27.2,1.5,18.3,Pirmahal
11/08/2019,33.3,26.8,9.7,15.4,Pirmahal
12/08/2019,36.2,28.5,0.3,11.5,Pirmahal
13/08/2019,37.0,28.9,0.0,18.0,Pirmahal
14/08/2019,36.7,29.2,0.0,13.4,Pirmahal
15/08/2019,36.3,29.5,0.1,10.2,Pirmahal
16/08/2019,36.5,29.1,0.3,14.0,Pirmahal
17/08/2019,34.0,27.5,3.5,18.8,Pirmahal
18/08/2019,35.7,26.1,0.1,11.1,Pirmahal
19/08/2019,35.7,25.2,1.2,20.2,Pirmahal
20/08/2019,35.6,26.5,3.0,17.2,Pirmahal
21/08/2019,38.0,28.1,0.0,16.3,Pirmahal
22/08/2019,37.0,28.5,0.2,8.9,Pirmahal
23/08/2019,38.7,28.0,0.0,9.4,Pirmahal
24/08/2019,39.1,28.3,0.0,11.1,Pirmahal
25/08/2019,38.8,29.2,0.0,10.9,Pirmahal
26/08/2019,38.2,29.5,0.0,20.9,Pirmahal
27/08/2019,37.0,29.1,1.3,9.7,Pirmahal
28/08/2019,36.9,29.6,0.9,14.8,Pirmahal
29/08/2019,38.1,30.5,0.2,14.4,Pirmahal
30/08/2019,38.5,29.6,0.0,9.2,Pirmahal
31/08/2019,36.5,28.6,1.8,12.9,Pirmahal
01/09/2019,37.0,27.5,14.7,13.3,Pirmahal
02/09/2019,34.7,27.3,9.5,10.1,Pirmahal
03/09/2019,36.9,28.0,0.1,8.8,Pirmahal
04/09/2019,38.7,29.5,0.0,9.9,Pirmahal
05/09/2019,39.5,30.1,0.0,10.5,Pirmahal
06/09/2019,40.0,30.4,0.0,14.5,Pirmahal
07/09/2019,39.9,30.5,0.0,18.0,Pirmahal
08/09/2019,38.5,30.5,0.7,14.0,Pirmahal
09/09/2019,39.2,29.8,0.0,12.3,Pirmahal
10/09/2019,40.5,29.5,0.0,15.0,Pirmahal
11/09/2019,40.2,29.6,0.0,16.2,Pirmahal
12/09/2019,39.6,29.0,0.0,16.6,Pirmahal
13/09/2019,39.0,28.5,0.0,13.0,Pirmahal
14/09/2019,38.8,28.9,0.0,12.2,Pirmahal
15/09/2019,39.0,29.1,0.0,14.3,Pirmahal
16/09/2019,39.0,29.4,0.0,14.6,Pirmahal
17/09/2019,37.6,28.0,0.0,12.5,Pirmahal
18/09/2019,39.3,27.4,0.0,9.8,Pirmahal
19/09/2019,37.5,27.8,0.0,14.0,Pirmahal
20/09/2019,35.2,27.6,0.0,14.8,Pirmahal
21/09/2019,34.8,26.2,0.1,11.4,Pirmahal
22/09/2019,36.3,26.7,0.0,9.3,Pirmahal
23/09/2019,35.4,26.9,0.0,12.3,Pirmahal
24/09/2019,36.0,26.6,0.0,10.9,Pirmahal
25/09/2019,35.5,27.1,0.0,13.0,Pirmahal
26/09/2019,36.1,27.3,0.0,10.3,Pirmahal
27/09/2019,36.3,27.5,0.0,13.4,Pirmahal
28/09/2019,36.2,28.0,0.5,19.0,Pirmahal
29/09/2019,30.4,23.9,18.0,16.4,Pirmahal
30/09/2019,31.9,23.0,0.0,8.8,Pirmahal
01/10/2019,30.5,23.5,3.4,10.3,Pirmahal
02/10/2019,31.2,23.1,1.3,7.7,Pirmahal
03/10/2019,31.6,22.7,10.0,31.3,Pirmahal
04/10/2019,28.1,21.0,5.9,15.4,Pirmahal
05/10/2019,29.0,20.9,0.9,12.0,Pirmahal
06/10/2019,28.8,21.2,0.3,16.3,Pirmahal
07/10/2019,29.9,19.2,0.0,11.7,Pirmahal
08/10/2019,31.5,19.2,0.0,9.3,Pirmahal
09/10/2019,32.2,19.2,0.0,8.9,Pirmahal
10/10/2019,32.7,19.8,0.0,9.0,Pirmahal
11/10/2019,33.2,20.6,0.0,13.0,Pirmahal
12/10/2019,34.0,22.0,0.0,10.6,Pirmahal
13/10/2019,34.5,22.4,0.0,9.7,Pirmahal
14/10/2019,34.7,21.7,0.0,12.1,Pirmahal
15/10/2019,34.0,21.0,0.0,10.0,Pirmahal
16/10/2019,34.2,22.0,0.0,9.7,Pirmahal
17/10/2019,33.5,22.6,0.1,30.6,Pirmahal
18/10/2019,28.5,21.3,0.0,30.0,Pirmahal
19/10/2019,30.6,18.1,0.0,9.0,Pirmahal
20/10/2019,30.2,17.5,0.0,8.6,Pirmahal
21/10/2019,30.8,18.1,0.0,8.1,Pirmahal
22/10/2019,32.2,18.2,0.0,11.8,Pirmahal
23/10/2019,31.4,18.2,0.0,18.1,Pirmahal
24/10/2019,32.0,19.2,0.0,13.6,Pirmahal
25/10/2019,31.5,18.9,0.0,7.7,Pirmahal
26/10/2019,31.2,18.6,0.0,9.0,Pirmahal
27/10/2019,31.1,17.8,0.0,10.3,Pirmahal
28/10/2019,32.0,18.8,0.0,11.7,Pirmahal
29/10/2019,32.5,18.9,0.0,10.3,Pirmahal
30/10/2019,31.9,17.8,0.0,11.2,Pirmahal
31/10/2019,32.0,19.7,0.0,10.2,Pirmahal
01/11/2019,29.4,20.2,0.5,18.7,Pirmahal
02/11/2019,26.7,17.6,0.5,9.4,Pirmahal
03/11/2019,27.4,19.0,1.5,11.3,Pirmahal
04/11/2019,29.1,17.1,0.0,7.9,Pirmahal
05/11/2019,29.5,17.5,0.0,15.0,Pirmahal
06/11/2019,27.5,17.1,0.0,11.0,Pirmahal
07/11/2019,23.3,13.9,0.2,22.9,Pirmahal
08/11/2019,23.5,12.9,0.0,16.1,Pirmahal
09/11/2019,25.5,11.7,0.0,10.2,Pirmahal
10/11/2019,26.8,11.9,0.0,9.2,Pirmahal
11/11/2019,24.9,12.2,0.0,8.8,Pirmahal
12/11/2019,26.5,13.0,0.0,7.9,Pirmahal
13/11/2019,26.4,14.4,0.0,10.9,Pirmahal
14/11/2019,23.0,15.3,1.9,14.2,Pirmahal
15/11/2019,23.5,14.4,2.8,7.2,Pirmahal
16/11/2019,23.7,15.9,0.3,12.7,Pirmahal
17/11/2019,24.9,14.3,0.0,12.6,Pirmahal
18/11/2019,26.7,12.9,0.0,8.8,Pirmahal
19/11/2019,26.5,12.1,0.0,7.6,Pirmahal
20/11/2019,26.0,13.9,0.0,8.4,Pirmahal
21/11/2019,25.2,14.4,0.0,10.8,Pirmahal
22/11/2019,19.4,14.3,1.2,12.9,Pirmahal
23/11/2019,22.6,12.2,0.0,8.2,Pirmahal
24/11/2019,24.2,10.9,0.0,10.1,Pirmahal
25/11/2019,24.4,13.1,0.0,9.7,Pirmahal
26/11/2019,23.9,11.6,0.0,8.7,Pirmahal
27/11/2019,22.9,11.3,0.0,9.0,Pirmahal
28/11/2019,22.1,12.2,0.1,11.2,Pirmahal
29/11/2019,22.2,9.6,0.0,10.4,Pirmahal
30/11/2019,22.9,8.7,0.0,9.0,Pirmahal
01/12/2019,23.6,9.1,0.0,10.7,Pirmahal
02/12/2019,24.5,9.2,0.0,11.7,Pirmahal
03/12/2019,24.6,7.7,0.0,11.5,Pirmahal
04/12/2019,24.6,9.6,0.0,7.7,Pirmahal
05/12/2019,24.1,7.9,0.0,10.2,Pirmahal
06/12/2019,23.0,7.6,0.0,10.8,Pirmahal
07/12/2019,23.0,8.8,0.0,10.9,Pirmahal
08/12/2019,22.9,7.6,0.0,8.8,Pirmahal
09/12/2019,22.6,8.4,0.0,9.8,Pirmahal
10/12/2019,23.2,8.2,0.0,10.6,Pirmahal
11/12/2019,21.9,10.1,0.0,8.8,Pirmahal
12/12/2019,17.9,10.9,3.4,13.3,Pirmahal
13/12/2019,17.3,9.1,0.0,10.9,Pirmahal
14/12/2019,18.9,7.7,0.3,12.0,Pirmahal
15/12/2019,18.0,8.4,0.0,10.5,Pirmahal
16/12/2019,19.0,7.0,0.0,12.5,Pirmahal
17/12/2019,20.1,5.3,0.0,10.4,Pirmahal
18/12/2019,20.1,5.6,0.0,9.9,Pirmahal
19/12/2019,19.6,8.0,0.0,10.1,Pirmahal
20/12/2019,19.0,8.8,0.2,9.4,Pirmahal
21/12/2019,19.4,8.5,0.1,10.1,Pirmahal
22/12/2019,19.5,6.1,0.0,10.4,Pirmahal
23/12/2019,18.9,6.2,0.0,8.7,Pirmahal
24/12/2019,18.2,6.9,0.0,9.2,Pirmahal
25/12/2019,15.6,5.7,0.0,9.8,Pirmahal
26/12/2019,17.2,3.0,0.0,10.1,Pirmahal
27/12/2019,15.0,3.6,0.0,9.9,Pirmahal
28/12/2019,11.9,2.6,0.0,8.3,Pirmahal
29/12/2019,11.6,6.2,0.0,7.3,Pirmahal
30/12/2019,13.2,2.6,0.0,8.2,Pirmahal
31/12/2019,10.9,2.0,0.0,10.0,Pirmahal
01/01/2020,12.9,3.8,0.0,8.6,Pirmahal
02/01/2020,16.6,3.5,0.0,10.1,Pirmahal
03/01/2020,18.5,4.5,0.0,8.5,Pirmahal
04/01/2020,17.8,5.5,1.2,10.1,Pirmahal
05/01/2020,14.5,8.2,3.7,10.4,Pirmahal
06/01/2020,11.2,9.4,13.3,13.5,Pirmahal
07/01/2020,15.2,6.7,0.0,11.2,Pirmahal
08/01/2020,15.4,5.2,1.6,9.6,Pirmahal
09/01/2020,16.8,5.3,0.0,9.4,Pirmahal
10/01/2020,16.8,3.5,0.0,10.3,Pirmahal
11/01/2020,16.0,5.8,0.3,8.8,Pirmahal
12/01/2020,17.5,9.3,0.3,11.5,Pirmahal
13/01/2020,12.8,8.9,7.7,16.6,Pirmahal
14/01/2020,15.1,5.6,0.0,10.8,Pirmahal
15/01/2020,16.3,4.6,0.0,10.5,Pirmahal
16/01/2020,17.8,4.8,0.0,10.9,Pirmahal
17/01/2020,17.4,4.9,0.0,10.2,Pirmahal
18/01/2020,17.2,4.6,0.0,10.5,Pirmahal
19/01/2020,18.4,4.6,0.0,9.2,Pirmahal
20/01/2020,17.6,8.5,0.6,7.4,Pirmahal
21/01/2020,17.5,9.9,1.5,10.8,Pirmahal
22/01/2020,17.9,6.4,0.0,10.4,Pirmahal
23/01/2020,18.6,5.4,0.0,12.2,Pirmahal
24/01/2020,20.0,5.2,0.0,10.6,Pirmahal
25/01/2020,20.6,8.1,0.1,11.2,Pirmahal
26/01/2020,20.9,8.9,0.0,8.7,Pirmahal
27/01/2020,16.4,10.1,8.3,14.4,Pirmahal
28/01/2020,15.5,8.9,10.0,13.3,Pirmahal
29/01/2020,18.0,7.2,2.7,9.2,Pirmahal
30/01/2020,17.6,6.3,0.0,10.5,Pirmahal
31/01/2020,18.9,7.1,0.3,12.4,Pirmahal
01/02/2020,18.9,6.8,0.4,10.1,Pirmahal
02/02/2020,19.5,6.4,0.0,8.1,Pirmahal
03/02/2020,19.9,6.0,0.0,8.4,Pirmahal
04/02/2020,15.6,7.9,1.7,9.0,Pirmahal
05/02/2020,18.0,4.9,0.0,10.5,Pirmahal
06/02/2020,19.5,6.3,0.0,11.0,Pirmahal
07/02/2020,20.2,6.0,0.0,9.2,Pirmahal
08/02/2020,21.5,8.2,0.0,9.4,Pirmahal
09/02/2020,22.0,6.7,0.0,11.4,Pirmahal
10/02/2020,21.9,7.2,0.0,10.0,Pirmahal
11/02/2020,22.3,8.6,0.0,10.3,Pirmahal
12/02/2020,19.1,9.4,0.3,12.1,Pirmahal
13/02/2020,23.2,9.9,0.8,13.4,Pirmahal
14/02/2020,23.6,9.2,0.0,14.3,Pirmahal
15/02/2020,25.9,7.2,0.0,12.6,Pirmahal
16/02/2020,25.2,9.7,0.0,10.5,Pirmahal
17/02/2020,26.1,8.1,0.0,10.4,Pirmahal
18/02/2020,26.1,8.4,0.0,11.9,Pirmahal
19/02/2020,24.1,10.9,0.0,13.1,Pirmahal
20/02/2020,20.8,11.5,0.0,24.4,Pirmahal
21/02/2020,22.9,11.5,0.0,16.6,Pirmahal
22/02/2020,24.0,11.6,0.0,8.7,Pirmahal
23/02/2020,25.5,11.5,0.0,9.0,Pirmahal
24/02/2020,25.9,12.7,0.0,10.0,Pirmahal
25/02/2020,26.5,13.0,0.0,9.6,Pirmahal
26/02/2020,27.2,13.4,0.0,9.7,Pirmahal
27/02/2020,28.8,16.3,0.0,17.9,Pirmahal
28/02/2020,26.3,15.9,19.5,30.1,Pirmahal
29/02/2020,22.5,14.4,6.6,23.5,Pirmahal
01/03/2020,23.8,12.3,0.0,13.7,Pirmahal
02/03/2020,24.8,12.7,0.0,8.3,Pirmahal
03/03/2020,25.5,13.2,0.0,7.4,Pirmahal
04/03/2020,21.4,14.5,2.8,19.0,Pirmahal
05/03/2020,21.2,13.8,10.0,18.7,Pirmahal
06/03/2020,17.5,13.6,32.0,19.1,Pirmahal
07/03/2020,20.4,12.5,0.5,12.4,Pirmahal
08/03/2020,23.8,12.4,0.1,14.3,Pirmahal
09/03/2020,22.7,11.6,0.0,11.1,Pirmahal
10/03/2020,23.5,11.6,0.0,10.5,Pirmahal
11/03/2020,17.0,13.4,23.3,19.7,Pirmahal
12/03/2020,19.9,12.2,4.7,26.4,Pirmahal
13/03/2020,19.8,10.4,2.2,16.2,Pirmahal
14/03/2020,20.5,9.4,0.8,11.9,Pirmahal
15/03/2020,22.8,10.0,0.0,9.7,Pirmahal
16/03/2020,24.7,11.2,0.0,10.2,Pirmahal
17/03/2020,26.6,12.9,0.0,9.2,Pirmahal
18/03/2020,26.6,14.4,0.0,12.9,Pirmahal
19/03/2020,27.4,15.4,0.2,12.0,Pirmahal
20/03/2020,26.7,17.0,0.3,17.3,Pirmahal
21/03/2020,26.1,17.1,0.4,16.9,Pirmahal
22/03/2020,27.1,16.0,0.0,10.1,Pirmahal
23/03/2020,27.8,17.8,0.1,12.0,Pirmahal
24/03/2020,26.4,17.5,1.3,12.1,Pirmahal
25/03/2020,25.5,16.9,12.7,20.7,Pirmahal
26/03/2020,21.2,17.4,10.9,16.3,Pirmahal
27/03/2020,19.9,14.4,30.5,19.8,Pirmahal
28/03/2020,25.8,14.5,2.2,19.1,Pirmahal
29/03/2020,25.2,13.7,0.1,10.0,Pirmahal
30/03/2020,26.8,14.2,0.0,8.3,Pirmahal
31/03/2020,23.9,16.1,2.1,15.5,Pirmahal
01/04/2020,26.2,14.5,0.0,12.1,Pirmahal
02/04/2020,27.3,14.9,0.0,10.0,Pirmahal
03/04/2020,28.1,14.9,0.0,9.8,Pirmahal
04/04/2020,30.2,15.9,0.0,9.5,Pirmahal
05/04/2020,29.7,17.9,0.0,14.9,Pirmahal
06/04/2020,29.0,17.0,0.0,16.2,Pirmahal
07/04/2020,27.2,18.1,0.9,20.8,Pirmahal
08/04/2020,28.8,15.4,0.0,9.7,Pirmahal
09/04/2020,31.3,16.9,0.0,21.7,Pirmahal
10/04/2020,30.4,19.1,1.2,18.7,Pirmahal
11/04/2020,32.7,18.7,0.0,8.6,Pirmahal
12/04/2020,34.5,19.9,0.0,9.7,Pirmahal
13/04/2020,35.7,21.4,0.0,8.4,Pirmahal
14/04/2020,36.5,22.8,0.0,20.7,Pirmahal
15/04/2020,33.9,21.6,0.0,24.5,Pirmahal
16/04/2020,33.4,20.3,0.2,16.3,Pirmahal
17/04/2020,29.0,21.2,1.9,28.5,Pirmahal
18/04/2020,28.5,17.9,0.0,12.3,Pirmahal
19/04/2020,29.6,17.5,0.0,8.0,Pirmahal
20/04/2020,29.2,19.9,0.6,11.2,Pirmahal
21/04/2020,31.3,18.6,0.0,10.6,Pirmahal
22/04/2020,33.2,19.1,0.0,13.5,Pirmahal
23/04/2020,32.8,21.7,1.1,14.9,Pirmahal
24/04/2020,35.0,22.0,0.0,13.8,Pirmahal
25/04/2020,34.7,22.9,0.2,16.5,Pirmahal
26/04/2020,34.9,21.3,0.0,15.5,Pirmahal
27/04/2020,33.3,23.2,0.2,20.3,Pirmahal
28/04/2020,34.0,23.4,0.0,20.5,Pirmahal
29/04/2020,36.7,22.6,0.0,11.5,Pirmahal
30/04/2020,37.3,24.0,0.0,13.7,Pirmahal
01/05/2020,39.8,24.3,0.0,22.7,Pirmahal
02/05/2020,37.5,26.9,0.6,24.5,Pirmahal
03/05/2020,34.2,23.2,0.9,28.6,Pirmahal
04/05/2020,32.0,21.3,1.8,30.9,Pirmahal
05/05/2020,34.3,22.1,0.4,19.5,Pirmahal
06/05/2020,33.5,22.4,0.6,34.0,Pirmahal
07/05/2020,35.5,22.4,0.0,13.6,Pirmahal
08/05/2020,38.0,24.0,0.0,10.9,Pirmahal
09/05/2020,40.1,25.9,0.0,11.8,Pirmahal
10/05/2020,40.2,26.5,0.0,18.8,Pirmahal
11/05/2020,38.6,26.6,0.0,27.3,Pirmahal
12/05/2020,36.0,24.2,0.4,22.1,Pirmahal
13/05/2020,34.0,22.8,2.2,18.0,Pirmahal
14/05/2020,32.7,23.1,8.1,20.6,Pirmahal
15/05/2020,33.0,22.0,0.0,12.4,Pirmahal
16/05/2020,36.0,22.3,0.0,10.5,Pirmahal
17/05/2020,37.2,22.1,0.0,12.8,Pirmahal
18/05/2020,36.0,22.0,0.0,12.0,Pirmahal
19/05/2020,35.6,22.5,0.0,22.7,Pirmahal
20/05/2020,37.1,20.5,0.0,8.9,Pirmahal
21/05/2020,39.1,23.4,0.0,8.5,Pirmahal
22/05/2020,41.6,25.4,0.0,9.7,Pirmahal
23/05/2020,40.3,24.7,0.0,12.2,Pirmahal
24/05/2020,39.5,25.5,0.0,12.3,Pirmahal
25/05/2020,42.2,25.5,0.0,11.4,Pirmahal
26/05/2020,42.8,26.9,0.0,11.4,Pirmahal
27/05/2020,43.9,25.9,0.0,12.6,Pirmahal
28/05/2020,41.8,27.3,0.0,22.1,Pirmahal
29/05/2020,37.3,27.1,6.8,26.7,Pirmahal
30/05/2020,33.2,25.5,2.6,17.1,Pirmahal
31/05/2020,33.2,24.6,0.0,12.7,Pirmahal
01/06/2020,34.8,25.0,0.0,13.4,Pirmahal
02/06/2020,33.0,24.5,5.9,12.6,Pirmahal
03/06/2020,33.5,24.6,1.5,18.2,Pirmahal
04/06/2020,33.8,25.6,0.1,13.2,Pirmahal
05/06/2020,36.8,24.3,0.0,9.8,Pirmahal
06/06/2020,38.5,26.6,0.0,20.2,Pirmahal
07/06/2020,38.3,27.1,0.0,17.3,Pirmahal
08/06/2020,39.5,28.0,0.0,11.6,Pirmahal
09/06/2020,41.3,29.3,0.0,15.5,Pirmahal
10/06/2020,40.7,29.5,0.0,14.1,Pirmahal
11/06/2020,40.6,29.4,0.0,18.6,Pirmahal
12/06/2020,41.2,30.1,0.0,21.5,Pirmahal
13/06/2020,39.1,28.9,0.0,20.6,Pirmahal
14/06/2020,39.8,29.2,0.0,23.6,Pirmahal
15/06/2020,41.9,28.4,0.0,8.7,Pirmahal
16/06/2020,42.8,29.1,0.0,8.7,Pirmahal
17/06/2020,43.7,29.1,0.0,13.7,Pirmahal
18/06/2020,43.0,31.4,0.0,14.8,Pirmahal
19/06/2020,41.8,31.7,0.0,16.3,Pirmahal
20/06/2020,39.8,31.6,0.1,15.5,Pirmahal
21/06/2020,41.2,30.4,0.0,16.0,Pirmahal
22/06/2020,41.0,30.0,0.0,11.4,Pirmahal
23/06/2020,42.6,31.6,0.0,16.8,Pirmahal
24/06/2020,39.2,31.1,0.0,18.8,Pirmahal
25/06/2020,39.3,28.0,6.1,17.2,Pirmahal
26/06/2020,40.6,30.9,0.0,20.3,Pirmahal
27/06/2020,40.2,31.5,0.5,12.4,Pirmahal
28/06/2020,40.5,31.1,0.0,19.5,Pirmahal
29/06/2020,39.8,27.6,11.5,31.4,Pirmahal
30/06/2020,39.8,30.6,1.4,15.3,Pirmahal
01/07/2020,38.7,28.1,0.0,7.9,Pirmahal
02/07/2020,40.8,29.8,0.0,11.3,Pirmahal
03/07/2020,41.3,31.0,0.0,13.2,Pirmahal
04/07/2020,41.7,31.4,0.0,26.2,Pirmahal
05/07/2020,36.0,26.6,0.0,23.4,Pirmahal
06/07/2020,36.7,27.5,3.9,13.0,Pirmahal
07/07/2020,38.0,29.2,0.0,14.8,Pirmahal
08/07/2020,37.1,29.9,0.0,16.8,Pirmahal
09/07/2020,38.6,28.5,0.0,10.7,Pirmahal
10/07/2020,40.2,30.7,0.0,18.7,Pirmahal
11/07/2020,39.8,31.0,0.4,25.5,Pirmahal
12/07/2020,35.8,29.0,6.5,14.0,Pirmahal
13/07/2020,37.0,26.8,1.1,11.5,Pirmahal
14/07/2020,39.2,28.9,0.0,8.0,Pirmahal
15/07/2020,40.0,30.0,0.0,10.2,Pirmahal
16/07/2020,38.0,30.9,0.4,15.5,Pirmahal
17/07/2020,38.0,28.6,0.0,13.0,Pirmahal
18/07/2020,38.2,29.9,0.3,11.3,Pirmahal
19/07/2020,40.0,30.8,0.0,11.3,Pirmahal
20/07/2020,38.6,30.4,0.0,17.8,Pirmahal
21/07/2020,32.0,26.5,22.0,17.6,Pirmahal
22/07/2020,34.5,25.1,0.0,8.0,Pirmahal
23/07/2020,36.8,25.9,0.0,14.0,Pirmahal
24/07/2020,36.8,29.6,0.0,18.7,Pirmahal
25/07/2020,36.6,28.9,0.1,14.0,Pirmahal
26/07/2020,36.8,28.8,0.1,11.4,Pirmahal
27/07/2020,39.0,29.6,0.0,13.1,Pirmahal
28/07/2020,39.5,30.7,0.0,20.3,Pirmahal
29/07/2020,39.8,31.0,0.0,18.0,Pirmahal
30/07/2020,38.4,31.0,0.2,17.6,Pirmahal
31/07/2020,38.3,29.9,1.2,12.8,Pirmahal
01/08/2020,38.8,30.1,0.0,12.4,Pirmahal
02/08/2020,40.2,31.0,0.0,16.4,Pirmahal
03/08/2020,40.5,30.8,0.0,19.2,Pirmahal
04/08/2020,39.8,31.0,5.2,22.1,Pirmahal
05/08/2020,39.8,30.3,0.0,16.2,Pirmahal
06/08/2020,38.2,30.5,0.1,17.7,Pirmahal
07/08/2020,37.6,31.8,0.1,17.9,Pirmahal
08/08/2020,36.0,30.4,0.9,13.2,Pirmahal
09/08/2020,37.7,29.7,0.0,14.2,Pirmahal
10/08/2020,38.0,30.0,6.4,12.3,Pirmahal
11/08/2020,37.6,28.4,1.4,14.8,Pirmahal
12/08/2020,39.8,31.0,0.0,17.1,Pirmahal
13/08/2020,40.2,31.9,0.0,16.9,Pirmahal
14/08/2020,38.9,30.5,1.0,18.2,Pirmahal
15/08/2020,38.2,29.5,0.0,12.1,Pirmahal
16/08/2020,38.8,30.5,0.1,12.2,Pirmahal
17/08/2020,40.0,30.8,0.0,13.9,Pirmahal
18/08/2020,41.0,31.8,0.0,15.5,Pirmahal
19/08/2020,40.3,32.1,0.0,19.3,Pirmahal
20/08/2020,33.2,27.4,6.9,23.3,Pirmahal
21/08/2020,32.7,25.9,4.1,13.2,Pirmahal
22/08/2020,34.3,26.5,0.0,10.3,Pirmahal
23/08/2020,35.2,28.2,0.0,10.2,Pirmahal
24/08/2020,35.5,28.0,0.0,13.0,Pirmahal
25/08/2020,35.2,28.1,0.7,18.1,Pirmahal
26/08/2020,31.7,27.3,10.0,13.3,Pirmahal
27/08/2020,31.7,26.6,7.5,12.6,Pirmahal
28/08/2020,32.4,26.5,4.0,8.2,Pirmahal
29/08/2020,33.5,26.4,2.5,10.5,Pirmahal
30/08/2020,34.7,27.0,0.0,13.1,Pirmahal
31/08/2020,30.4,26.5,26.5,22.3,Pirmahal
01/09/2020,32.2,25.4,7.5,19.7,Pirmahal
02/09/2020,31.4,25.8,3.8,9.5,Pirmahal
03/09/2020,32.0,25.7,15.7,11.4,Pirmahal
04/09/2020,30.2,25.6,8.9,11.6,Pirmahal
05/09/2020,32.2,25.5,1.8,10.8,Pirmahal
06/09/2020,33.7,25.8,0.5,7.5,Pirmahal
07/09/2020,33.7,26.5,6.9,14.2,Pirmahal
08/09/2020,36.3,27.5,0.0,9.7,Pirmahal
09/09/2020,36.6,27.5,0.0,9.3,Pirmahal
10/09/2020,36.9,26.1,0.0,11.8,Pirmahal
11/09/2020,37.5,25.5,0.0,14.8,Pirmahal
12/09/2020,37.9,26.1,0.0,9.6,Pirmahal
13/09/2020,38.6,26.1,0.0,8.5,Pirmahal
14/09/2020,37.8,26.8,0.0,13.4,Pirmahal
15/09/2020,36.5,27.5,0.0,14.8,Pirmahal
16/09/2020,37.4,29.5,0.0,15.8,Pirmahal
17/09/2020,37.4,28.9,0.0,11.7,Pirmahal
18/09/2020,38.4,28.5,0.0,10.4,Pirmahal
19/09/2020,38.8,27.3,0.0,8.4,Pirmahal
20/09/2020,38.7,25.1,0.0,9.1,Pirmahal
21/09/2020,38.4,25.7,0.0,9.4,Pirmahal
22/09/2020,38.0,24.8,0.0,9.4,Pirmahal
23/09/2020,38.0,25.5,0.0,9.9,Pirmahal
24/09/2020,38.0,26.5,0.0,9.0,Pirmahal
25/09/2020,38.9,24.4,0.0,16.2,Pirmahal
26/09/2020,36.3,24.5,0.0,13.8,Pirmahal
27/09/2020,36.7,23.4,0.0,15.2,Pirmahal
28/09/2020,36.6,23.6,0.0,12.7,Pirmahal
29/09/2020,36.0,23.8,0.0,13.7,Pirmahal
30/09/2020,36.8,21.9,0.0,9.4,Pirmahal
01/10/2020,35.7,23.2,0.0,12.0,Pirmahal
02/10/2020,36.5,22.6,0.0,9.8,Pirmahal
03/10/2020,36.5,20.6,0.0,10.2,Pirmahal
04/10/2020,37.2,20.5,0.0,9.3,Pirmahal
05/10/2020,37.6,21.4,0.0,11.9,Pirmahal
06/10/2020,37.2,20.8,0.0,10.1,Pirmahal
07/10/2020,37.5,21.1,0.0,12.8,Pirmahal
08/10/2020,37.2,21.0,0.0,11.9,Pirmahal
09/10/2020,37.5,21.4,0.0,12.6,Pirmahal
10/10/2020,37.6,20.7,0.0,10.7,Pirmahal
11/10/2020,37.5,20.1,0.0,11.5,Pirmahal
12/10/2020,37.2,21.3,0.0,10.2,Pirmahal
13/10/2020,37.3,21.7,0.0,13.3,Pirmahal
14/10/2020,35.7,20.4,0.0,10.4,Pirmahal
15/10/2020,36.0,18.9,0.0,11.2,Pirmahal
16/10/2020,35.8,18.7,0.0,9.2,Pirmahal
17/10/2020,35.8,18.4,0.0,11.4,Pirmahal
18/10/2020,35.5,18.0,0.0,10.2,Pirmahal
19/10/2020,35.2,18.1,0.0,9.0,Pirmahal
20/10/2020,35.2,17.8,0.0,11.9,Pirmahal
21/10/2020,34.8,19.8,0.0,11.2,Pirmahal
22/10/2020,33.8,19.0,0.0,11.1,Pirmahal
23/10/2020,34.0,18.4,0.0,10.7,Pirmahal
24/10/2020,34.2,19.7,0.0,13.7,Pirmahal
25/10/2020,33.5,18.2,0.0,15.1,Pirmahal
26/10/2020,32.0,17.5,0.0,13.0,Pirmahal
27/10/2020,31.6,16.1,0.0,10.5,Pirmahal
28/10/2020,32.8,17.0,0.0,14.8,Pirmahal
29/10/2020,32.8,17.8,0.0,13.5,Pirmahal
30/10/2020,31.8,17.2,0.0,10.2,Pirmahal
31/10/2020,31.5,15.8,0.0,11.5,Pirmahal
01/11/2020,31.6,14.1,0.0,13.0,Pirmahal
02/11/2020,31.2,13.8,0.0,11.5,Pirmahal
03/11/2020,31.9,15.6,0.0,9.7,Pirmahal
04/11/2020,31.6,14.2,0.0,11.3,Pirmahal
05/11/2020,31.4,14.2,0.0,10.6,Pirmahal
06/11/2020,31.2,15.1,0.0,9.1,Pirmahal
07/11/2020,31.0,14.1,0.0,8.7,Pirmahal
08/11/2020,31.6,14.1,0.0,10.0,Pirmahal
09/11/2020,30.9,14.9,0.0,11.0,Pirmahal
10/11/2020,30.1,15.4,0.0,10.7,Pirmahal
11/11/2020,29.6,14.4,0.0,10.5,Pirmahal
12/11/2020,29.0,13.8,0.0,10.0,Pirmahal
13/11/2020,29.3,13.9,0.0,10.9,Pirmahal
14/11/2020,28.4,15.1,0.0,12.2,Pirmahal
15/11/2020,22.0,14.7,2.6,11.7,Pirmahal
16/11/2020,23.2,12.4,0.0,12.4,Pirmahal
17/11/2020,23.2,10.7,0.0,8.7,Pirmahal
18/11/2020,23.5,9.0,0.0,9.7,Pirmahal
19/11/2020,24.1,10.5,0.0,12.2,Pirmahal
20/11/2020,23.8,10.8,0.0,9.4,Pirmahal
21/11/2020,23.0,10.4,0.0,10.1,Pirmahal
22/11/2020,23.0,9.1,0.0,9.7,Pirmahal
23/11/2020,23.2,12.6,0.5,12.9,Pirmahal
24/11/2020,19.7,13.6,0.2,14.4,Pirmahal
25/11/2020,19.4,13.2,4.9,15.3,Pirmahal
26/11/2020,21.4,11.6,0.1,13.0,Pirmahal
27/11/2020,22.2,8.1,0.0,9.2,Pirmahal
28/11/2020,24.5,7.7,0.0,10.4,Pirmahal
29/11/2020,25.5,9.4,0.0,11.0,Pirmahal
30/11/2020,25.8,12.6,0.0,9.5,Pirmahal
01/12/2020,26.5,10.6,0.0,10.5,Pirmahal
02/12/2020,26.4,10.9,0.0,10.3,Pirmahal
03/12/2020,26.7,10.6,0.0,9.2,Pirmahal
04/12/2020,25.6,12.4,0.0,11.6,Pirmahal
05/12/2020,25.0,12.6,0.0,9.2,Pirmahal
06/12/2020,25.6,11.8,0.0,9.8,Pirmahal
07/12/2020,26.0,11.9,0.0,9.9,Pirmahal
08/12/2020,24.5,12.8,0.0,15.4,Pirmahal
09/12/2020,18.9,12.9,2.8,12.0,Pirmahal
10/12/2020,22.7,10.2,0.0,9.9,Pirmahal
11/12/2020,17.9,10.2,4.9,19.8,Pirmahal
12/12/2020,19.1,9.1,0.0,9.0,Pirmahal
13/12/2020,19.0,7.2,0.0,9.0,Pirmahal
14/12/2020,19.2,6.8,0.0,8.3,Pirmahal
15/12/2020,16.9,6.2,0.1,9.1,Pirmahal
16/12/2020,17.2,4.7,0.0,10.7,Pirmahal
17/12/2020,17.9,3.8,0.0,11.9,Pirmahal
18/12/2020,18.9,3.5,0.0,11.0,Pirmahal
19/12/2020,20.0,6.8,0.0,10.4,Pirmahal
20/12/2020,20.7,5.4,0.0,7.4,Pirmahal
21/12/2020,21.0,8.0,0.0,7.6,Pirmahal
22/12/2020,21.5,6.2,0.0,9.3,Pirmahal
23/12/2020,21.5,6.6,0.0,11.4,Pirmahal
24/12/2020,21.5,6.2,0.0,8.2,Pirmahal
25/12/2020,21.8,6.2,0.0,9.4,Pirmahal
26/12/2020,20.9,5.8,0.0,9.8,Pirmahal
27/12/2020,16.1,6.5,0.4,14.3,Pirmahal
28/12/2020,15.4,4.1,0.0,10.2,Pirmahal
29/12/2020,16.6,3.5,0.0,10.1,Pirmahal
30/12/2020,18.3,3.4,0.0,10.8,Pirmahal
31/12/2020,17.6,3.2,0.0,11.3,Pirmahal
01/01/2021,18.5,4.3,0.0,9.7,Pirmahal
02/01/2021,18.0,4.8,0.0,12.4,Pirmahal
03/01/2021,18.9,7.6,0.0,11.2,Pirmahal
04/01/2021,18.9,9.2,2.3,12.4,Pirmahal
05/01/2021,17.6,11.2,10.0,10.7,Pirmahal
06/01/2021,18.7,9.4,0.0,9.5,Pirmahal
07/01/2021,19.2,7.9,0.0,9.7,Pirmahal
08/01/2021,18.2,8.1,0.4,9.2,Pirmahal
09/01/2021,18.9,6.4,0.0,10.8,Pirmahal
10/01/2021,19.4,5.6,0.0,10.8,Pirmahal
11/01/2021,20.6,5.1,0.0,8.4,Pirmahal
12/01/2021,20.6,4.8,0.0,11.6,Pirmahal
13/01/2021,20.1,3.5,0.0,10.9,Pirmahal
14/01/2021,19.0,4.4,0.0,10.1,Pirmahal
15/01/2021,18.0,4.5,0.0,9.9,Pirmahal
16/01/2021,14.2,4.3,0.0,10.6,Pirmahal
17/01/2021,14.8,3.2,0.0,11.0,Pirmahal
18/01/2021,17.6,5.2,0.0,12.7,Pirmahal
19/01/2021,18.8,4.3,0.0,11.8,Pirmahal
20/01/2021,20.9,5.3,0.0,11.3,Pirmahal
21/01/2021,21.8,5.4,0.0,11.9,Pirmahal
22/01/2021,21.6,8.4,0.0,12.8,Pirmahal
23/01/2021,19.1,8.2,0.0,19.0,Pirmahal
24/01/2021,20.1,5.6,0.0,8.4,Pirmahal
25/01/2021,20.3,5.2,0.0,9.0,Pirmahal
26/01/2021,20.0,4.0,0.0,9.7,Pirmahal
27/01/2021,20.0,4.0,0.0,10.2,Pirmahal
28/01/2021,20.2,3.7,0.0,8.6,Pirmahal
29/01/2021,20.1,4.0,0.0,10.1,Pirmahal
30/01/2021,20.6,6.7,0.0,10.5,Pirmahal
31/01/2021,22.5,6.5,0.0,10.8,Pirmahal
01/02/2021,23.1,8.1,0.0,12.5,Pirmahal
02/02/2021,22.5,7.1,0.0,9.3,Pirmahal
03/02/2021,22.6,7.9,0.0,17.6,Pirmahal
04/02/2021,20.5,8.6,0.9,14.6,Pirmahal
05/02/2021,22.0,7.3,0.0,12.8,Pirmahal
06/02/2021,23.1,8.1,0.0,11.3,Pirmahal
07/02/2021,24.7,8.1,0.0,9.4,Pirmahal
08/02/2021,26.0,9.5,0.0,10.8,Pirmahal
09/02/2021,25.8,9.9,0.0,12.4,Pirmahal
10/02/2021,25.9,10.1,0.0,9.5,Pirmahal
11/02/2021,26.5,10.6,0.0,10.1,Pirmahal
12/02/2021,26.2,10.6,0.0,9.9,Pirmahal
13/02/2021,26.2,11.8,0.0,11.5,Pirmahal
14/02/2021,27.5,11.8,0.0,12.6,Pirmahal
15/02/2021,26.8,11.8,0.0,10.2,Pirmahal
16/02/2021,26.5,11.9,0.0,10.2,Pirmahal
17/02/2021,27.0,10.9,0.0,11.4,Pirmahal
18/02/2021,27.0,11.2,0.0,11.2,Pirmahal
19/02/2021,27.1,10.9,0.0,11.7,Pirmahal
20/02/2021,28.1,12.2,0.0,10.9,Pirmahal
21/02/2021,28.6,12.8,0.0,12.1,Pirmahal
22/02/2021,29.5,13.8,0.0,20.9,Pirmahal
23/02/2021,28.7,14.2,0.0,10.2,Pirmahal
24/02/2021,30.9,14.6,0.0,11.7,Pirmahal
25/02/2021,29.8,15.4,0.0,11.7,Pirmahal
26/02/2021,31.0,16.2,0.0,13.2,Pirmahal
27/02/2021,26.5,15.8,0.0,18.1,Pirmahal
28/02/2021,27.5,12.8,0.0,11.9,Pirmahal
01/03/2021,28.6,13.4,0.0,10.2,Pirmahal
02/03/2021,29.5,13.6,0.0,15.0,Pirmahal
03/03/2021,30.8,13.4,0.0,15.0,Pirmahal
04/03/2021,30.9,16.7,0.0,11.6,Pirmahal
05/03/2021,31.6,15.1,0.0,10.7,Pirmahal
06/03/2021,33.1,16.4,0.0,22.2,Pirmahal
07/03/2021,31.6,20.0,0.0,28.7,Pirmahal
08/03/2021,29.9,18.5,0.0,20.5,Pirmahal
09/03/2021,30.5,16.0,0.0,11.8,Pirmahal
10/03/2021,32.2,16.1,0.0,11.2,Pirmahal
11/03/2021,30.8,17.5,1.5,28.5,Pirmahal
12/03/2021,27.9,16.4,0.3,24.1,Pirmahal
13/03/2021,29.8,15.5,0.0,13.3,Pirmahal
14/03/2021,30.9,15.6,0.0,13.0,Pirmahal
15/03/2021,30.0,18.0,0.0,13.2,Pirmahal
16/03/2021,31.5,18.0,0.1,13.0,Pirmahal
17/03/2021,32.6,19.0,0.0,12.6,Pirmahal
18/03/2021,32.1,17.7,0.1,19.8,Pirmahal
19/03/2021,32.5,17.1,0.0,10.5,Pirmahal
20/03/2021,33.0,18.1,0.0,9.2,Pirmahal
21/03/2021,32.0,19.6,0.3,22.2,Pirmahal
22/03/2021,29.2,17.3,18.1,20.0,Pirmahal
23/03/2021,25.5,15.4,4.6,22.4,Pirmahal
24/03/2021,26.1,14.9,0.0,15.8,Pirmahal
25/03/2021,28.2,14.9,0.0,8.0,Pirmahal
26/03/2021,30.1,16.2,0.0,8.8,Pirmahal
27/03/2021,32.4,19.0,0.0,9.4,Pirmahal
28/03/2021,35.6,19.9,0.0,14.3,Pirmahal
29/03/2021,34.7,20.6,0.0,15.0,Pirmahal
30/03/2021,32.7,19.5,0.0,19.5,Pirmahal
31/03/2021,32.2,15.9,0.0,23.2,Pirmahal
01/04/2021,32.3,16.0,0.0,21.4,Pirmahal
02/04/2021,31.5,14.9,0.0,14.1,Pirmahal
03/04/2021,33.4,17.3,0.0,15.3,Pirmahal
04/04/2021,34.8,17.6,0.0,15.5,Pirmahal
05/04/2021,34.1,21.2,0.0,21.7,Pirmahal
06/04/2021,31.8,17.8,1.7,29.2,Pirmahal
07/04/2021,30.8,14.6,0.0,10.6,Pirmahal
08/04/2021,31.2,15.1,0.0,10.5,Pirmahal
09/04/2021,33.6,18.2,0.0,13.5,Pirmahal
10/04/2021,34.8,19.0,0.0,14.1,Pirmahal
11/04/2021,36.7,20.3,0.0,11.6,Pirmahal
12/04/2021,35.8,22.0,0.0,15.9,Pirmahal
13/04/2021,36.1,21.3,0.0,12.4,Pirmahal
14/04/2021,37.5,24.0,0.0,20.6,Pirmahal
15/04/2021,35.7,22.9,0.0,22.7,Pirmahal
16/04/2021,29.0,21.6,0.4,22.8,Pirmahal
17/04/2021,31.4,17.9,0.0,13.0,Pirmahal
18/04/2021,34.1,20.1,0.0,19.4,Pirmahal
19/04/2021,34.8,21.9,0.0,14.0,Pirmahal
20/04/2021,28.8,18.8,5.7,18.7,Pirmahal
21/04/2021,30.4,18.0,0.0,13.5,Pirmahal
22/04/2021,34.2,19.4,0.0,26.3,Pirmahal
23/04/2021,30.6,19.1,0.0,29.2,Pirmahal
24/04/2021,33.0,16.8,0.0,9.9,Pirmahal
25/04/2021,36.4,19.0,0.0,10.5,Pirmahal
26/04/2021,39.0,21.7,0.0,10.5,Pirmahal
27/04/2021,41.1,24.2,0.0,12.8,Pirmahal
28/04/2021,40.3,25.0,0.0,24.1,Pirmahal
29/04/2021,40.0,25.1,0.0,13.2,Pirmahal
30/04/2021,39.3,24.1,0.0,23.5,Pirmahal
01/05/2021,38.5,24.6,0.0,24.9,Pirmahal
02/05/2021,39.3,25.8,0.0,21.0,Pirmahal
03/05/2021,38.5,24.0,0.0,11.8,Pirmahal
04/05/2021,39.2,24.5,0.0,22.5,Pirmahal
05/05/2021,37.2,25.4,0.0,18.9,Pirmahal
06/05/2021,33.9,23.4,0.0,16.6,Pirmahal
07/05/2021,35.8,21.8,0.0,16.1,Pirmahal
08/05/2021,38.6,25.0,0.0,14.6,Pirmahal
09/05/2021,39.0,26.3,0.0,16.4,Pirmahal
10/05/2021,39.5,26.6,0.0,15.0,Pirmahal
11/05/2021,38.9,25.5,0.0,17.1,Pirmahal
12/05/2021,36.6,26.0,0.1,27.0,Pirmahal
13/05/2021,36.2,25.0,0.0,22.2,Pirmahal
14/05/2021,36.2,24.0,0.2,27.8,Pirmahal
15/05/2021,36.8,25.2,0.0,18.4,Pirmahal
16/05/2021,38.5,24.6,0.0,10.4,Pirmahal
17/05/2021,39.2,25.6,0.0,14.2,Pirmahal
18/05/2021,39.2,24.9,0.0,15.0,Pirmahal
19/05/2021,36.8,25.2,0.0,18.6,Pirmahal
20/05/2021,38.5,24.2,0.0,14.9,Pirmahal
21/05/2021,37.9,26.6,0.0,15.9,Pirmahal
22/05/2021,38.2,25.9,0.0,18.4,Pirmahal
23/05/2021,36.1,23.4,0.0,18.1,Pirmahal
24/05/2021,37.6,24.2,0.0,8.2,Pirmahal
25/05/2021,38.7,25.3,0.0,10.8,Pirmahal
26/05/2021,40.2,25.2,0.0,9.1,Pirmahal
27/05/2021,42.5,26.5,0.0,9.7,Pirmahal
28/05/2021,43.9,27.4,0.0,11.5,Pirmahal
29/05/2021,43.0,28.9,0.0,10.7,Pirmahal
30/05/2021,42.8,28.3,0.0,15.8,Pirmahal
31/05/2021,41.1,28.2,0.0,28.7,Pirmahal
01/06/2021,32.2,24.1,23.7,29.6,Pirmahal
02/06/2021,37.2,25.7,0.2,18.1,Pirmahal
03/06/2021,38.0,27.1,0.0,16.1,Pirmahal
04/06/2021,36.3,26.1,0.0,15.3,Pirmahal
05/06/2021,38.6,26.1,0.0,17.3,Pirmahal
06/06/2021,40.7,27.8,0.0,13.2,Pirmahal
07/06/2021,42.6,29.6,0.0,15.8,Pirmahal
08/06/2021,42.3,30.8,0.0,18.1,Pirmahal
09/06/2021,42.8,31.1,0.0,18.4,Pirmahal
10/06/2021,41.8,31.8,0.0,16.3,Pirmahal
11/06/2021,40.5,31.7,0.0,15.8,Pirmahal
12/06/2021,41.9,31.0,0.0,11.0,Pirmahal
13/06/2021,36.4,28.9,9.6,30.9,Pirmahal
14/06/2021,36.3,28.5,0.3,14.8,Pirmahal
15/06/2021,34.2,26.6,4.2,14.0,Pirmahal
16/06/2021,35.0,24.8,0.0,16.6,Pirmahal
17/06/2021,35.7,25.8,0.0,9.8,Pirmahal
18/06/2021,36.3,26.0,0.1,14.8,Pirmahal
19/06/2021,38.7,25.5,0.0,10.4,Pirmahal
20/06/2021,38.8,26.5,0.0,16.9,Pirmahal
21/06/2021,36.8,25.5,0.0,13.3,Pirmahal
22/06/2021,38.6,26.5,0.0,7.1,Pirmahal
23/06/2021,40.5,27.9,0.0,9.0,Pirmahal
24/06/2021,40.2,28.5,0.0,14.6,Pirmahal
25/06/2021,39.0,28.0,0.0,18.7,Pirmahal
26/06/2021,37.5,27.9,0.0,18.0,Pirmahal
27/06/2021,38.5,28.0,0.0,9.7,Pirmahal
28/06/2021,39.7,27.9,0.0,8.0,Pirmahal
29/06/2021,42.4,28.1,0.0,13.8,Pirmahal
30/06/2021,42.2,31.5,0.0,19.8,Pirmahal
01/07/2021,40.7,30.4,0.0,17.9,Pirmahal
02/07/2021,40.2,30.9,0.0,21.7,Pirmahal
03/07/2021,38.6,29.6,2.7,14.5,Pirmahal
04/07/2021,39.8,28.9,0.0,13.3,Pirmahal
05/07/2021,40.0,29.3,0.0,11.7,Pirmahal
06/07/2021,39.8,28.8,0.0,7.2,Pirmahal
07/07/2021,42.0,30.5,0.0,13.1,Pirmahal
08/07/2021,42.1,31.9,0.0,16.1,Pirmahal
09/07/2021,40.8,31.4,0.0,13.5,Pirmahal
10/07/2021,40.8,31.1,0.0,14.9,Pirmahal
11/07/2021,41.4,31.8,0.0,19.1,Pirmahal
12/07/2021,40.0,30.9,0.4,25.3,Pirmahal
13/07/2021,36.1,26.9,0.5,14.4,Pirmahal
14/07/2021,35.5,27.9,3.8,13.7,Pirmahal
15/07/2021,36.7,28.2,2.8,14.7,Pirmahal
16/07/2021,38.0,30.0,0.0,13.0,Pirmahal
17/07/2021,40.6,31.2,0.0,10.9,Pirmahal
18/07/2021,42.9,32.5,0.0,19.6,Pirmahal
19/07/2021,40.8,33.2,0.0,16.6,Pirmahal
20/07/2021,34.5,28.4,15.4,17.1,Pirmahal
21/07/2021,33.8,25.4,16.8,15.3,Pirmahal
22/07/2021,35.2,26.8,1.3,11.3,Pirmahal
23/07/2021,36.8,28.0,0.0,12.7,Pirmahal
24/07/2021,37.0,28.5,0.0,11.2,Pirmahal
25/07/2021,38.8,30.7,0.1,9.5,Pirmahal
26/07/2021,39.5,31.4,0.1,16.6,Pirmahal
27/07/2021,38.3,31.5,0.1,19.6,Pirmahal
28/07/2021,37.0,29.6,0.0,22.2,Pirmahal
29/07/2021,35.8,28.6,0.4,13.4,Pirmahal
30/07/2021,35.5,26.1,14.0,13.9,Pirmahal
31/07/2021,35.5,27.2,3.2,12.1,Pirmahal
01/08/2021,35.0,28.0,0.5,9.4,Pirmahal
02/08/2021,36.9,27.2,7.4,10.8,Pirmahal
03/08/2021,38.0,28.1,1.8,11.6,Pirmahal
04/08/2021,37.7,29.1,0.0,12.8,Pirmahal
05/08/2021,38.0,29.2,0.8,9.8,Pirmahal
06/08/2021,38.7,29.8,0.1,18.9,Pirmahal
07/08/2021,39.3,29.6,0.0,11.8,Pirmahal
08/08/2021,40.0,30.3,0.0,15.5,Pirmahal
09/08/2021,39.7,30.1,0.0,15.5,Pirmahal
10/08/2021,38.9,30.0,0.0,17.1,Pirmahal
11/08/2021,38.9,30.0,0.0,16.3,Pirmahal
12/08/2021,38.8,29.2,0.0,16.2,Pirmahal
13/08/2021,39.2,29.5,0.0,18.4,Pirmahal
14/08/2021,38.2,30.1,0.0,17.3,Pirmahal
15/08/2021,37.4,30.0,0.4,20.0,Pirmahal
16/08/2021,37.5,28.2,0.1,27.3,Pirmahal
17/08/2021,38.7,29.0,0.0,8.7,Pirmahal
18/08/2021,39.7,28.5,0.0,12.1,Pirmahal
19/08/2021,40.1,28.7,0.0,9.4,Pirmahal
20/08/2021,40.5,29.1,0.0,21.5,Pirmahal
21/08/2021,38.0,29.0,0.0,17.2,Pirmahal
22/08/2021,36.8,27.6,0.0,14.5,Pirmahal
23/08/2021,37.5,27.0,0.0,9.6,Pirmahal
24/08/2021,41.3,29.2,0.0,14.7,Pirmahal
25/08/2021,39.8,30.6,0.0,19.3,Pirmahal
26/08/2021,39.5,29.7,0.0,17.6,Pirmahal
27/08/2021,39.8,29.4,0.0,15.8,Pirmahal
28/08/2021,39.0,29.0,0.0,13.7,Pirmahal
29/08/2021,39.1,28.4,0.0,6.8,Pirmahal
30/08/2021,37.8,29.6,0.0,14.4,Pirmahal
31/08/2021,35.8,28.5,3.5,17.7,Pirmahal
01/09/2021,36.5,27.6,0.0,14.1,Pirmahal
02/09/2021,37.1,27.8,0.0,11.2,Pirmahal
03/09/2021,36.3,27.7,0.0,15.3,Pirmahal
04/09/2021,36.3,26.9,0.0,9.8,Pirmahal
05/09/2021,37.5,27.9,0.0,9.8,Pirmahal
06/09/2021,38.0,28.7,0.0,12.2,Pirmahal
07/09/2021,38.8,29.9,0.0,18.1,Pirmahal
08/09/2021,36.7,29.4,0.2,17.0,Pirmahal
09/09/2021,33.8,26.5,2.7,12.7,Pirmahal
10/09/2021,32.0,27.1,8.5,15.3,Pirmahal
11/09/2021,31.2,25.5,4.5,20.6,Pirmahal
12/09/2021,31.4,24.6,2.1,16.5,Pirmahal
13/09/2021,33.5,24.1,0.0,9.7,Pirmahal
14/09/2021,34.3,25.6,0.0,11.1,Pirmahal
15/09/2021,34.8,26.0,0.0,14.3,Pirmahal
16/09/2021,36.8,27.8,0.0,14.1,Pirmahal
17/09/2021,37.5,27.9,0.0,16.9,Pirmahal
18/09/2021,36.8,27.9,0.0,13.8,Pirmahal
19/09/2021,36.0,27.6,0.4,10.6,Pirmahal
20/09/2021,36.1,28.3,0.0,11.7,Pirmahal
21/09/2021,34.6,28.5,1.9,20.0,Pirmahal
22/09/2021,33.0,25.7,3.2,13.3,Pirmahal
23/09/2021,32.1,25.4,0.0,16.3,Pirmahal
24/09/2021,33.0,24.2,0.0,15.6,Pirmahal
25/09/2021,34.4,24.4,0.0,9.8,Pirmahal
26/09/2021,35.7,25.5,0.0,8.4,Pirmahal
27/09/2021,35.8,26.8,0.0,10.2,Pirmahal
28/09/2021,35.5,26.5,0.0,10.6,Pirmahal
29/09/2021,35.8,27.4,0.0,11.6,Pirmahal
30/09/2021,36.6,27.4,0.0,10.1,Pirmahal
01/10/2021,37.4,28.3,0.0,12.4,Pirmahal
02/10/2021,37.4,28.4,0.0,14.8,Pirmahal
03/10/2021,37.3,27.7,0.0,13.5,Pirmahal
04/10/2021,35.3,27.1,2.3,11.0,Pirmahal
05/10/2021,34.8,25.9,1.4,11.9,Pirmahal
06/10/2021,35.6,24.9,0.0,8.6,Pirmahal
07/10/2021,36.3,23.1,0.0,11.3,Pirmahal
08/10/2021,37.2,24.3,0.0,15.3,Pirmahal
09/10/2021,37.1,23.9,0.0,10.0,Pirmahal
10/10/2021,36.2,24.5,0.0,14.8,Pirmahal
11/10/2021,33.3,22.0,0.0,19.7,Pirmahal
12/10/2021,34.0,22.5,0.0,13.6,Pirmahal
13/10/2021,33.8,19.5,0.0,14.2,Pirmahal
14/10/2021,34.2,19.7,0.0,10.5,Pirmahal
15/10/2021,33.0,17.7,0.0,10.4,Pirmahal
16/10/2021,33.0,17.3,0.0,9.7,Pirmahal
17/10/2021,32.8,17.5,0.0,11.3,Pirmahal
18/10/2021,30.6,19.5,0.1,11.9,Pirmahal
19/10/2021,32.7,19.6,0.0,8.1,Pirmahal
20/10/2021,33.2,18.3,0.0,12.4,Pirmahal
21/10/2021,31.8,17.5,0.0,12.7,Pirmahal
22/10/2021,31.8,20.0,0.0,23.7,Pirmahal
23/10/2021,29.4,19.9,0.0,25.8,Pirmahal
24/10/2021,25.6,17.9,0.2,16.0,Pirmahal
25/10/2021,26.9,16.5,0.0,12.8,Pirmahal
26/10/2021,27.7,15.6,0.0,9.5,Pirmahal
27/10/2021,29.0,17.6,0.0,9.2,Pirmahal
28/10/2021,29.5,17.3,0.0,9.8,Pirmahal
29/10/2021,31.0,17.1,0.0,9.9,Pirmahal
30/10/2021,30.9,16.6,0.0,9.8,Pirmahal
31/10/2021,30.4,15.7,0.0,12.4,Pirmahal
01/11/2021,29.1,17.7,0.0,14.8,Pirmahal
02/11/2021,27.8,18.7,0.0,20.0,Pirmahal
03/11/2021,28.5,14.8,0.0,13.0,Pirmahal
04/11/2021,28.8,13.9,0.0,11.0,Pirmahal
05/11/2021,29.1,16.9,0.0,15.3,Pirmahal
06/11/2021,27.7,14.8,0.0,10.3,Pirmahal
07/11/2021,28.5,15.0,0.0,8.4,Pirmahal
08/11/2021,29.0,14.9,0.0,8.4,Pirmahal
09/11/2021,29.5,15.4,0.0,10.4,Pirmahal
10/11/2021,28.9,15.1,0.0,12.0,Pirmahal
11/11/2021,29.1,14.4,0.0,10.7,Pirmahal
12/11/2021,28.5,14.0,0.0,10.1,Pirmahal
13/11/2021,29.0,12.9,0.0,10.7,Pirmahal
14/11/2021,28.7,13.7,0.0,19.8,Pirmahal
15/11/2021,27.3,12.4,0.0,11.0,Pirmahal
16/11/2021,26.6,11.1,0.0,11.4,Pirmahal
17/11/2021,26.9,10.6,0.0,11.0,Pirmahal
18/11/2021,25.9,10.1,0.0,10.6,Pirmahal
19/11/2021,25.9,10.9,0.0,10.2,Pirmahal
20/11/2021,25.7,10.1,0.0,10.1,Pirmahal
21/11/2021,26.2,10.9,0.0,10.7,Pirmahal
22/11/2021,26.2,11.1,0.0,11.2,Pirmahal
23/11/2021,27.3,9.6,0.0,11.8,Pirmahal
24/11/2021,26.0,12.1,0.0,10.5,Pirmahal
25/11/2021,26.5,12.9,0.0,9.8,Pirmahal
26/11/2021,26.6,10.7,0.0,10.9,Pirmahal
27/11/2021,27.0,12.7,0.0,12.7,Pirmahal
28/11/2021,26.5,12.1,0.0,10.1,Pirmahal
29/11/2021,25.2,10.9,0.0,10.5,Pirmahal
30/11/2021,25.0,10.4,0.0,10.2,Pirmahal
01/12/2021,25.2,10.6,0.0,8.8,Pirmahal
02/12/2021,24.9,12.5,0.0,11.1,Pirmahal
03/12/2021,24.2,9.4,0.0,9.4,Pirmahal
04/12/2021,24.1,9.8,0.0,9.7,Pirmahal
05/12/2021,24.2,10.0,0.0,9.8,Pirmahal
06/12/2021,23.6,10.5,0.0,9.7,Pirmahal
07/12/2021,23.5,10.3,0.0,10.5,Pirmahal
08/12/2021,23.4,8.9,0.0,9.1,Pirmahal
09/12/2021,23.9,8.6,0.0,10.9,Pirmahal
10/12/2021,23.6,8.9,0.0,11.5,Pirmahal
11/12/2021,23.6,8.9,0.0,11.2,Pirmahal
12/12/2021,22.8,8.1,0.0,10.7,Pirmahal
13/12/2021,21.6,7.1,0.0,9.5,Pirmahal
14/12/2021,21.1,7.1,0.0,8.9,Pirmahal
15/12/2021,20.6,6.3,0.0,10.3,Pirmahal
16/12/2021,18.9,9.0,0.6,15.0,Pirmahal
17/12/2021,19.1,4.7,0.0,8.3,Pirmahal
18/12/2021,18.8,3.7,0.0,10.0,Pirmahal
19/12/2021,19.2,2.8,0.0,9.8,Pirmahal
20/12/2021,20.0,4.9,0.0,11.1,Pirmahal
21/12/2021,20.0,5.6,0.0,9.4,Pirmahal
22/12/2021,20.3,6.1,0.0,8.8,Pirmahal
23/12/2021,21.0,9.4,0.0,10.4,Pirmahal
24/12/2021,20.9,6.7,0.0,10.4,Pirmahal
25/12/2021,20.5,6.4,0.0,8.7,Pirmahal
26/12/2021,20.4,9.8,0.8,11.3,Pirmahal
27/12/2021,19.2,9.1,0.0,9.0,Pirmahal
28/12/2021,19.2,7.7,0.0,10.7,Pirmahal
29/12/2021,19.1,5.1,0.0,11.0,Pirmahal
30/12/2021,19.8,7.1,0.0,9.5,Pirmahal
31/12/2021,19.8,6.9,0.0,7.6,Pirmahal
01/01/2022,19.8,6.8,0.0,8.7,Pirmahal
02/01/2022,20.2,6.3,0.0,9.7,Pirmahal
03/01/2022,20.9,8.3,0.0,7.9,Pirmahal
04/01/2022,19.9,10.9,1.1,10.3,Pirmahal
05/01/2022,17.1,11.6,5.8,10.7,Pirmahal
06/01/2022,17.0,8.9,0.2,9.7,Pirmahal
07/01/2022,14.4,8.8,9.3,7.9,Pirmahal
08/01/2022,15.3,7.4,0.3,10.0,Pirmahal
09/01/2022,15.4,6.6,0.2,7.5,Pirmahal
10/01/2022,17.9,6.8,0.0,8.7,Pirmahal
11/01/2022,18.5,6.5,0.0,11.0,Pirmahal
12/01/2022,18.5,5.7,0.0,9.9,Pirmahal
13/01/2022,19.4,7.3,0.0,9.2,Pirmahal
14/01/2022,20.2,7.4,0.0,8.8,Pirmahal
15/01/2022,19.6,6.3,0.0,9.4,Pirmahal
16/01/2022,18.8,7.1,0.0,7.4,Pirmahal
17/01/2022,18.0,9.0,0.0,7.1,Pirmahal
18/01/2022,19.1,7.6,0.0,8.6,Pirmahal
19/01/2022,19.4,10.9,0.0,11.3,Pirmahal
20/01/2022,18.8,10.2,0.7,8.2,Pirmahal
21/01/2022,17.7,8.6,1.1,13.0,Pirmahal
22/01/2022,14.8,10.2,4.3,17.3,Pirmahal
23/01/2022,15.9,8.6,0.1,14.8,Pirmahal
24/01/2022,17.1,6.9,0.2,10.0,Pirmahal
25/01/2022,17.9,7.1,0.0,10.0,Pirmahal
26/01/2022,18.3,5.4,0.0,10.1,Pirmahal
27/01/2022,19.0,5.2,0.0,10.1,Pirmahal
28/01/2022,19.4,5.3,0.0,10.4,Pirmahal
29/01/2022,20.3,6.4,0.0,9.7,Pirmahal
30/01/2022,20.5,6.5,0.0,8.8,Pirmahal
31/01/2022,22.2,7.6,0.0,10.4,Pirmahal
01/02/2022,22.4,8.2,0.0,9.8,Pirmahal
02/02/2022,22.4,8.6,1.9,19.8,Pirmahal
03/02/2022,18.5,9.4,5.9,18.4,Pirmahal
04/02/2022,20.2,7.2,0.0,11.4,Pirmahal
05/02/2022,20.0,7.7,0.0,12.7,Pirmahal
06/02/2022,20.5,8.0,0.0,12.6,Pirmahal
07/02/2022,21.2,9.4,0.0,12.7,Pirmahal
08/02/2022,21.0,7.6,0.0,10.1,Pirmahal
09/02/2022,20.5,9.0,0.0,10.7,Pirmahal
10/02/2022,22.2,8.4,0.0,13.0,Pirmahal
11/02/2022,23.0,9.1,0.0,10.6,Pirmahal
12/02/2022,23.6,8.3,0.0,10.7,Pirmahal
13/02/2022,24.5,9.2,0.0,9.7,Pirmahal
14/02/2022,24.9,9.3,0.0,9.5,Pirmahal
15/02/2022,24.7,10.6,0.0,10.1,Pirmahal
16/02/2022,24.9,11.4,0.0,11.9,Pirmahal
17/02/2022,24.7,11.4,0.0,11.7,Pirmahal
18/02/2022,22.9,11.2,0.0,16.6,Pirmahal
19/02/2022,24.5,9.9,0.0,10.0,Pirmahal
20/02/2022,25.9,11.1,0.0,21.2,Pirmahal
21/02/2022,26.7,10.8,0.0,12.8,Pirmahal
22/02/2022,24.9,14.7,0.0,24.3,Pirmahal
23/02/2022,23.6,10.4,0.0,12.5,Pirmahal
24/02/2022,23.8,12.2,0.0,9.0,Pirmahal
25/02/2022,21.8,12.8,1.0,22.7,Pirmahal
26/02/2022,21.5,11.6,4.7,14.3,Pirmahal
27/02/2022,22.4,9.4,0.0,9.9,Pirmahal
28/02/2022,24.0,10.1,0.0,8.6,Pirmahal
01/03/2022,25.2,12.9,0.1,14.3,Pirmahal
02/03/2022,22.1,12.6,3.5,16.1,Pirmahal
03/03/2022,23.0,13.4,15.3,15.5,Pirmahal
04/03/2022,24.5,11.3,0.0,8.8,Pirmahal
05/03/2022,26.1,12.4,0.0,12.2,Pirmahal
06/03/2022,27.8,15.4,0.0,17.4,Pirmahal
07/03/2022,26.5,14.4,1.8,32.5,Pirmahal
08/03/2022,28.0,13.9,0.0,11.0,Pirmahal
09/03/2022,28.4,14.2,0.0,9.2,Pirmahal
10/03/2022,29.9,15.4,0.0,10.7,Pirmahal
11/03/2022,31.4,16.8,0.0,11.3,Pirmahal
12/03/2022,32.8,17.3,0.0,13.5,Pirmahal
13/03/2022,34.0,18.0,0.0,9.2,Pirmahal
14/03/2022,35.3,19.8,0.0,11.1,Pirmahal
15/03/2022,35.7,20.0,0.0,12.2,Pirmahal
16/03/2022,37.6,21.1,0.0,11.5,Pirmahal
17/03/2022,38.8,19.8,0.0,11.1,Pirmahal
18/03/2022,38.9,21.2,0.0,15.3,Pirmahal
19/03/2022,35.4,21.8,0.0,19.9,Pirmahal
20/03/2022,36.2,22.0,0.0,15.3,Pirmahal
21/03/2022,37.5,19.0,0.0,14.8,Pirmahal
22/03/2022,36.4,19.7,0.0,14.9,Pirmahal
23/03/2022,35.2,20.9,0.0,15.9,Pirmahal
24/03/2022,35.4,19.8,0.0,14.8,Pirmahal
25/03/2022,36.0,20.0,0.0,13.4,Pirmahal
26/03/2022,37.0,21.4,0.0,16.7,Pirmahal
27/03/2022,38.2,19.7,0.0,15.2,Pirmahal
28/03/2022,38.9,22.2,0.0,14.2,Pirmahal
29/03/2022,38.5,21.5,0.0,13.8,Pirmahal
30/03/2022,38.2,21.2,0.0,12.3,Pirmahal
31/03/2022,38.3,20.0,0.0,16.2,Pirmahal
01/04/2022,38.3,19.7,0.0,15.2,Pirmahal
02/04/2022,38.5,21.4,0.0,16.3,Pirmahal
03/04/2022,38.8,19.0,0.0,11.9,Pirmahal
04/04/2022,39.4,20.8,0.0,16.2,Pirmahal
05/04/2022,40.3,22.2,0.0,11.1,Pirmahal
06/04/2022,41.0,22.0,0.0,12.9,Pirmahal
07/04/2022,42.4,22.8,0.0,14.6,Pirmahal
08/04/2022,42.8,23.7,0.0,16.0,Pirmahal
09/04/2022,42.7,24.9,0.0,17.2,Pirmahal
10/04/2022,43.7,23.2,0.0,15.5,Pirmahal
11/04/2022,43.2,24.0,0.0,17.4,Pirmahal
12/04/2022,41.5,27.8,0.0,15.5,Pirmahal
13/04/2022,38.5,25.7,0.0,16.3,Pirmahal
14/04/2022,38.8,23.3,0.0,24.0,Pirmahal
15/04/2022,39.7,23.5,0.0,11.5,Pirmahal
16/04/2022,40.8,24.1,0.0,11.7,Pirmahal
17/04/2022,42.1,25.8,0.0,14.8,Pirmahal
18/04/2022,42.3,25.6,0.0,22.0,Pirmahal
19/04/2022,41.4,26.0,0.0,19.9,Pirmahal
20/04/2022,39.8,26.5,0.0,16.2,Pirmahal
21/04/2022,39.3,24.8,0.0,22.0,Pirmahal
22/04/2022,37.1,22.9,0.0,22.4,Pirmahal
23/04/2022,38.3,23.8,0.0,14.8,Pirmahal
24/04/2022,39.9,24.4,0.0,19.2,Pirmahal
25/04/2022,40.8,25.5,0.0,21.6,Pirmahal
26/04/2022,42.3,26.2,0.0,14.0,Pirmahal
27/04/2022,43.6,25.4,0.0,18.1,Pirmahal
28/04/2022,44.9,26.7,0.0,17.8,Pirmahal
29/04/2022,44.1,27.2,0.0,15.5,Pirmahal
30/04/2022,44.5,26.9,0.0,16.1,Pirmahal
01/05/2022,45.9,27.5,0.0,18.3,Pirmahal
02/05/2022,45.5,29.0,0.0,21.0,Pirmahal
03/05/2022,40.2,29.0,0.0,21.3,Pirmahal
04/05/2022,39.3,27.2,0.0,18.6,Pirmahal
05/05/2022,39.8,26.4,0.0,18.4,Pirmahal
06/05/2022,41.8,26.3,0.0,10.2,Pirmahal
07/05/2022,42.7,26.3,0.0,11.8,Pirmahal
08/05/2022,44.0,26.7,0.0,15.5,Pirmahal
09/05/2022,43.8,28.0,0.0,13.4,Pirmahal
10/05/2022,43.9,28.0,0.0,16.3,Pirmahal
11/05/2022,43.9,28.8,0.0,15.1,Pirmahal
12/05/2022,44.5,29.0,0.0,20.7,Pirmahal
13/05/2022,45.5,27.1,0.0,15.3,Pirmahal
14/05/2022,46.5,28.0,0.0,16.4,Pirmahal
15/05/2022,46.2,28.1,0.0,16.5,Pirmahal
16/05/2022,42.2,29.7,0.0,21.1,Pirmahal
17/05/2022,43.0,28.3,0.0,11.8,Pirmahal
18/05/2022,42.9,29.0,0.0,14.7,Pirmahal
19/05/2022,45.0,29.7,0.0,21.4,Pirmahal
20/05/2022,42.2,27.0,0.0,17.7,Pirmahal
21/05/2022,41.4,26.6,0.0,14.3,Pirmahal
22/05/2022,42.8,25.5,0.0,20.4,Pirmahal
23/05/2022,36.2,26.6,0.7,28.8,Pirmahal
24/05/2022,36.8,24.0,0.0,16.5,Pirmahal
25/05/2022,38.0,24.2,0.0,11.4,Pirmahal
26/05/2022,42.0,27.2,0.0,16.2,Pirmahal
27/05/2022,43.8,29.6,0.0,16.1,Pirmahal
28/05/2022,42.5,29.9,0.0,24.2,Pirmahal
29/05/2022,42.7,28.0,0.0,23.1,Pirmahal
30/05/2022,41.8,28.5,0.0,19.9,Pirmahal
31/05/2022,43.2,27.5,0.0,17.1,Pirmahal
01/06/2022,43.0,28.0,0.0,20.1,Pirmahal
02/06/2022,44.1,26.9,0.0,11.7,Pirmahal
03/06/2022,45.0,26.9,0.0,13.6,Pirmahal
04/06/2022,45.4,27.7,0.0,12.7,Pirmahal
05/06/2022,45.0,27.6,0.0,17.2,Pirmahal
06/06/2022,45.6,30.1,0.0,20.1,Pirmahal
07/06/2022,45.3,30.1,0.0,16.9,Pirmahal
08/06/2022,45.2,31.5,0.0,18.9,Pirmahal
09/06/2022,45.7,31.5,0.0,16.1,Pirmahal
10/06/2022,44.0,33.3,0.0,20.9,Pirmahal
11/06/2022,43.3,32.6,0.0,24.3,Pirmahal
12/06/2022,43.8,29.8,0.2,15.8,Pirmahal
13/06/2022,42.3,31.9,0.0,20.3,Pirmahal
14/06/2022,44.5,30.9,0.0,18.8,Pirmahal
15/06/2022,45.0,32.5,0.0,20.2,Pirmahal
16/06/2022,43.1,33.5,0.0,21.3,Pirmahal
17/06/2022,37.5,25.8,8.3,21.0,Pirmahal
18/06/2022,33.7,26.6,13.3,15.5,Pirmahal
19/06/2022,33.7,25.0,2.5,11.5,Pirmahal
20/06/2022,35.3,26.2,1.1,11.5,Pirmahal
21/06/2022,27.8,20.9,28.8,20.3,Pirmahal
22/06/2022,32.2,20.2,7.7,12.5,Pirmahal
23/06/2022,34.7,24.2,0.0,13.1,Pirmahal
24/06/2022,38.1,25.2,0.0,8.7,Pirmahal
25/06/2022,39.5,25.5,0.0,11.5,Pirmahal
26/06/2022,40.0,26.0,0.0,14.5,Pirmahal
27/06/2022,41.0,29.5,0.0,13.0,Pirmahal
28/06/2022,42.4,30.0,0.0,8.9,Pirmahal
29/06/2022,42.4,30.7,0.0,18.7,Pirmahal
30/06/2022,40.8,32.5,0.0,19.9,Pirmahal
01/07/2022,35.5,28.7,0.1,22.3,Pirmahal
02/07/2022,36.8,27.5,1.6,14.0,Pirmahal
03/07/2022,36.3,30.1,0.5,15.6,Pirmahal
04/07/2022,38.0,29.2,0.4,11.2,Pirmahal
05/07/2022,39.2,31.0,0.0,11.3,Pirmahal
06/07/2022,40.2,31.6,1.9,17.5,Pirmahal
07/07/2022,38.4,29.8,5.9,12.9,Pirmahal
08/07/2022,40.8,31.5,0.7,10.9,Pirmahal
09/07/2022,38.8,28.6,13.4,22.4,Pirmahal
10/07/2022,35.5,28.0,6.6,21.6,Pirmahal
11/07/2022,37.2,28.9,1.4,11.8,Pirmahal
12/07/2022,38.8,30.0,0.0,14.3,Pirmahal
13/07/2022,39.0,28.9,1.1,18.6,Pirmahal
14/07/2022,33.8,26.5,8.1,16.6,Pirmahal
15/07/2022,30.9,23.4,19.0,23.5,Pirmahal
16/07/2022,36.1,26.3,7.1,13.0,Pirmahal
17/07/2022,32.5,27.0,15.7,16.2,Pirmahal
18/07/2022,35.7,27.4,0.3,8.2,Pirmahal
19/07/2022,37.6,29.1,0.1,9.4,Pirmahal
20/07/2022,38.0,27.8,4.0,20.1,Pirmahal
21/07/2022,35.5,26.6,15.8,21.5,Pirmahal
22/07/2022,30.5,25.6,28.6,22.9,Pirmahal
23/07/2022,30.9,26.5,16.0,17.3,Pirmahal
24/07/2022,32.5,26.0,19.2,15.1,Pirmahal
25/07/2022,32.8,25.5,13.3,16.3,Pirmahal
26/07/2022,34.5,26.3,1.4,12.3,Pirmahal
27/07/2022,34.1,27.2,0.4,13.8,Pirmahal
28/07/2022,32.2,26.8,15.4,13.6,Pirmahal
29/07/2022,31.9,25.5,7.6,9.5,Pirmahal
30/07/2022,32.0,25.3,5.2,8.9,Pirmahal
31/07/2022,32.5,26.2,15.9,13.8,Pirmahal
01/08/2022,31.0,25.0,29.7,12.4,Pirmahal
02/08/2022,34.4,26.8,0.1,10.6,Pirmahal
03/08/2022,34.0,27.0,0.3,10.5,Pirmahal
04/08/2022,36.3,27.5,0.0,10.1,Pirmahal
05/08/2022,34.2,27.7,0.1,16.7,Pirmahal
06/08/2022,33.8,26.9,0.0,9.8,Pirmahal
07/08/2022,35.3,27.5,0.1,11.4,Pirmahal
08/08/2022,35.3,27.2,0.3,12.5,Pirmahal
09/08/2022,36.5,28.2,0.0,9.3,Pirmahal
10/08/2022,36.9,28.8,0.0,7.8,Pirmahal
11/08/2022,34.5,29.6,1.7,20.7,Pirmahal
12/08/2022,36.0,27.7,0.0,16.2,Pirmahal
13/08/2022,37.3,28.0,0.0,16.3,Pirmahal
14/08/2022,35.3,29.0,0.2,16.6,Pirmahal
15/08/2022,35.2,27.2,1.4,14.1,Pirmahal
16/08/2022,35.3,26.9,0.1,13.7,Pirmahal
17/08/2022,32.0,26.9,11.0,25.6,Pirmahal
18/08/2022,34.5,26.1,1.3,16.5,Pirmahal
19/08/2022,34.4,26.6,0.2,16.0,Pirmahal
20/08/2022,35.3,26.6,0.0,16.4,Pirmahal
21/08/2022,35.3,26.2,0.1,16.0,Pirmahal
22/08/2022,36.0,26.4,0.2,8.1,Pirmahal
23/08/2022,38.3,29.2,3.1,16.5,Pirmahal
24/08/2022,35.0,29.2,0.5,27.4,Pirmahal
25/08/2022,32.9,27.5,4.2,17.7,Pirmahal
26/08/2022,34.7,26.5,0.1,12.5,Pirmahal
27/08/2022,35.2,26.7,0.3,13.1,Pirmahal
28/08/2022,35.3,27.2,0.4,10.5,Pirmahal
29/08/2022,34.0,27.5,3.1,11.5,Pirmahal
30/08/2022,36.7,25.5,3.3,16.8,Pirmahal
31/08/2022,38.2,27.4,0.0,8.2,Pirmahal
01/09/2022,38.0,27.5,0.0,10.9,Pirmahal
02/09/2022,38.3,27.8,0.0,13.2,Pirmahal
03/09/2022,38.4,27.8,0.0,13.9,Pirmahal
04/09/2022,36.8,28.0,0.0,15.5,Pirmahal
05/09/2022,35.5,26.5,4.0,14.7,Pirmahal
06/09/2022,34.9,25.7,0.0,8.8,Pirmahal
07/09/2022,36.2,26.6,0.0,11.7,Pirmahal
08/09/2022,36.8,27.0,0.0,9.4,Pirmahal
09/09/2022,37.5,27.5,0.0,10.7,Pirmahal
10/09/2022,38.1,28.1,0.0,13.7,Pirmahal
11/09/2022,36.8,28.5,0.4,14.3,Pirmahal
12/09/2022,35.8,26.4,9.7,11.8,Pirmahal
13/09/2022,36.0,25.8,0.8,30.4,Pirmahal
14/09/2022,37.0,26.9,0.0,9.1,Pirmahal
15/09/2022,37.5,26.9,0.0,10.5,Pirmahal
16/09/2022,37.5,27.5,0.0,18.3,Pirmahal
17/09/2022,36.5,26.1,0.0,14.0,Pirmahal
18/09/2022,37.6,26.4,0.0,10.7,Pirmahal
19/09/2022,37.0,25.9,0.0,10.5,Pirmahal
20/09/2022,37.0,26.0,0.0,11.6,Pirmahal
21/09/2022,37.8,26.0,0.0,16.2,Pirmahal
22/09/2022,37.4,25.3,0.0,9.7,Pirmahal
23/09/2022,37.2,26.2,0.0,16.7,Pirmahal
24/09/2022,34.2,25.0,0.0,18.9,Pirmahal
25/09/2022,34.8,23.8,0.0,18.8,Pirmahal
26/09/2022,32.5,22.9,1.0,19.1,Pirmahal
27/09/2022,34.3,24.5,0.0,7.9,Pirmahal
28/09/2022,35.3,24.9,0.0,9.7,Pirmahal
29/09/2022,36.0,24.2,0.0,8.7,Pirmahal
30/09/2022,36.7,23.5,0.0,9.4,Pirmahal
01/10/2022,37.0,24.0,0.0,15.3,Pirmahal
02/10/2022,36.7,24.6,0.0,18.7,Pirmahal
03/10/2022,36.3,23.5,0.0,14.8,Pirmahal
04/10/2022,35.6,22.6,0.0,9.5,Pirmahal
05/10/2022,36.1,22.0,0.0,10.2,Pirmahal
06/10/2022,36.8,24.5,0.0,16.1,Pirmahal
07/10/2022,34.8,23.5,0.0,14.1,Pirmahal
08/10/2022,34.2,22.9,0.0,14.8,Pirmahal
09/10/2022,33.8,21.9,0.0,12.3,Pirmahal
10/10/2022,32.0,22.5,0.0,10.8,Pirmahal
11/10/2022,33.2,21.8,0.0,12.6,Pirmahal
12/10/2022,33.6,21.8,0.0,11.1,Pirmahal
13/10/2022,34.2,20.8,0.0,10.9,Pirmahal
14/10/2022,33.8,19.3,0.0,9.8,Pirmahal
15/10/2022,34.0,18.1,0.0,9.2,Pirmahal
16/10/2022,35.3,18.9,0.0,11.7,Pirmahal
17/10/2022,35.6,19.4,0.0,11.0,Pirmahal
18/10/2022,34.0,19.0,0.0,11.3,Pirmahal
19/10/2022,35.1,17.8,0.0,12.2,Pirmahal
20/10/2022,32.0,20.1,0.0,18.9,Pirmahal
21/10/2022,31.6,18.8,0.0,14.1,Pirmahal
22/10/2022,32.4,17.9,0.0,8.4,Pirmahal
23/10/2022,32.8,17.9,0.0,9.0,Pirmahal
24/10/2022,32.8,17.6,0.0,9.0,Pirmahal
25/10/2022,33.4,18.4,0.0,7.5,Pirmahal
26/10/2022,34.0,19.0,0.0,9.7,Pirmahal
27/10/2022,33.5,19.2,0.0,10.7,Pirmahal
28/10/2022,33.5,18.6,0.0,9.0,Pirmahal
29/10/2022,34.4,19.3,0.0,11.3,Pirmahal
30/10/2022,34.2,18.1,0.0,11.0,Pirmahal
31/10/2022,33.2,19.5,0.0,15.4,Pirmahal
01/11/2022,31.6,19.4,0.0,11.9,Pirmahal
02/11/2022,32.8,19.2,0.0,9.3,Pirmahal
03/11/2022,33.7,19.8,0.0,8.7,Pirmahal
04/11/2022,34.2,20.6,0.0,10.3,Pirmahal
05/11/2022,32.6,20.2,0.1,29.5,Pirmahal
06/11/2022,29.1,18.6,0.2,20.0,Pirmahal
07/11/2022,27.9,17.4,0.0,14.8,Pirmahal
08/11/2022,28.5,16.5,0.0,9.3,Pirmahal
09/11/2022,30.0,17.6,1.5,15.7,Pirmahal
10/11/2022,27.7,16.7,0.6,23.6,Pirmahal
11/11/2022,27.1,15.5,0.0,9.0,Pirmahal
12/11/2022,28.4,15.2,0.0,8.3,Pirmahal
13/11/2022,29.1,16.4,0.0,15.0,Pirmahal
14/11/2022,24.1,16.5,1.2,18.7,Pirmahal
15/11/2022,24.1,14.0,0.0,14.9,Pirmahal
16/11/2022,25.4,12.4,0.0,8.3,Pirmahal
17/11/2022,26.1,11.9,0.0,10.6,Pirmahal
18/11/2022,26.6,11.6,0.0,8.7,Pirmahal
19/11/2022,26.6,14.1,0.0,10.9,Pirmahal
20/11/2022,25.5,12.4,0.0,10.3,Pirmahal
21/11/2022,26.4,11.8,0.0,11.4,Pirmahal
22/11/2022,27.1,12.0,0.0,12.0,Pirmahal
23/11/2022,26.6,11.1,0.0,10.5,Pirmahal
24/11/2022,27.8,11.1,0.0,10.5,Pirmahal
25/11/2022,27.6,11.4,0.0,10.8,Pirmahal
26/11/2022,26.5,9.8,0.0,10.2,Pirmahal
27/11/2022,25.9,11.1,0.0,8.3,Pirmahal
28/11/2022,26.0,10.0,0.0,9.5,Pirmahal
29/11/2022,26.1,10.8,0.0,10.6,Pirmahal
30/11/2022,25.5,10.3,0.0,9.7,Pirmahal
01/12/2022,25.0,10.1,0.0,10.1,Pirmahal
02/12/2022,25.0,12.4,0.0,9.8,Pirmahal
03/12/2022,25.0,10.7,0.0,8.4,Pirmahal
04/12/2022,24.4,10.8,0.0,9.3,Pirmahal
05/12/2022,24.0,9.3,0.0,8.2,Pirmahal
06/12/2022,23.4,10.0,0.0,9.4,Pirmahal
07/12/2022,23.8,10.8,0.0,9.8,Pirmahal
08/12/2022,23.9,10.8,0.0,9.9,Pirmahal
09/12/2022,24.5,12.5,0.0,10.5,Pirmahal
10/12/2022,24.2,12.6,0.0,10.1,Pirmahal
11/12/2022,24.2,11.8,0.0,10.2,Pirmahal
12/12/2022,24.2,9.8,0.0,8.5,Pirmahal
13/12/2022,23.6,10.4,0.0,12.5,Pirmahal
14/12/2022,23.6,7.9,0.0,10.9,Pirmahal
15/12/2022,23.8,10.2,0.0,9.6,Pirmahal
16/12/2022,23.5,7.6,0.0,11.5,Pirmahal
17/12/2022,23.5,8.1,0.0,10.0,Pirmahal
18/12/2022,23.2,7.8,0.0,9.8,Pirmahal
19/12/2022,22.9,7.9,0.0,9.9,Pirmahal
20/12/2022,22.3,7.9,0.0,8.5,Pirmahal
21/12/2022,22.0,7.6,0.0,7.4,Pirmahal
22/12/2022,21.4,7.6,0.0,8.9,Pirmahal
23/12/2022,20.2,7.1,0.0,10.2,Pirmahal
24/12/2022,18.9,6.6,0.0,10.1,Pirmahal
25/12/2022,15.1,5.8,0.0,9.5,Pirmahal
26/12/2022,17.0,5.1,0.0,5.9,Pirmahal
27/12/2022,18.2,5.9,0.0,9.8,Pirmahal
28/12/2022,20.5,6.6,0.0,11.7,Pirmahal
29/12/2022,18.9,11.2,5.9,12.1,Pirmahal
30/12/2022,18.4,8.7,0.0,12.9,Pirmahal
31/12/2022,19.4,5.8,0.0,11.3,Pirmahal
01/01/2023,19.9,6.8,0.0,9.7,Pirmahal
02/01/2023,19.5,6.6,0.0,10.5,Pirmahal
03/01/2023,19.4,5.1,0.0,10.5,Pirmahal
04/01/2023,19.9,5.8,0.0,11.2,Pirmahal
05/01/2023,19.2,4.2,0.0,10.5,Pirmahal
06/01/2023,17.6,3.8,0.0,8.2,Pirmahal
07/01/2023,17.6,4.8,0.0,11.0,Pirmahal
08/01/2023,15.6,5.2,0.0,8.6,Pirmahal
09/01/2023,18.9,5.7,0.0,9.8,Pirmahal
10/01/2023,19.5,6.8,0.0,9.3,Pirmahal
11/01/2023,18.1,9.2,0.0,12.3,Pirmahal
12/01/2023,17.9,8.3,0.1,13.0,Pirmahal
13/01/2023,14.9,6.2,0.0,15.5,Pirmahal
14/01/2023,16.1,3.5,0.0,11.5,Pirmahal
15/01/2023,16.0,1.6,0.0,11.8,Pirmahal
16/01/2023,17.1,1.6,0.0,9.5,Pirmahal
17/01/2023,17.6,2.8,0.0,10.9,Pirmahal
18/01/2023,17.0,4.3,0.5,7.9,Pirmahal
19/01/2023,18.1,7.6,0.1,12.0,Pirmahal
20/01/2023,15.5,9.1,4.5,7.2,Pirmahal
21/01/2023,17.9,6.6,0.1,9.1,Pirmahal
22/01/2023,17.6,5.8,0.0,9.8,Pirmahal
23/01/2023,17.8,6.4,0.0,13.0,Pirmahal
24/01/2023,18.2,7.2,0.0,12.8,Pirmahal
25/01/2023,18.8,4.2,0.0,9.8,Pirmahal
26/01/2023,18.5,3.0,0.0,11.2,Pirmahal
27/01/2023,19.9,3.0,0.0,12.2,Pirmahal
28/01/2023,21.7,6.6,0.0,10.8,Pirmahal
29/01/2023,22.0,6.2,1.6,16.3,Pirmahal
30/01/2023,19.4,10.4,0.4,12.0,Pirmahal
31/01/2023,20.5,8.6,0.0,10.9,Pirmahal
01/02/2023,22.8,6.8,0.0,10.6,Pirmahal
02/02/2023,23.9,7.9,0.0,11.6,Pirmahal
03/02/2023,25.0,9.6,0.0,10.4,Pirmahal
04/02/2023,25.9,9.6,0.0,11.6,Pirmahal
05/02/2023,26.6,10.6,0.0,14.4,Pirmahal
06/02/2023,25.0,12.8,0.0,15.6,Pirmahal
07/02/2023,24.5,9.5,0.0,11.1,Pirmahal
08/02/2023,25.8,11.2,0.0,11.6,Pirmahal
09/02/2023,25.0,13.9,0.0,14.2,Pirmahal
10/02/2023,26.2,11.2,0.0,14.1,Pirmahal
11/02/2023,23.2,10.1,0.0,16.3,Pirmahal
12/02/2023,21.9,9.1,0.0,15.5,Pirmahal
13/02/2023,23.0,6.2,0.0,11.4,Pirmahal
14/02/2023,27.0,10.2,0.0,9.8,Pirmahal
15/02/2023,29.0,11.8,0.0,10.5,Pirmahal
16/02/2023,30.1,11.6,0.0,10.5,Pirmahal
17/02/2023,30.2,11.9,0.0,9.3,Pirmahal
18/02/2023,30.5,15.1,0.0,10.6,Pirmahal
19/02/2023,30.8,14.6,0.0,12.6,Pirmahal
20/02/2023,31.0,14.7,0.0,11.5,Pirmahal
21/02/2023,29.3,15.5,0.0,16.5,Pirmahal
22/02/2023,29.1,14.1,0.0,12.0,Pirmahal
23/02/2023,29.7,12.5,0.0,10.9,Pirmahal
24/02/2023,30.0,14.4,0.0,11.3,Pirmahal
25/02/2023,31.4,15.5,0.0,12.9,Pirmahal
26/02/2023,30.7,17.2,0.0,13.7,Pirmahal
27/02/2023,30.2,16.3,0.0,13.7,Pirmahal
28/02/2023,25.6,16.6,4.9,22.0,Pirmahal
01/03/2023,24.8,14.9,1.4,15.1,Pirmahal
02/03/2023,25.2,15.1,2.5,12.8,Pirmahal
03/03/2023,27.5,14.8,0.0,11.1,Pirmahal
04/03/2023,28.8,15.4,0.1,9.7,Pirmahal
05/03/2023,29.9,15.6,0.0,14.5,Pirmahal
06/03/2023,30.6,15.3,0.1,16.4,Pirmahal
07/03/2023,29.4,16.0,0.3,12.4,Pirmahal
08/03/2023,31.0,15.0,0.0,10.1,Pirmahal
09/03/2023,31.0,15.6,0.0,10.0,Pirmahal
10/03/2023,31.6,15.4,0.0,12.6,Pirmahal
11/03/2023,32.6,18.4,0.0,14.9,Pirmahal
12/03/2023,31.8,17.4,0.0,28.4,Pirmahal
13/03/2023,30.5,18.1,1.5,17.3,Pirmahal
14/03/2023,32.1,17.0,0.0,9.7,Pirmahal
15/03/2023,33.0,18.6,0.0,18.2,Pirmahal
16/03/2023,31.4,17.5,0.5,19.7,Pirmahal
17/03/2023,25.4,16.0,0.9,15.0,Pirmahal
18/03/2023,25.1,14.9,0.6,8.8,Pirmahal
19/03/2023,24.6,14.9,0.0,8.7,Pirmahal
20/03/2023,27.3,15.4,0.0,9.1,Pirmahal
21/03/2023,26.8,15.2,0.7,17.8,Pirmahal
22/03/2023,26.0,15.2,7.4,20.9,Pirmahal
23/03/2023,27.6,15.7,0.7,17.4,Pirmahal
24/03/2023,26.4,15.6,12.1,27.0,Pirmahal
25/03/2023,23.4,13.5,6.5,15.2,Pirmahal
26/03/2023,25.6,13.2,0.0,12.0,Pirmahal
27/03/2023,27.7,13.6,0.0,8.7,Pirmahal
28/03/2023,29.2,16.2,0.6,18.2,Pirmahal
29/03/2023,29.0,18.6,1.1,22.0,Pirmahal
30/03/2023,24.1,16.9,5.7,16.9,Pirmahal
31/03/2023,23.1,16.5,3.4,12.0,Pirmahal
01/04/2023,25.6,14.8,0.2,12.2,Pirmahal
02/04/2023,27.0,16.4,10.2,30.3,Pirmahal
03/04/2023,26.9,16.9,4.4,30.0,Pirmahal
04/04/2023,27.5,15.1,0.2,10.6,Pirmahal
05/04/2023,28.9,16.1,5.3,21.6,Pirmahal
06/04/2023,29.0,15.0,0.0,10.0,Pirmahal
07/04/2023,30.5,16.4,0.0,10.8,Pirmahal
08/04/2023,32.5,16.1,0.0,10.7,Pirmahal
09/04/2023,34.5,16.7,0.0,11.0,Pirmahal
10/04/2023,35.5,17.8,0.0,13.1,Pirmahal
11/04/2023,37.0,19.0,0.0,14.1,Pirmahal
12/04/2023,36.8,20.2,0.0,11.0,Pirmahal
13/04/2023,38.3,20.3,0.0,10.9,Pirmahal
14/04/2023,40.2,21.1,0.0,16.3,Pirmahal
15/04/2023,40.2,22.5,0.0,18.5,Pirmahal
16/04/2023,38.0,24.2,0.0,23.2,Pirmahal
17/04/2023,38.5,23.8,0.0,16.9,Pirmahal
18/04/2023,35.5,21.5,1.7,23.8,Pirmahal
19/04/2023,31.0,22.4,4.4,23.5,Pirmahal
20/04/2023,31.9,20.5,2.4,19.7,Pirmahal
21/04/2023,34.8,18.5,0.0,17.4,Pirmahal
22/04/2023,33.1,19.5,0.0,19.2,Pirmahal
23/04/2023,33.9,18.1,0.0,13.9,Pirmahal
24/04/2023,36.2,18.5,0.0,13.5,Pirmahal
25/04/2023,38.3,21.4,0.0,17.7,Pirmahal
26/04/2023,38.2,22.7,0.0,20.3,Pirmahal
27/04/2023,38.8,23.8,0.0,15.5,Pirmahal
28/04/2023,35.7,23.9,0.5,18.7,Pirmahal
29/04/2023,31.2,22.2,0.0,19.2,Pirmahal
30/04/2023,32.7,20.4,1.2,16.5,Pirmahal
01/05/2023,30.8,20.6,1.5,19.0,Pirmahal
02/05/2023,28.9,20.0,5.8,13.9,Pirmahal
03/05/2023,31.6,19.7,0.0,11.8,Pirmahal
04/05/2023,33.4,20.6,9.1,22.6,Pirmahal
05/05/2023,32.7,20.5,0.3,13.5,Pirmahal
06/05/2023,36.3,22.2,0.0,17.1,Pirmahal
07/05/2023,35.3,20.8,0.0,15.6,Pirmahal
08/05/2023,34.4,21.2,0.0,22.1,Pirmahal
09/05/2023,35.6,20.6,0.0,11.4,Pirmahal
10/05/2023,36.5,20.4,0.0,10.2,Pirmahal
11/05/2023,39.3,22.5,0.0,12.6,Pirmahal
12/05/2023,41.0,24.1,0.0,10.3,Pirmahal
13/05/2023,41.7,25.9,0.0,16.3,Pirmahal
14/05/2023,39.5,26.1,0.0,19.8,Pirmahal
15/05/2023,41.2,24.0,0.0,11.6,Pirmahal
16/05/2023,39.7,25.2,0.0,13.4,Pirmahal
17/05/2023,39.9,25.0,0.0,19.3,Pirmahal
18/05/2023,36.4,23.3,0.0,10.0,Pirmahal
19/05/2023,37.7,24.0,0.0,13.0,Pirmahal
20/05/2023,41.8,23.9,0.0,15.5,Pirmahal
21/05/2023,42.1,26.8,0.1,23.1,Pirmahal
22/05/2023,42.0,26.0,4.4,36.3,Pirmahal
23/05/2023,40.7,26.8,0.0,22.7,Pirmahal
24/05/2023,37.5,24.7,0.9,20.2,Pirmahal
25/05/2023,33.5,25.5,8.6,17.8,Pirmahal
26/05/2023,34.5,23.0,0.7,26.0,Pirmahal
27/05/2023,35.2,24.2,0.0,13.1,Pirmahal
28/05/2023,35.5,21.5,7.9,27.0,Pirmahal
29/05/2023,31.2,23.3,22.3,31.2,Pirmahal
30/05/2023,31.4,22.0,0.1,12.7,Pirmahal
31/05/2023,29.6,21.9,1.2,14.8,Pirmahal
01/06/2023,28.0,20.1,26.8,15.7,Pirmahal
02/06/2023,30.6,18.9,0.0,7.4,Pirmahal
03/06/2023,34.0,20.7,0.0,8.6,Pirmahal
04/06/2023,35.8,23.9,0.0,10.4,Pirmahal
05/06/2023,37.2,24.0,0.1,23.0,Pirmahal
06/06/2023,38.0,24.6,0.0,21.2,Pirmahal
07/06/2023,37.8,23.8,0.1,12.1,Pirmahal
08/06/2023,39.3,25.1,0.0,8.4,Pirmahal
09/06/2023,41.5,26.9,0.0,21.2,Pirmahal
10/06/2023,41.2,27.2,1.0,20.2,Pirmahal
11/06/2023,36.8,27.4,0.9,10.5,Pirmahal
12/06/2023,40.5,27.9,0.0,18.5,Pirmahal
13/06/2023,41.2,29.6,0.0,23.3,Pirmahal
14/06/2023,40.0,29.5,0.2,27.3,Pirmahal
15/06/2023,38.0,29.3,0.3,21.3,Pirmahal
16/06/2023,38.3,28.7,0.0,11.9,Pirmahal
17/06/2023,40.3,29.1,0.0,11.1,Pirmahal
18/06/2023,41.2,28.5,0.0,14.0,Pirmahal
19/06/2023,40.3,30.1,0.0,11.0,Pirmahal
20/06/2023,43.2,30.8,0.0,16.9,Pirmahal
21/06/2023,43.2,32.8,0.0,15.8,Pirmahal
22/06/2023,43.3,32.5,0.0,19.5,Pirmahal
23/06/2023,43.3,33.5,0.0,19.9,Pirmahal
24/06/2023,43.5,33.2,0.0,18.9,Pirmahal
25/06/2023,43.2,33.2,0.0,23.7,Pirmahal
26/06/2023,39.2,30.9,5.4,21.2,Pirmahal
27/06/2023,37.6,29.0,0.0,11.4,Pirmahal
28/06/2023,39.2,30.0,0.5,14.1,Pirmahal
29/06/2023,37.5,29.8,1.8,20.7,Pirmahal
30/06/2023,37.0,25.6,7.6,16.9,Pirmahal
01/07/2023,38.8,29.2,0.8,13.0,Pirmahal
02/07/2023,38.2,29.1,0.0,14.9,Pirmahal
03/07/2023,40.8,30.9,0.0,14.8,Pirmahal
04/07/2023,40.5,31.6,0.0,21.6,Pirmahal
05/07/2023,37.3,27.9,2.8,30.2,Pirmahal
06/07/2023,33.8,24.8,15.6,29.0,Pirmahal
07/07/2023,33.9,25.0,13.7,14.2,Pirmahal
08/07/2023,32.8,25.8,3.4,15.7,Pirmahal
09/07/2023,34.6,26.3,0.1,11.3,Pirmahal
10/07/2023,35.2,25.8,0.0,10.9,Pirmahal
11/07/2023,37.7,27.0,0.0,10.6,Pirmahal
12/07/2023,39.5,28.5,0.0,16.3,Pirmahal
13/07/2023,37.6,27.6,2.0,17.2,Pirmahal
14/07/2023,36.8,29.1,0.2,8.9,Pirmahal
15/07/2023,38.5,29.8,0.3,11.9,Pirmahal
16/07/2023,37.3,28.9,0.5,13.7,Pirmahal
17/07/2023,37.8,28.8,0.0,8.7,Pirmahal
18/07/2023,38.8,30.0,0.1,15.0,Pirmahal
19/07/2023,37.8,28.4,3.6,15.5,Pirmahal
20/07/2023,35.0,26.9,16.9,12.1,Pirmahal
21/07/2023,36.6,28.1,8.1,10.8,Pirmahal
22/07/2023,34.2,26.5,12.7,17.3,Pirmahal
23/07/2023,35.0,25.8,1.8,16.5,Pirmahal
24/07/2023,34.7,28.8,5.1,12.5,Pirmahal
25/07/2023,33.5,27.4,21.4,12.0,Pirmahal
26/07/2023,33.9,26.5,19.9,11.9,Pirmahal
27/07/2023,32.7,26.4,5.7,15.0,Pirmahal
28/07/2023,34.0,26.8,1.4,18.8,Pirmahal
29/07/2023,33.7,25.8,20.5,20.0,Pirmahal
30/07/2023,34.2,25.8,0.0,9.0,Pirmahal
31/07/2023,35.8,27.6,0.0,12.3,Pirmahal
01/08/2023,36.3,27.1,0.1,16.8,Pirmahal
02/08/2023,36.8,29.0,0.1,16.7,Pirmahal
03/08/2023,36.2,28.8,0.0,12.8,Pirmahal
04/08/2023,36.8,28.9,0.0,15.5,Pirmahal
05/08/2023,36.3,29.5,0.8,13.0,Pirmahal
06/08/2023,36.7,29.9,0.0,17.2,Pirmahal
07/08/2023,35.5,29.5,0.0,19.8,Pirmahal
08/08/2023,36.2,28.7,0.0,16.0,Pirmahal
09/08/2023,37.1,29.4,0.0,19.4,Pirmahal
10/08/2023,37.1,29.5,0.0,18.5,Pirmahal
11/08/2023,37.2,29.1,0.0,17.4,Pirmahal
12/08/2023,37.8,29.1,0.0,17.1,Pirmahal
13/08/2023,37.0,29.0,0.0,18.5,Pirmahal
14/08/2023,36.9,30.2,0.0,17.3,Pirmahal
15/08/2023,36.2,29.5,0.2,13.0,Pirmahal
16/08/2023,38.2,28.8,0.0,13.4,Pirmahal
17/08/2023,37.7,29.4,0.0,17.4,Pirmahal
18/08/2023,37.9,29.5,0.0,13.8,Pirmahal
19/08/2023,39.4,29.9,0.0,12.6,Pirmahal
20/08/2023,38.3,29.7,0.0,11.9,Pirmahal
21/08/2023,39.1,30.0,0.0,11.4,Pirmahal
22/08/2023,40.2,31.1,0.0,17.1,Pirmahal
23/08/2023,37.9,31.0,0.0,20.9,Pirmahal
24/08/2023,36.3,28.6,0.0,17.5,Pirmahal
25/08/2023,36.2,27.1,1.1,15.6,Pirmahal
26/08/2023,31.9,26.8,0.2,17.2,Pirmahal
27/08/2023,36.1,26.9,0.3,12.2,Pirmahal
28/08/2023,36.0,28.4,0.0,14.1,Pirmahal
29/08/2023,36.3,26.5,0.0,24.7,Pirmahal
30/08/2023,38.2,27.2,0.0,9.0,Pirmahal
31/08/2023,38.1,27.6,0.0,17.5,Pirmahal
01/09/2023,37.8,28.2,0.0,20.3,Pirmahal
02/09/2023,36.5,27.5,0.0,20.5,Pirmahal
03/09/2023,36.0,26.9,0.0,15.8,Pirmahal
04/09/2023,36.8,26.5,0.0,13.5,Pirmahal
05/09/2023,37.3,26.8,0.0,10.5,Pirmahal
06/09/2023,37.8,27.2,0.0,9.4,Pirmahal
07/09/2023,38.9,27.6,0.0,9.6,Pirmahal
08/09/2023,39.2,27.3,0.0,13.3,Pirmahal
09/09/2023,38.7,27.0,0.0,14.5,Pirmahal
10/09/2023,38.2,28.5,0.0,13.5,Pirmahal
11/09/2023,37.7,28.2,0.0,13.4,Pirmahal
12/09/2023,38.8,28.6,0.0,11.8,Pirmahal
13/09/2023,39.5,28.8,0.0,10.5,Pirmahal
14/09/2023,39.2,29.3,0.0,10.5,Pirmahal
15/09/2023,37.5,29.8,0.6,15.4,Pirmahal
16/09/2023,37.2,28.0,0.2,14.5,Pirmahal
17/09/2023,36.7,28.4,0.0,17.5,Pirmahal
18/09/2023,34.5,26.8,0.6,21.3,Pirmahal
19/09/2023,33.5,24.9,0.4,17.0,Pirmahal
20/09/2023,34.3,25.0,0.8,9.5,Pirmahal
21/09/2023,35.3,26.0,0.2,9.8,Pirmahal
22/09/2023,37.2,26.8,0.5,14.3,Pirmahal
23/09/2023,36.5,25.6,0.1,22.2,Pirmahal
24/09/2023,33.5,24.0,12.8,20.9,Pirmahal
25/09/2023,32.2,25.1,1.4,19.3,Pirmahal
26/09/2023,34.1,24.0,0.0,8.0,Pirmahal
27/09/2023,35.3,22.7,0.0,9.2,Pirmahal
28/09/2023,36.2,23.4,0.0,18.8,Pirmahal
29/09/2023,35.3,24.4,0.0,18.8,Pirmahal
30/09/2023,34.5,22.2,0.0,12.0,Pirmahal
01/10/2023,35.2,20.4,0.0,9.7,Pirmahal
02/10/2023,35.7,21.2,0.0,15.5,Pirmahal
03/10/2023,35.8,21.1,0.0,13.0,Pirmahal
04/10/2023,36.3,20.4,0.0,11.3,Pirmahal
05/10/2023,36.0,21.0,0.0,11.0,Pirmahal
06/10/2023,36.2,22.2,0.0,15.7,Pirmahal
07/10/2023,35.5,25.5,0.0,13.7,Pirmahal
08/10/2023,36.5,25.4,0.0,7.7,Pirmahal
09/10/2023,36.5,24.9,0.0,24.0,Pirmahal
10/10/2023,34.2,22.1,0.0,14.7,Pirmahal
11/10/2023,33.2,20.4,0.0,10.2,Pirmahal
12/10/2023,35.0,20.9,0.0,10.6,Pirmahal
13/10/2023,36.1,23.0,0.0,19.4,Pirmahal
14/10/2023,34.2,22.8,0.0,18.0,Pirmahal
15/10/2023,30.6,20.0,3.9,26.1,Pirmahal
16/10/2023,26.1,18.9,14.6,26.0,Pirmahal
17/10/2023,27.0,17.6,3.9,23.3,Pirmahal
18/10/2023,27.0,16.6,0.0,10.5,Pirmahal
19/10/2023,28.6,17.1,0.0,9.1,Pirmahal
20/10/2023,30.5,17.4,1.8,10.8,Pirmahal
21/10/2023,27.1,19.0,12.7,15.2,Pirmahal
22/10/2023,26.1,18.2,11.6,19.6,Pirmahal
23/10/2023,29.5,17.5,0.0,9.3,Pirmahal
24/10/2023,29.1,18.5,0.2,8.9,Pirmahal
25/10/2023,31.1,17.4,0.0,9.5,Pirmahal
26/10/2023,31.8,18.8,0.0,9.3,Pirmahal
27/10/2023,32.2,18.9,0.0,14.0,Pirmahal
28/10/2023,31.6,19.8,0.0,10.9,Pirmahal
29/10/2023,32.1,18.2,0.0,11.0,Pirmahal
30/10/2023,32.5,19.7,1.3,12.5,Pirmahal
31/10/2023,32.0,18.5,0.8,15.2,Pirmahal
01/11/2023,30.8,18.9,0.6,13.7,Pirmahal
02/11/2023,31.0,18.2,4.3,29.5,Pirmahal
03/11/2023,29.5,18.5,0.5,12.5,Pirmahal
04/11/2023,30.2,16.7,0.0,9.5,Pirmahal
05/11/2023,30.5,17.0,0.0,10.4,Pirmahal
06/11/2023,30.8,17.0,0.0,16.8,Pirmahal
07/11/2023,27.8,17.5,0.0,15.0,Pirmahal
08/11/2023,27.9,17.1,0.0,8.4,Pirmahal
09/11/2023,28.7,17.1,11.2,26.3,Pirmahal
10/11/2023,24.5,15.9,3.4,17.7,Pirmahal
11/11/2023,24.3,13.4,0.0,5.7,Pirmahal
12/11/2023,26.0,13.4,0.0,6.1,Pirmahal
13/11/2023,26.4,14.2,0.0,8.9,Pirmahal
14/11/2023,26.6,14.3,0.0,9.5,Pirmahal
15/11/2023,27.0,14.1,0.0,9.8,Pirmahal
16/11/2023,27.0,13.9,0.0,6.6,Pirmahal
17/11/2023,26.6,12.9,0.0,9.0,Pirmahal
18/11/2023,26.6,13.6,0.0,9.1,Pirmahal
19/11/2023,26.8,15.1,0.0,8.5,Pirmahal
20/11/2023,26.0,13.8,0.0,9.0,Pirmahal
21/11/2023,25.0,13.6,0.0,9.4,Pirmahal
22/11/2023,26.4,11.4,0.0,10.2,Pirmahal
23/11/2023,27.2,13.4,0.0,13.0,Pirmahal
24/11/2023,26.5,13.8,0.0,9.0,Pirmahal
25/11/2023,25.0,14.1,0.0,8.2,Pirmahal
26/11/2023,24.8,14.4,0.0,9.1,Pirmahal
27/11/2023,24.6,14.3,1.6,21.3,Pirmahal
28/11/2023,25.0,12.4,0.1,13.9,Pirmahal
29/11/2023,25.9,13.7,0.0,7.2,Pirmahal
30/11/2023,25.4,13.4,0.9,15.0,Pirmahal
01/12/2023,24.0,12.6,0.0,11.9,Pirmahal
02/12/2023,25.1,11.2,0.0,9.1,Pirmahal
03/12/2023,24.8,12.4,0.0,9.9,Pirmahal
04/12/2023,24.8,11.3,0.0,9.4,Pirmahal
05/12/2023,24.6,9.9,0.0,8.2,Pirmahal
06/12/2023,24.6,9.8,0.0,10.5,Pirmahal
07/12/2023,24.2,10.6,0.0,11.9,Pirmahal
08/12/2023,24.9,9.2,0.0,10.0,Pirmahal
09/12/2023,24.5,9.6,0.0,9.5,Pirmahal
10/12/2023,23.8,8.9,0.0,10.2,Pirmahal
11/12/2023,23.6,8.6,0.0,9.9,Pirmahal
12/12/2023,23.5,10.7,0.0,9.8,Pirmahal
13/12/2023,23.3,9.4,0.0,10.4,Pirmahal
14/12/2023,22.7,9.6,0.0,8.7,Pirmahal
15/12/2023,22.8,10.0,0.0,9.7,Pirmahal
16/12/2023,22.8,9.2,0.0,10.0,Pirmahal
17/12/2023,21.5,10.1,0.0,9.8,Pirmahal
18/12/2023,22.1,8.5,0.0,14.8,Pirmahal
19/12/2023,22.5,7.8,0.0,11.3,Pirmahal
20/12/2023,23.0,7.3,0.0,10.9,Pirmahal
21/12/2023,22.5,7.1,0.0,11.4,Pirmahal
22/12/2023,22.4,7.7,0.0,12.2,Pirmahal
23/12/2023,24.0,11.4,0.0,10.0,Pirmahal
24/12/2023,24.0,9.8,0.0,9.3,Pirmahal
25/12/2023,25.0,10.1,0.0,11.3,Pirmahal
26/12/2023,24.6,9.9,0.0,10.5,Pirmahal
27/12/2023,23.6,8.1,0.0,8.9,Pirmahal
28/12/2023,23.6,8.6,0.0,10.6,Pirmahal
29/12/2023,21.9,8.8,0.0,10.8,Pirmahal
30/12/2023,19.0,8.3,0.0,9.0,Pirmahal
31/12/2023,18.1,8.2,0.0,8.0,Pirmahal
01/01/2019,18.9,5.2,0.0,8.4,Kamalia
02/01/2019,19.9,8.1,0.0,9.0,Kamalia
03/01/2019,19.6,6.1,0.0,9.7,Kamalia
04/01/2019,19.3,7.9,0.0,8.5,Kamalia
05/01/2019,17.2,9.4,1.4,13.0,Kamalia
06/01/2019,17.2,6.6,0.0,10.5,Kamalia
07/01/2019,18.2,5.2,0.0,9.1,Kamalia
08/01/2019,18.3,7.9,0.0,10.5,Kamalia
09/01/2019,20.0,5.8,0.0,10.6,Kamalia
10/01/2019,20.1,6.1,0.0,9.7,Kamalia
11/01/2019,19.8,11.2,0.0,15.3,Kamalia
12/01/2019,16.5,9.4,0.7,13.3,Kamalia
13/01/2019,18.7,7.3,0.0,14.2,Kamalia
14/01/2019,17.6,3.2,0.0,12.1,Kamalia
15/01/2019,19.2,4.4,0.0,10.6,Kamalia
16/01/2019,19.8,5.8,0.0,10.3,Kamalia
17/01/2019,20.0,5.6,0.0,8.1,Kamalia
18/01/2019,20.0,6.4,0.2,9.6,Kamalia
19/01/2019,19.9,9.1,0.0,8.9,Kamalia
20/01/2019,19.1,9.4,1.9,15.9,Kamalia
21/01/2019,13.9,10.2,5.0,8.0,Kamalia
22/01/2019,17.1,8.9,0.6,11.2,Kamalia
23/01/2019,16.0,7.4,2.7,11.2,Kamalia
24/01/2019,16.5,5.1,0.0,9.6,Kamalia
25/01/2019,16.8,4.3,0.0,10.3,Kamalia
26/01/2019,17.3,4.7,0.0,10.9,Kamalia
27/01/2019,17.9,5.4,0.0,10.9,Kamalia
28/01/2019,18.6,4.4,0.0,11.1,Kamalia
29/01/2019,19.5,5.1,0.0,9.6,Kamalia
30/01/2019,17.7,9.8,3.1,18.4,Kamalia
31/01/2019,13.0,8.2,5.3,17.7,Kamalia
01/02/2019,16.9,6.0,0.0,15.7,Kamalia
02/02/2019,18.8,5.7,0.0,10.0,Kamalia
03/02/2019,20.5,5.8,0.0,9.8,Kamalia
04/02/2019,21.0,7.3,0.2,9.6,Kamalia
05/02/2019,21.5,10.1,0.0,8.6,Kamalia
06/02/2019,18.6,11.4,4.9,12.8,Kamalia
07/02/2019,15.4,8.4,2.3,14.9,Kamalia
08/02/2019,17.6,7.0,0.1,17.9,Kamalia
09/02/2019,18.9,4.6,0.0,10.0,Kamalia
10/02/2019,19.5,6.5,0.0,7.4,Kamalia
11/02/2019,19.5,7.9,0.0,8.5,Kamalia
12/02/2019,20.0,11.2,0.0,8.9,Kamalia
13/02/2019,20.6,10.1,0.2,9.7,Kamalia
14/02/2019,20.1,9.8,3.5,15.5,Kamalia
15/02/2019,19.9,7.2,0.2,9.4,Kamalia
16/02/2019,21.0,7.5,0.0,10.2,Kamalia
17/02/2019,21.0,9.6,0.9,13.3,Kamalia
18/02/2019,21.0,10.9,3.0,19.4,Kamalia
19/02/2019,20.8,7.7,0.0,16.3,Kamalia
20/02/2019,19.8,12.1,14.0,16.4,Kamalia
21/02/2019,20.1,10.1,7.2,12.7,Kamalia
22/02/2019,20.2,8.1,0.0,8.7,Kamalia
23/02/2019,20.7,7.3,0.0,10.2,Kamalia
24/02/2019,20.9,9.2,0.9,23.1,Kamalia
25/02/2019,19.5,9.2,1.9,16.9,Kamalia
26/02/2019,18.6,7.2,0.2,14.4,Kamalia
27/02/2019,16.8,8.0,1.1,11.2,Kamalia
28/02/2019,20.1,7.4,0.1,8.0,Kamalia
01/03/2019,20.7,10.7,0.0,18.1,Kamalia
02/03/2019,17.8,12.0,5.2,19.2,Kamalia
03/03/2019,16.8,10.9,4.3,16.2,Kamalia
04/03/2019,20.2,9.4,1.3,12.6,Kamalia
05/03/2019,22.0,8.8,0.0,10.0,Kamalia
06/03/2019,23.1,10.1,0.0,8.8,Kamalia
07/03/2019,23.9,11.4,0.2,17.1,Kamalia
08/03/2019,20.2,11.6,3.4,13.3,Kamalia
09/03/2019,23.4,9.9,0.0,8.2,Kamalia
10/03/2019,23.9,9.6,0.2,12.3,Kamalia
11/03/2019,20.4,12.9,3.8,15.5,Kamalia
12/03/2019,21.5,10.8,0.0,13.0,Kamalia
13/03/2019,22.7,11.4,0.1,8.4,Kamalia
14/03/2019,20.2,12.5,4.7,10.9,Kamalia
15/03/2019,23.5,9.9,0.0,10.8,Kamalia
16/03/2019,24.3,11.4,0.0,9.7,Kamalia
17/03/2019,26.2,11.4,0.0,9.4,Kamalia
18/03/2019,25.8,14.1,0.0,9.4,Kamalia
19/03/2019,27.7,14.9,0.0,17.9,Kamalia
20/03/2019,25.3,14.1,0.2,24.9,Kamalia
21/03/2019,26.0,14.1,0.0,11.9,Kamalia
22/03/2019,27.4,13.2,0.0,9.2,Kamalia
23/03/2019,25.8,15.9,0.0,14.6,Kamalia
24/03/2019,23.9,13.8,0.3,11.6,Kamalia
25/03/2019,28.4,14.4,0.0,9.7,Kamalia
26/03/2019,30.7,14.6,0.0,10.8,Kamalia
27/03/2019,32.0,17.4,0.0,10.3,Kamalia
28/03/2019,33.3,19.2,0.0,8.7,Kamalia
29/03/2019,32.7,20.2,0.0,13.7,Kamalia
30/03/2019,32.0,19.4,0.0,19.7,Kamalia
31/03/2019,31.3,16.9,0.0,14.8,Kamalia
01/04/2019,33.3,16.1,0.0,12.8,Kamalia
02/04/2019,34.0,17.7,0.0,11.8,Kamalia
03/04/2019,34.8,20.5,0.0,10.0,Kamalia
04/04/2019,36.3,21.8,0.0,10.9,Kamalia
05/04/2019,37.1,20.8,0.0,12.1,Kamalia
06/04/2019,37.0,20.5,0.0,18.0,Kamalia
07/04/2019,35.9,20.4,0.1,13.4,Kamalia
08/04/2019,34.6,20.8,0.1,13.3,Kamalia
09/04/2019,35.9,21.0,0.1,21.0,Kamalia
10/04/2019,33.9,21.4,0.0,16.6,Kamalia
11/04/2019,35.0,20.8,0.0,19.3,Kamalia
12/04/2019,33.1,21.4,0.9,14.0,Kamalia
13/04/2019,32.3,21.5,0.8,16.7,Kamalia
14/04/2019,33.0,22.2,0.0,11.6,Kamalia
15/04/2019,35.0,20.9,13.7,27.0,Kamalia
16/04/2019,28.8,18.9,9.8,22.9,Kamalia
17/04/2019,24.8,17.5,9.1,15.0,Kamalia
18/04/2019,25.4,16.5,0.1,9.7,Kamalia
19/04/2019,29.2,16.4,0.0,7.9,Kamalia
20/04/2019,31.9,18.2,0.0,10.4,Kamalia
21/04/2019,34.8,21.0,0.0,8.9,Kamalia
22/04/2019,37.3,21.7,0.0,11.6,Kamalia
23/04/2019,39.0,22.3,0.0,14.9,Kamalia
24/04/2019,37.0,23.7,0.0,24.9,Kamalia
25/04/2019,35.8,21.0,0.0,12.6,Kamalia
26/04/2019,36.3,22.0,0.0,13.6,Kamalia
27/04/2019,37.1,22.8,0.0,10.2,Kamalia
28/04/2019,37.5,23.5,0.0,10.7,Kamalia
29/04/2019,38.5,24.2,0.0,12.0,Kamalia
30/04/2019,37.5,25.2,0.0,23.3,Kamalia
01/05/2019,37.5,24.4,0.0,19.1,Kamalia
02/05/2019,36.5,22.6,0.0,16.3,Kamalia
03/05/2019,35.8,21.9,0.0,17.3,Kamalia
04/05/2019,36.5,21.2,0.0,10.8,Kamalia
05/05/2019,38.8,22.3,0.0,14.8,Kamalia
06/05/2019,39.5,22.3,0.0,14.8,Kamalia
07/05/2019,39.8,23.4,0.0,16.2,Kamalia
08/05/2019,40.8,26.2,0.0,16.2,Kamalia
09/05/2019,40.2,24.4,0.0,19.3,Kamalia
10/05/2019,40.0,25.4,0.0,17.0,Kamalia
11/05/2019,38.2,24.6,0.0,15.6,Kamalia
12/05/2019,36.9,23.9,0.0,8.4,Kamalia
13/05/2019,36.8,24.8,0.3,17.7,Kamalia
14/05/2019,36.2,23.8,0.1,11.7,Kamalia
15/05/2019,34.3,24.6,0.0,17.3,Kamalia
16/05/2019,32.1,22.3,0.0,8.7,Kamalia
17/05/2019,28.0,22.4,17.7,13.3,Kamalia
18/05/2019,32.0,20.8,0.1,6.8,Kamalia
19/05/2019,35.0,23.5,0.0,13.8,Kamalia
20/05/2019,35.8,24.0,0.0,13.1,Kamalia
21/05/2019,37.2,23.9,0.0,9.8,Kamalia
22/05/2019,37.0,24.2,0.0,11.7,Kamalia
23/05/2019,35.9,26.0,0.0,11.3,Kamalia
24/05/2019,33.7,22.9,0.0,12.0,Kamalia
25/05/2019,34.5,22.2,0.0,11.3,Kamalia
26/05/2019,36.5,23.5,0.0,9.8,Kamalia
27/05/2019,38.0,24.3,0.0,9.8,Kamalia
28/05/2019,40.2,24.6,0.0,9.2,Kamalia
29/05/2019,41.8,25.3,0.0,12.8,Kamalia
30/05/2019,43.0,25.9,0.0,11.0,Kamalia
31/05/2019,43.5,26.8,0.0,9.5,Kamalia
01/06/2019,43.2,25.5,0.0,11.5,Kamalia
02/06/2019,43.8,26.4,0.0,12.5,Kamalia
03/06/2019,43.7,26.8,0.0,13.7,Kamalia
04/06/2019,41.8,27.5,0.0,18.0,Kamalia
05/06/2019,41.5,26.0,0.0,14.6,Kamalia
06/06/2019,39.9,26.0,0.0,13.7,Kamalia
07/06/2019,40.8,25.0,0.0,9.7,Kamalia
08/06/2019,42.4,26.5,0.0,13.3,Kamalia
09/06/2019,43.5,26.9,0.0,15.9,Kamalia
10/06/2019,43.8,27.4,0.0,13.8,Kamalia
11/06/2019,42.8,29.4,0.0,21.3,Kamalia
12/06/2019,40.8,29.1,0.0,21.3,Kamalia
13/06/2019,41.7,28.4,0.0,17.9,Kamalia
14/06/2019,42.1,27.1,0.0,8.8,Kamalia
15/06/2019,41.0,30.3,0.0,31.3,Kamalia
16/06/2019,39.0,28.8,0.2,16.3,Kamalia
17/06/2019,40.1,29.2,0.0,21.7,Kamalia
18/06/2019,35.9,26.0,0.5,26.3,Kamalia
19/06/2019,37.5,26.0,0.1,6.7,Kamalia
20/06/2019,38.2,28.5,0.3,19.5,Kamalia
21/06/2019,37.9,26.4,0.1,9.2,Kamalia
22/06/2019,38.5,28.1,0.0,8.4,Kamalia
23/06/2019,39.2,29.1,0.0,24.1,Kamalia
24/06/2019,30.9,25.5,8.9,17.0,Kamalia
25/06/2019,36.3,25.9,0.5,9.3,Kamalia
26/06/2019,38.4,26.8,0.0,12.7,Kamalia
27/06/2019,39.8,26.0,0.3,10.3,Kamalia
28/06/2019,40.5,28.5,1.0,18.1,Kamalia
29/06/2019,41.2,29.8,1.5,16.6,Kamalia
30/06/2019,40.0,28.4,4.8,22.3,Kamalia
01/07/2019,40.2,30.5,2.2,14.9,Kamalia
02/07/2019,41.2,29.0,0.0,13.4,Kamalia
03/07/2019,41.8,30.0,0.0,11.8,Kamalia
04/07/2019,42.5,30.7,0.0,18.2,Kamalia
05/07/2019,40.7,30.0,0.0,19.1,Kamalia
06/07/2019,37.2,29.8,4.1,18.9,Kamalia
07/07/2019,37.3,27.6,6.2,13.4,Kamalia
08/07/2019,39.2,30.1,0.0,9.2,Kamalia
09/07/2019,39.5,30.8,0.0,13.9,Kamalia
10/07/2019,38.8,31.2,0.0,15.5,Kamalia
11/07/2019,38.7,30.6,0.0,18.1,Kamalia
12/07/2019,38.3,29.5,0.0,20.2,Kamalia
13/07/2019,37.8,27.6,0.0,17.7,Kamalia
14/07/2019,37.1,29.9,0.0,18.4,Kamalia
15/07/2019,35.3,25.5,9.5,19.5,Kamalia
16/07/2019,36.8,26.6,7.3,18.7,Kamalia
17/07/2019,35.0,24.9,6.3,15.9,Kamalia
18/07/2019,36.0,26.2,9.5,17.2,Kamalia
19/07/2019,34.5,26.3,18.6,10.6,Kamalia
20/07/2019,35.8,27.1,0.3,10.9,Kamalia
21/07/2019,36.2,28.5,1.2,10.7,Kamalia
22/07/2019,37.0,28.9,0.0,14.0,Kamalia
23/07/2019,38.2,29.2,0.1,10.2,Kamalia
24/07/2019,40.2,30.4,0.0,9.3,Kamalia
25/07/2019,38.4,29.4,8.1,19.8,Kamalia
26/07/2019,34.5,27.0,8.0,12.5,Kamalia
27/07/2019,35.0,27.6,4.1,15.2,Kamalia
28/07/2019,33.2,26.6,3.9,16.8,Kamalia
29/07/2019,33.8,26.9,4.7,18.1,Kamalia
30/07/2019,35.6,28.5,0.1,10.7,Kamalia
31/07/2019,36.6,29.2,0.1,15.8,Kamalia
01/08/2019,37.7,28.7,1.6,15.0,Kamalia
02/08/2019,33.3,26.8,12.3,12.9,Kamalia
03/08/2019,35.0,26.8,0.1,10.7,Kamalia
04/08/2019,35.3,27.6,0.2,7.6,Kamalia
05/08/2019,36.5,28.5,0.0,7.7,Kamalia
06/08/2019,37.4,30.2,0.1,18.4,Kamalia
07/08/2019,36.3,28.2,8.4,16.7,Kamalia
08/08/2019,35.3,28.9,0.8,11.5,Kamalia
09/08/2019,34.5,28.5,14.7,15.6,Kamalia
10/08/2019,34.0,27.5,1.2,19.1,Kamalia
11/08/2019,33.4,26.6,10.2,14.9,Kamalia
12/08/2019,36.0,28.4,0.0,12.0,Kamalia
13/08/2019,37.3,29.0,0.0,16.4,Kamalia
14/08/2019,37.0,29.5,0.0,12.4,Kamalia
15/08/2019,36.8,29.4,0.4,10.8,Kamalia
16/08/2019,36.8,29.1,0.7,13.9,Kamalia
17/08/2019,34.8,27.5,3.2,18.1,Kamalia
18/08/2019,36.5,25.9,0.0,9.7,Kamalia
19/08/2019,36.5,25.9,1.4,12.7,Kamalia
20/08/2019,35.7,26.9,3.2,9.6,Kamalia
21/08/2019,38.8,28.0,0.0,17.2,Kamalia
22/08/2019,37.8,28.0,0.1,12.3,Kamalia
23/08/2019,40.0,28.8,0.0,10.0,Kamalia
24/08/2019,39.4,28.5,0.0,11.2,Kamalia
25/08/2019,39.5,30.0,0.0,14.2,Kamalia
26/08/2019,38.5,29.7,0.0,16.4,Kamalia
27/08/2019,37.1,29.3,0.0,12.0,Kamalia
28/08/2019,38.7,30.1,0.2,12.3,Kamalia
29/08/2019,39.2,31.0,0.6,16.3,Kamalia
30/08/2019,39.0,29.8,0.0,10.5,Kamalia
31/08/2019,37.0,28.1,1.6,11.3,Kamalia
01/09/2019,37.5,27.6,13.3,10.3,Kamalia
02/09/2019,34.5,27.4,8.7,10.5,Kamalia
03/09/2019,37.2,28.1,0.0,8.4,Kamalia
04/09/2019,38.9,29.6,0.0,8.7,Kamalia
05/09/2019,39.9,30.0,0.0,9.4,Kamalia
06/09/2019,40.5,30.4,0.0,11.5,Kamalia
07/09/2019,40.5,30.5,0.0,18.1,Kamalia
08/09/2019,38.8,30.4,0.7,13.4,Kamalia
09/09/2019,39.3,29.7,0.0,11.5,Kamalia
10/09/2019,40.9,29.5,0.0,14.5,Kamalia
11/09/2019,41.0,29.9,0.0,15.2,Kamalia
12/09/2019,39.8,29.2,0.0,15.4,Kamalia
13/09/2019,39.2,28.8,0.0,12.7,Kamalia
14/09/2019,39.2,29.4,0.0,14.8,Kamalia
15/09/2019,39.0,29.5,0.0,14.6,Kamalia
16/09/2019,39.5,29.2,0.0,15.4,Kamalia
17/09/2019,37.2,28.0,0.0,20.3,Kamalia
18/09/2019,39.3,27.7,0.0,10.3,Kamalia
19/09/2019,37.5,27.8,0.0,15.2,Kamalia
20/09/2019,35.0,27.4,0.0,14.1,Kamalia
21/09/2019,34.5,26.1,0.2,11.5,Kamalia
22/09/2019,36.0,26.6,0.0,11.9,Kamalia
23/09/2019,35.5,26.8,0.0,12.2,Kamalia
24/09/2019,35.8,26.6,0.0,12.0,Kamalia
25/09/2019,35.5,27.1,0.0,12.0,Kamalia
26/09/2019,36.2,27.3,0.0,10.0,Kamalia
27/09/2019,36.4,27.6,0.0,13.1,Kamalia
28/09/2019,36.0,27.9,0.9,18.7,Kamalia
29/09/2019,30.4,24.0,14.1,12.0,Kamalia
30/09/2019,31.7,22.4,0.0,9.0,Kamalia
01/10/2019,30.9,23.9,2.3,10.7,Kamalia
02/10/2019,31.0,23.1,0.6,6.8,Kamalia
03/10/2019,31.9,22.6,11.9,20.3,Kamalia
04/10/2019,28.5,20.9,5.9,22.1,Kamalia
05/10/2019,29.3,20.9,0.2,11.8,Kamalia
06/10/2019,29.0,21.2,0.1,17.7,Kamalia
07/10/2019,30.1,19.1,0.0,10.6,Kamalia
08/10/2019,31.8,19.8,0.0,9.4,Kamalia
09/10/2019,32.3,19.4,0.0,9.1,Kamalia
10/10/2019,32.8,20.0,0.0,8.8,Kamalia
11/10/2019,33.8,20.5,0.0,12.3,Kamalia
12/10/2019,34.3,21.2,0.0,10.4,Kamalia
13/10/2019,34.7,22.6,0.0,9.1,Kamalia
14/10/2019,35.1,21.5,0.0,11.5,Kamalia
15/10/2019,34.1,20.9,0.0,9.2,Kamalia
16/10/2019,34.2,22.2,0.0,10.0,Kamalia
17/10/2019,33.4,22.2,2.2,33.5,Kamalia
18/10/2019,28.4,21.5,1.2,29.1,Kamalia
19/10/2019,31.0,18.0,0.0,8.7,Kamalia
20/10/2019,30.5,17.5,0.0,8.7,Kamalia
21/10/2019,30.9,18.0,0.0,6.8,Kamalia
22/10/2019,32.1,18.4,0.0,11.4,Kamalia
23/10/2019,32.0,19.0,0.0,17.0,Kamalia
24/10/2019,32.4,19.5,0.0,13.5,Kamalia
25/10/2019,31.6,19.1,0.0,8.9,Kamalia
26/10/2019,31.3,18.5,0.0,9.1,Kamalia
27/10/2019,31.1,18.0,0.0,10.5,Kamalia
28/10/2019,32.0,18.5,0.0,11.4,Kamalia
29/10/2019,32.6,18.7,0.0,9.5,Kamalia
30/10/2019,31.9,18.5,0.0,11.8,Kamalia
31/10/2019,31.9,19.1,0.0,10.2,Kamalia
01/11/2019,29.0,20.0,0.2,14.6,Kamalia
02/11/2019,26.8,17.6,0.1,9.3,Kamalia
03/11/2019,27.2,18.8,0.1,9.8,Kamalia
04/11/2019,29.2,17.2,0.0,8.0,Kamalia
05/11/2019,29.8,17.2,0.0,13.8,Kamalia
06/11/2019,28.0,17.2,0.0,10.2,Kamalia
07/11/2019,23.9,14.1,0.1,22.0,Kamalia
08/11/2019,23.6,13.1,0.0,15.2,Kamalia
09/11/2019,25.6,12.0,0.0,8.3,Kamalia
10/11/2019,26.7,11.7,0.0,9.4,Kamalia
11/11/2019,24.9,12.3,0.0,9.3,Kamalia
12/11/2019,26.5,12.9,0.0,8.8,Kamalia
13/11/2019,26.4,14.8,0.0,11.6,Kamalia
14/11/2019,23.6,15.8,0.9,14.3,Kamalia
15/11/2019,23.6,14.7,0.4,7.5,Kamalia
16/11/2019,23.8,15.5,0.0,13.7,Kamalia
17/11/2019,25.0,14.4,0.0,12.0,Kamalia
18/11/2019,26.8,13.4,0.0,9.8,Kamalia
19/11/2019,26.7,12.3,0.0,8.3,Kamalia
20/11/2019,26.2,13.9,0.0,9.4,Kamalia
21/11/2019,25.4,14.5,0.0,10.0,Kamalia
22/11/2019,20.4,14.4,1.6,12.8,Kamalia
23/11/2019,22.9,12.4,0.3,9.5,Kamalia
24/11/2019,24.2,11.1,0.0,8.6,Kamalia
25/11/2019,24.4,11.4,0.0,9.1,Kamalia
26/11/2019,24.0,12.1,0.0,9.0,Kamalia
27/11/2019,22.8,12.1,0.1,8.7,Kamalia
28/11/2019,22.2,12.3,0.0,12.0,Kamalia
29/11/2019,22.5,9.9,0.0,10.2,Kamalia
30/11/2019,23.0,8.9,0.0,10.1,Kamalia
01/12/2019,23.8,8.2,0.0,10.3,Kamalia
02/12/2019,24.6,9.4,0.0,11.8,Kamalia
03/12/2019,24.8,7.8,0.0,10.5,Kamalia
04/12/2019,24.8,9.9,0.0,7.3,Kamalia
05/12/2019,24.4,8.1,0.0,9.9,Kamalia
06/12/2019,23.1,7.9,0.0,9.8,Kamalia
07/12/2019,23.1,8.4,0.0,10.7,Kamalia
08/12/2019,23.1,8.9,0.0,10.0,Kamalia
09/12/2019,22.7,8.2,0.0,10.1,Kamalia
10/12/2019,23.0,8.7,0.0,9.1,Kamalia
11/12/2019,22.0,9.9,0.0,9.7,Kamalia
12/12/2019,17.7,10.1,1.5,15.0,Kamalia
13/12/2019,17.0,9.1,0.0,12.0,Kamalia
14/12/2019,18.6,7.6,0.7,10.6,Kamalia
15/12/2019,17.9,8.4,0.0,9.7,Kamalia
16/12/2019,18.8,7.1,0.0,11.7,Kamalia
17/12/2019,20.2,5.2,0.0,10.4,Kamalia
18/12/2019,19.8,5.4,0.0,10.1,Kamalia
19/12/2019,19.3,7.9,0.0,10.4,Kamalia
20/12/2019,18.7,8.6,1.6,8.4,Kamalia
21/12/2019,19.2,8.2,0.1,9.7,Kamalia
22/12/2019,19.6,6.4,0.0,9.7,Kamalia
23/12/2019,19.0,6.5,0.0,8.2,Kamalia
24/12/2019,18.0,6.6,0.0,8.7,Kamalia
25/12/2019,15.4,6.1,0.0,8.9,Kamalia
26/12/2019,17.4,3.0,0.0,10.1,Kamalia
27/12/2019,15.2,3.3,0.0,9.9,Kamalia
28/12/2019,12.1,2.5,0.0,8.5,Kamalia
29/12/2019,11.8,5.7,0.0,7.1,Kamalia
30/12/2019,13.2,2.0,0.0,9.1,Kamalia
31/12/2019,10.4,2.0,0.0,10.1,Kamalia
01/01/2020,13.1,3.0,0.0,8.9,Kamalia
02/01/2020,17.1,3.4,0.0,10.1,Kamalia
03/01/2020,18.7,4.2,0.0,9.4,Kamalia
04/01/2020,17.9,5.6,1.5,9.6,Kamalia
05/01/2020,14.8,8.1,3.4,11.3,Kamalia
06/01/2020,11.2,9.6,11.9,13.8,Kamalia
07/01/2020,14.9,8.4,0.0,11.9,Kamalia
08/01/2020,15.2,5.6,1.5,9.7,Kamalia
09/01/2020,16.9,4.3,0.0,9.9,Kamalia
10/01/2020,16.8,3.5,0.0,10.8,Kamalia
11/01/2020,16.3,5.6,0.3,8.0,Kamalia
12/01/2020,17.0,8.9,0.0,10.5,Kamalia
13/01/2020,12.6,8.9,9.8,18.2,Kamalia
14/01/2020,15.4,5.7,0.0,10.8,Kamalia
15/01/2020,16.4,4.6,0.0,10.5,Kamalia
16/01/2020,17.8,5.0,0.0,11.4,Kamalia
17/01/2020,16.9,5.7,0.0,10.1,Kamalia
18/01/2020,17.1,5.6,0.0,9.5,Kamalia
19/01/2020,18.3,4.6,0.0,9.2,Kamalia
20/01/2020,17.7,7.4,0.6,7.9,Kamalia
21/01/2020,17.4,9.6,2.4,11.4,Kamalia
22/01/2020,17.9,6.6,0.0,10.1,Kamalia
23/01/2020,18.7,5.4,0.0,12.5,Kamalia
24/01/2020,20.0,5.4,0.0,11.9,Kamalia
25/01/2020,20.5,8.0,0.0,11.9,Kamalia
26/01/2020,21.0,8.9,0.0,9.0,Kamalia
27/01/2020,16.3,10.0,6.0,15.2,Kamalia
28/01/2020,15.9,8.9,9.7,11.2,Kamalia
29/01/2020,18.1,6.9,0.2,9.6,Kamalia
30/01/2020,17.5,6.6,0.0,10.0,Kamalia
31/01/2020,18.6,6.6,0.2,11.6,Kamalia
01/02/2020,18.9,6.4,0.4,9.5,Kamalia
02/02/2020,19.6,8.8,0.0,6.9,Kamalia
03/02/2020,19.8,6.4,0.0,9.5,Kamalia
04/02/2020,15.4,7.9,1.7,10.0,Kamalia
05/02/2020,18.0,5.1,0.0,10.5,Kamalia
06/02/2020,19.5,5.9,0.0,13.2,Kamalia
07/02/2020,20.3,6.2,0.0,11.6,Kamalia
08/02/2020,21.4,7.0,0.0,9.0,Kamalia
09/02/2020,22.2,7.1,0.0,10.0,Kamalia
10/02/2020,22.0,6.9,0.0,10.4,Kamalia
11/02/2020,22.5,8.5,0.0,9.4,Kamalia
12/02/2020,19.6,9.5,0.0,13.8,Kamalia
13/02/2020,23.7,10.1,0.0,14.2,Kamalia
14/02/2020,24.0,9.2,0.0,16.3,Kamalia
15/02/2020,26.2,7.8,0.0,11.8,Kamalia
16/02/2020,25.8,9.1,0.0,12.1,Kamalia
17/02/2020,26.6,8.6,0.0,10.6,Kamalia
18/02/2020,26.3,8.9,0.0,10.8,Kamalia
19/02/2020,24.5,11.1,0.0,14.5,Kamalia
20/02/2020,22.5,11.4,0.0,23.4,Kamalia
21/02/2020,23.6,11.6,0.0,15.8,Kamalia
22/02/2020,24.2,11.8,0.0,9.0,Kamalia
23/02/2020,25.9,11.6,0.0,7.9,Kamalia
24/02/2020,26.1,13.1,0.0,10.3,Kamalia
25/02/2020,26.9,13.1,0.0,9.3,Kamalia
26/02/2020,27.5,13.5,0.0,9.6,Kamalia
27/02/2020,29.0,16.2,0.0,18.2,Kamalia
28/02/2020,27.0,15.8,21.7,32.2,Kamalia
29/02/2020,23.0,14.3,2.4,25.6,Kamalia
01/03/2020,24.0,12.8,0.0,13.7,Kamalia
02/03/2020,25.3,12.9,0.0,9.0,Kamalia
03/03/2020,26.0,12.9,0.0,8.7,Kamalia
04/03/2020,22.5,14.6,0.9,18.9,Kamalia
05/03/2020,21.3,13.7,15.9,19.6,Kamalia
06/03/2020,17.2,13.7,27.0,18.4,Kamalia
07/03/2020,20.5,12.9,0.7,12.6,Kamalia
08/03/2020,23.4,12.4,0.1,14.1,Kamalia
09/03/2020,22.8,11.4,0.0,11.4,Kamalia
10/03/2020,23.8,12.4,0.0,9.2,Kamalia
11/03/2020,18.2,13.6,29.5,16.6,Kamalia
12/03/2020,19.5,12.0,7.9,25.6,Kamalia
13/03/2020,19.9,10.2,5.4,20.5,Kamalia
14/03/2020,20.2,9.2,1.5,12.3,Kamalia
15/03/2020,22.7,9.9,0.0,10.2,Kamalia
16/03/2020,24.6,11.1,0.0,9.9,Kamalia
17/03/2020,26.5,12.8,0.0,8.0,Kamalia
18/03/2020,26.5,14.4,0.0,13.7,Kamalia
19/03/2020,27.1,15.1,0.0,11.6,Kamalia
20/03/2020,26.6,17.0,0.1,18.0,Kamalia
21/03/2020,26.2,17.1,0.6,16.2,Kamalia
22/03/2020,27.2,15.9,0.0,10.7,Kamalia
23/03/2020,28.2,17.6,0.1,13.8,Kamalia
24/03/2020,26.3,17.6,0.9,12.7,Kamalia
25/03/2020,25.6,16.5,11.1,15.5,Kamalia
26/03/2020,21.0,17.5,11.5,16.2,Kamalia
27/03/2020,19.8,14.2,18.3,21.5,Kamalia
28/03/2020,25.2,14.1,4.5,14.0,Kamalia
29/03/2020,25.3,13.2,0.0,9.4,Kamalia
30/03/2020,26.9,14.1,0.0,7.9,Kamalia
31/03/2020,24.6,16.4,1.5,14.8,Kamalia
01/04/2020,26.0,14.2,0.0,12.6,Kamalia
02/04/2020,27.1,14.9,0.0,9.3,Kamalia
03/04/2020,28.2,14.4,0.0,8.7,Kamalia
04/04/2020,30.0,15.8,0.0,8.9,Kamalia
05/04/2020,30.1,17.8,0.0,17.6,Kamalia
06/04/2020,29.0,16.9,0.0,15.9,Kamalia
07/04/2020,27.0,18.1,1.2,22.9,Kamalia
08/04/2020,28.6,15.8,0.0,11.6,Kamalia
09/04/2020,31.2,16.7,0.0,19.8,Kamalia
10/04/2020,30.5,19.5,0.7,23.2,Kamalia
11/04/2020,32.7,18.6,0.0,10.2,Kamalia
12/04/2020,34.5,20.2,0.0,8.8,Kamalia
13/04/2020,36.0,21.6,0.0,8.7,Kamalia
14/04/2020,36.7,23.1,0.0,17.6,Kamalia
15/04/2020,34.6,21.3,0.0,24.4,Kamalia
16/04/2020,33.7,20.4,0.0,13.7,Kamalia
17/04/2020,28.0,21.5,3.9,26.2,Kamalia
18/04/2020,28.7,18.1,0.0,14.1,Kamalia
19/04/2020,29.5,18.0,0.0,8.8,Kamalia
20/04/2020,29.0,20.2,0.7,12.7,Kamalia
21/04/2020,31.5,18.8,0.0,13.0,Kamalia
22/04/2020,33.2,19.0,0.0,12.8,Kamalia
23/04/2020,33.0,22.6,0.3,14.0,Kamalia
24/04/2020,35.7,21.7,0.1,21.4,Kamalia
25/04/2020,34.7,23.4,0.2,15.5,Kamalia
26/04/2020,34.6,21.6,0.0,17.6,Kamalia
27/04/2020,33.2,22.5,0.0,21.6,Kamalia
28/04/2020,33.9,23.3,0.5,21.7,Kamalia
29/04/2020,37.0,23.1,0.0,13.4,Kamalia
30/04/2020,37.7,24.2,0.0,13.0,Kamalia
01/05/2020,40.2,24.6,0.0,12.7,Kamalia
02/05/2020,38.1,26.4,0.5,24.9,Kamalia
03/05/2020,34.5,23.1,1.0,31.0,Kamalia
04/05/2020,32.4,21.3,4.2,17.5,Kamalia
05/05/2020,34.5,21.9,0.0,14.3,Kamalia
06/05/2020,33.3,21.9,1.3,28.8,Kamalia
07/05/2020,35.4,22.8,0.0,13.7,Kamalia
08/05/2020,38.3,24.0,0.0,10.2,Kamalia
09/05/2020,40.5,25.6,0.0,13.6,Kamalia
10/05/2020,40.4,26.6,0.0,25.0,Kamalia
11/05/2020,38.6,26.8,0.0,25.8,Kamalia
12/05/2020,36.2,24.1,0.3,22.9,Kamalia
13/05/2020,34.3,22.6,1.8,20.6,Kamalia
14/05/2020,33.0,23.4,6.2,21.7,Kamalia
15/05/2020,32.9,21.8,0.0,12.2,Kamalia
16/05/2020,36.1,21.9,0.0,8.9,Kamalia
17/05/2020,37.2,21.9,0.0,10.6,Kamalia
18/05/2020,36.4,22.0,0.0,11.8,Kamalia
19/05/2020,35.5,22.8,0.0,22.3,Kamalia
20/05/2020,37.2,20.5,0.0,9.2,Kamalia
21/05/2020,39.6,24.0,0.0,8.8,Kamalia
22/05/2020,41.8,24.7,0.0,10.2,Kamalia
23/05/2020,40.7,25.5,0.0,12.5,Kamalia
24/05/2020,40.5,26.2,0.0,12.0,Kamalia
25/05/2020,42.6,25.6,0.0,11.2,Kamalia
26/05/2020,43.3,27.1,0.0,11.4,Kamalia
27/05/2020,44.5,27.1,0.0,13.0,Kamalia
28/05/2020,42.3,28.8,0.0,21.8,Kamalia
29/05/2020,37.7,27.1,0.0,21.8,Kamalia
30/05/2020,34.2,25.5,0.5,17.0,Kamalia
31/05/2020,33.4,24.5,0.0,11.5,Kamalia
01/06/2020,36.0,25.0,0.2,13.0,Kamalia
02/06/2020,33.4,24.8,5.8,19.8,Kamalia
03/06/2020,33.7,24.8,2.2,14.8,Kamalia
04/06/2020,34.2,25.3,0.0,12.8,Kamalia
05/06/2020,36.7,24.5,0.0,12.3,Kamalia
06/06/2020,37.7,26.5,0.0,21.5,Kamalia
07/06/2020,38.1,26.9,0.0,17.2,Kamalia
08/06/2020,39.9,28.0,0.0,12.1,Kamalia
09/06/2020,41.7,29.5,0.0,18.7,Kamalia
10/06/2020,41.5,29.8,0.0,16.5,Kamalia
11/06/2020,40.3,29.8,0.1,15.7,Kamalia
12/06/2020,41.6,30.4,0.0,20.9,Kamalia
13/06/2020,39.3,29.6,0.0,20.2,Kamalia
14/06/2020,40.0,29.2,0.0,20.6,Kamalia
15/06/2020,42.5,28.6,0.0,12.6,Kamalia
16/06/2020,43.2,28.8,0.0,16.2,Kamalia
17/06/2020,44.0,29.3,0.0,13.0,Kamalia
18/06/2020,43.7,31.7,0.0,15.8,Kamalia
19/06/2020,43.0,31.8,0.0,21.4,Kamalia
20/06/2020,41.0,31.5,0.1,26.6,Kamalia
21/06/2020,41.7,31.9,0.1,34.2,Kamalia
22/06/2020,42.2,30.8,0.0,10.2,Kamalia
23/06/2020,42.3,31.8,0.0,17.4,Kamalia
24/06/2020,39.5,31.0,0.1,17.0,Kamalia
25/06/2020,38.6,27.8,5.8,14.0,Kamalia
26/06/2020,41.2,30.0,0.0,20.6,Kamalia
27/06/2020,40.3,31.0,1.8,13.1,Kamalia
28/06/2020,40.8,31.0,0.0,19.3,Kamalia
29/06/2020,39.8,27.5,14.2,31.4,Kamalia
30/06/2020,39.7,30.8,0.2,12.4,Kamalia
01/07/2020,39.8,28.5,0.0,9.3,Kamalia
02/07/2020,41.5,29.8,0.0,11.0,Kamalia
03/07/2020,42.3,31.3,0.0,12.1,Kamalia
04/07/2020,42.5,31.4,0.0,23.4,Kamalia
05/07/2020,36.4,26.8,0.3,24.1,Kamalia
06/07/2020,37.0,27.6,2.5,13.6,Kamalia
07/07/2020,38.2,29.6,0.0,15.6,Kamalia
08/07/2020,37.2,29.8,0.0,17.7,Kamalia
09/07/2020,38.9,28.8,0.0,10.2,Kamalia
10/07/2020,40.8,31.0,0.0,19.5,Kamalia
11/07/2020,40.5,30.0,0.5,19.8,Kamalia
12/07/2020,36.0,29.1,5.3,12.8,Kamalia
13/07/2020,37.4,26.7,2.1,11.6,Kamalia
14/07/2020,39.9,29.5,0.0,8.7,Kamalia
15/07/2020,41.2,30.4,0.0,12.8,Kamalia
16/07/2020,38.2,30.8,0.0,14.8,Kamalia
17/07/2020,37.9,28.8,0.0,13.6,Kamalia
18/07/2020,38.2,30.2,0.3,12.1,Kamalia
19/07/2020,40.8,30.9,0.0,13.8,Kamalia
20/07/2020,39.0,30.4,0.0,16.3,Kamalia
21/07/2020,31.9,26.4,15.9,17.4,Kamalia
22/07/2020,34.7,25.0,0.0,7.6,Kamalia
23/07/2020,36.9,25.9,0.0,13.0,Kamalia
24/07/2020,36.5,29.5,0.0,19.0,Kamalia
25/07/2020,36.6,28.9,0.0,13.6,Kamalia
26/07/2020,36.8,28.8,0.2,11.0,Kamalia
27/07/2020,39.4,29.7,0.0,12.4,Kamalia
28/07/2020,39.8,31.0,0.0,20.2,Kamalia
29/07/2020,40.1,31.4,0.0,18.2,Kamalia
30/07/2020,38.8,31.5,2.6,13.0,Kamalia
31/07/2020,39.1,30.1,0.9,14.9,Kamalia
01/08/2020,38.7,30.2,0.5,11.1,Kamalia
02/08/2020,40.4,31.0,0.1,16.3,Kamalia
03/08/2020,40.7,30.9,0.0,20.6,Kamalia
04/08/2020,39.5,31.0,0.1,10.7,Kamalia
05/08/2020,40.0,30.5,0.0,15.4,Kamalia
06/08/2020,38.5,30.5,0.0,19.4,Kamalia
07/08/2020,37.8,31.8,0.0,19.1,Kamalia
08/08/2020,36.5,30.6,1.5,12.2,Kamalia
09/08/2020,38.0,30.0,0.0,14.5,Kamalia
10/08/2020,37.9,30.2,4.3,15.2,Kamalia
11/08/2020,37.7,28.3,3.8,13.5,Kamalia
12/08/2020,40.0,31.0,0.0,17.2,Kamalia
13/08/2020,40.7,32.0,0.0,18.2,Kamalia
14/08/2020,38.4,29.8,0.2,20.5,Kamalia
15/08/2020,38.2,29.4,0.3,12.6,Kamalia
16/08/2020,38.5,30.6,0.6,11.0,Kamalia
17/08/2020,40.0,30.9,0.0,14.8,Kamalia
18/08/2020,41.4,31.9,0.0,15.3,Kamalia
19/08/2020,40.0,31.0,0.1,23.5,Kamalia
20/08/2020,33.1,27.1,7.3,24.7,Kamalia
21/08/2020,32.0,25.9,6.8,12.2,Kamalia
22/08/2020,34.2,26.3,0.0,9.7,Kamalia
23/08/2020,34.8,28.1,0.0,11.2,Kamalia
24/08/2020,35.0,27.9,0.0,13.5,Kamalia
25/08/2020,34.8,28.0,0.6,17.3,Kamalia
26/08/2020,32.0,27.5,9.1,13.8,Kamalia
27/08/2020,32.0,26.9,5.2,11.4,Kamalia
28/08/2020,32.3,26.5,5.5,8.0,Kamalia
29/08/2020,33.2,26.5,2.7,10.7,Kamalia
30/08/2020,34.5,26.9,0.0,13.5,Kamalia
31/08/2020,30.5,26.6,27.7,22.5,Kamalia
01/09/2020,32.0,25.6,3.8,19.8,Kamalia
02/09/2020,31.2,25.9,3.6,12.2,Kamalia
03/09/2020,32.7,26.0,11.5,12.2,Kamalia
04/09/2020,30.0,25.3,6.3,14.7,Kamalia
05/09/2020,31.6,25.4,3.5,12.7,Kamalia
06/09/2020,33.2,25.5,0.4,8.2,Kamalia
07/09/2020,33.3,26.4,4.1,9.2,Kamalia
08/09/2020,36.3,27.1,0.0,9.2,Kamalia
09/09/2020,36.2,26.9,0.0,8.2,Kamalia
10/09/2020,36.6,26.1,0.0,11.4,Kamalia
11/09/2020,37.4,24.8,0.0,14.1,Kamalia
12/09/2020,37.8,25.6,0.0,7.5,Kamalia
13/09/2020,38.3,25.8,0.0,10.7,Kamalia
14/09/2020,37.8,26.4,0.0,11.6,Kamalia
15/09/2020,36.7,27.4,0.0,14.0,Kamalia
16/09/2020,37.5,29.0,0.0,14.3,Kamalia
17/09/2020,37.5,28.9,0.0,11.0,Kamalia
18/09/2020,38.2,28.0,0.0,9.5,Kamalia
19/09/2020,38.8,26.6,0.0,9.7,Kamalia
20/09/2020,38.7,25.2,0.0,8.8,Kamalia
21/09/2020,38.6,25.3,0.0,10.5,Kamalia
22/09/2020,37.8,25.2,0.0,10.2,Kamalia
23/09/2020,37.7,25.7,0.0,9.4,Kamalia
24/09/2020,38.2,26.3,0.0,10.5,Kamalia
25/09/2020,38.8,24.3,0.0,15.5,Kamalia
26/09/2020,37.0,24.8,0.0,15.0,Kamalia
27/09/2020,37.2,24.4,0.0,14.3,Kamalia
28/09/2020,37.0,23.8,0.0,11.3,Kamalia
29/09/2020,36.7,23.7,0.0,12.5,Kamalia
30/09/2020,37.4,22.4,0.0,13.4,Kamalia
01/10/2020,37.2,23.5,0.0,14.8,Kamalia
02/10/2020,36.9,23.6,0.0,9.2,Kamalia
03/10/2020,37.2,21.4,0.0,10.1,Kamalia
04/10/2020,37.5,21.2,0.0,9.9,Kamalia
05/10/2020,38.0,21.9,0.0,12.6,Kamalia
06/10/2020,37.5,21.5,0.0,11.2,Kamalia
07/10/2020,37.8,21.0,0.0,11.9,Kamalia
08/10/2020,37.7,21.6,0.0,11.0,Kamalia
09/10/2020,37.8,21.6,0.0,12.6,Kamalia
10/10/2020,37.9,21.0,0.0,10.9,Kamalia
11/10/2020,37.5,20.3,0.0,11.6,Kamalia
12/10/2020,37.6,21.7,0.0,10.8,Kamalia
13/10/2020,37.5,22.4,0.0,12.3,Kamalia
14/10/2020,36.0,20.8,0.0,12.7,Kamalia
15/10/2020,36.1,19.0,0.0,13.0,Kamalia
16/10/2020,35.8,19.6,0.0,10.3,Kamalia
17/10/2020,35.8,18.6,0.0,10.2,Kamalia
18/10/2020,35.7,19.1,0.0,10.1,Kamalia
19/10/2020,35.3,19.4,0.0,9.3,Kamalia
20/10/2020,35.3,17.9,0.0,11.6,Kamalia
21/10/2020,34.8,20.7,0.0,11.2,Kamalia
22/10/2020,33.8,19.2,0.0,10.0,Kamalia
23/10/2020,33.9,18.0,0.0,10.2,Kamalia
24/10/2020,34.3,19.4,0.0,14.1,Kamalia
25/10/2020,34.0,17.5,0.0,15.5,Kamalia
26/10/2020,32.0,17.8,0.0,11.5,Kamalia
27/10/2020,31.7,16.1,0.0,10.5,Kamalia
28/10/2020,32.8,16.8,0.0,14.4,Kamalia
29/10/2020,33.0,17.5,0.0,15.0,Kamalia
30/10/2020,31.8,17.2,0.0,9.7,Kamalia
31/10/2020,31.6,15.7,0.0,11.2,Kamalia
01/11/2020,31.6,14.6,0.0,14.3,Kamalia
02/11/2020,31.0,14.4,0.0,12.4,Kamalia
03/11/2020,31.8,15.5,0.0,11.5,Kamalia
04/11/2020,31.9,14.1,0.0,11.6,Kamalia
05/11/2020,31.6,14.8,0.0,12.3,Kamalia
06/11/2020,31.5,14.9,0.0,9.7,Kamalia
07/11/2020,31.2,14.4,0.0,10.4,Kamalia
08/11/2020,31.5,14.2,0.0,11.5,Kamalia
09/11/2020,31.0,14.8,0.0,9.9,Kamalia
10/11/2020,30.2,15.4,0.0,11.2,Kamalia
11/11/2020,29.8,13.8,0.0,9.4,Kamalia
12/11/2020,29.0,13.9,0.0,11.0,Kamalia
13/11/2020,29.2,13.8,0.0,10.5,Kamalia
14/11/2020,28.5,14.6,0.0,12.8,Kamalia
15/11/2020,23.8,14.8,0.4,11.2,Kamalia
16/11/2020,23.4,12.4,0.0,12.9,Kamalia
17/11/2020,23.5,11.2,0.0,9.5,Kamalia
18/11/2020,23.6,9.4,0.0,9.7,Kamalia
19/11/2020,24.3,10.0,0.0,10.9,Kamalia
20/11/2020,24.1,10.8,0.0,9.7,Kamalia
21/11/2020,23.1,10.4,0.0,10.5,Kamalia
22/11/2020,22.9,8.9,0.0,10.0,Kamalia
23/11/2020,23.2,12.7,0.0,13.3,Kamalia
24/11/2020,20.0,13.4,0.5,14.0,Kamalia
25/11/2020,19.5,13.4,2.7,13.6,Kamalia
26/11/2020,21.5,11.8,0.1,13.4,Kamalia
27/11/2020,22.4,8.8,0.0,9.2,Kamalia
28/11/2020,24.5,8.4,0.0,11.4,Kamalia
29/11/2020,25.4,9.7,0.0,10.5,Kamalia
30/11/2020,26.0,12.6,0.0,8.9,Kamalia
01/12/2020,26.9,11.3,0.0,9.7,Kamalia
02/12/2020,26.7,10.7,0.0,10.0,Kamalia
03/12/2020,26.8,10.5,0.0,10.0,Kamalia
04/12/2020,26.0,12.6,0.0,11.3,Kamalia
05/12/2020,25.1,12.6,0.0,9.8,Kamalia
06/12/2020,26.1,11.9,0.0,9.8,Kamalia
07/12/2020,26.0,11.9,0.0,8.7,Kamalia
08/12/2020,24.7,13.6,0.0,15.1,Kamalia
09/12/2020,18.9,13.2,4.1,11.9,Kamalia
10/12/2020,22.8,10.6,0.0,10.1,Kamalia
11/12/2020,18.3,10.4,5.6,20.4,Kamalia
12/12/2020,18.8,9.1,0.0,8.4,Kamalia
13/12/2020,19.0,7.3,0.0,9.2,Kamalia
14/12/2020,19.0,7.2,0.0,9.5,Kamalia
15/12/2020,17.1,6.1,0.0,9.8,Kamalia
16/12/2020,17.1,4.4,0.0,10.7,Kamalia
17/12/2020,17.9,4.0,0.0,13.0,Kamalia
18/12/2020,18.9,3.5,0.0,10.7,Kamalia
19/12/2020,20.1,6.2,0.0,10.4,Kamalia
20/12/2020,20.8,5.5,0.0,8.8,Kamalia
21/12/2020,20.9,8.1,0.0,9.1,Kamalia
22/12/2020,21.7,6.1,0.0,9.4,Kamalia
23/12/2020,21.8,6.4,0.0,10.0,Kamalia
24/12/2020,21.7,6.2,0.0,8.5,Kamalia
25/12/2020,21.8,6.4,0.0,10.0,Kamalia
26/12/2020,21.0,6.3,0.0,9.3,Kamalia
27/12/2020,16.0,5.8,0.3,13.4,Kamalia
28/12/2020,15.2,3.7,0.0,10.0,Kamalia
29/12/2020,16.5,3.4,0.0,9.8,Kamalia
30/12/2020,18.3,3.5,0.0,10.7,Kamalia
31/12/2020,17.6,2.7,0.0,10.1,Kamalia
01/01/2021,18.5,4.3,0.0,9.9,Kamalia
02/01/2021,18.0,5.2,0.0,12.3,Kamalia
03/01/2021,18.9,7.8,0.0,11.1,Kamalia
04/01/2021,19.4,9.8,2.3,13.8,Kamalia
05/01/2021,17.5,11.6,10.4,10.1,Kamalia
06/01/2021,18.6,9.4,0.0,9.8,Kamalia
07/01/2021,19.2,7.2,0.0,9.2,Kamalia
08/01/2021,18.8,6.7,0.0,10.0,Kamalia
09/01/2021,18.8,5.7,0.0,10.6,Kamalia
10/01/2021,19.1,5.2,0.0,11.0,Kamalia
11/01/2021,20.6,4.7,0.0,11.0,Kamalia
12/01/2021,20.6,4.8,0.0,10.9,Kamalia
13/01/2021,20.0,3.9,0.0,12.3,Kamalia
14/01/2021,19.0,4.2,0.0,10.6,Kamalia
15/01/2021,17.9,4.7,0.0,9.6,Kamalia
16/01/2021,14.1,4.4,0.0,9.4,Kamalia
17/01/2021,14.5,3.2,0.0,11.7,Kamalia
18/01/2021,17.9,4.9,0.0,11.7,Kamalia
19/01/2021,18.7,4.8,0.0,9.0,Kamalia
20/01/2021,21.0,4.7,0.0,11.3,Kamalia
21/01/2021,22.0,4.7,0.0,11.9,Kamalia
22/01/2021,21.7,9.0,0.0,13.6,Kamalia
23/01/2021,19.2,8.1,0.0,19.6,Kamalia
24/01/2021,19.9,5.2,0.0,8.9,Kamalia
25/01/2021,20.5,5.2,0.0,10.8,Kamalia
26/01/2021,20.0,4.7,0.0,10.0,Kamalia
27/01/2021,20.0,4.2,0.0,9.0,Kamalia
28/01/2021,20.4,5.1,0.0,8.4,Kamalia
29/01/2021,20.3,5.4,0.0,10.6,Kamalia
30/01/2021,20.6,5.5,0.0,11.3,Kamalia
31/01/2021,22.6,6.2,0.0,11.0,Kamalia
01/02/2021,23.6,8.6,0.0,11.7,Kamalia
02/02/2021,22.6,7.2,0.0,9.5,Kamalia
03/02/2021,23.0,8.1,0.0,16.1,Kamalia
04/02/2021,20.6,8.8,1.6,15.7,Kamalia
05/02/2021,22.1,8.0,0.0,11.8,Kamalia
06/02/2021,23.2,7.9,0.0,9.7,Kamalia
07/02/2021,25.0,8.2,0.0,9.4,Kamalia
08/02/2021,26.4,9.4,0.0,11.2,Kamalia
09/02/2021,26.1,9.5,0.0,12.7,Kamalia
10/02/2021,26.3,10.4,0.0,10.1,Kamalia
11/02/2021,27.0,10.6,0.0,9.4,Kamalia
12/02/2021,26.5,10.4,0.0,11.3,Kamalia
13/02/2021,26.6,12.0,0.0,11.2,Kamalia
14/02/2021,27.6,11.9,0.0,12.4,Kamalia
15/02/2021,27.0,12.1,0.0,8.7,Kamalia
16/02/2021,27.0,12.6,0.0,9.6,Kamalia
17/02/2021,27.3,11.2,0.0,10.0,Kamalia
18/02/2021,27.3,11.6,0.0,11.4,Kamalia
19/02/2021,27.1,10.9,0.0,13.4,Kamalia
20/02/2021,28.1,11.9,0.0,11.2,Kamalia
21/02/2021,29.0,12.6,0.0,10.5,Kamalia
22/02/2021,30.1,13.2,0.0,20.9,Kamalia
23/02/2021,28.9,14.6,0.0,11.4,Kamalia
24/02/2021,31.1,14.9,0.0,11.5,Kamalia
25/02/2021,30.4,15.6,0.0,10.4,Kamalia
26/02/2021,31.2,16.0,0.0,15.3,Kamalia
27/02/2021,26.6,16.6,0.0,19.1,Kamalia
28/02/2021,27.7,13.6,0.0,12.3,Kamalia
01/03/2021,28.9,12.8,0.0,10.1,Kamalia
02/03/2021,30.0,13.2,0.0,14.8,Kamalia
03/03/2021,31.4,13.6,0.0,17.0,Kamalia
04/03/2021,31.5,17.0,0.0,13.4,Kamalia
05/03/2021,31.8,14.9,0.0,9.7,Kamalia
06/03/2021,33.2,16.1,0.0,20.4,Kamalia
07/03/2021,32.0,20.0,0.0,25.9,Kamalia
08/03/2021,31.0,18.8,0.0,20.9,Kamalia
09/03/2021,31.3,16.4,0.0,12.1,Kamalia
10/03/2021,32.3,16.5,0.0,11.9,Kamalia
11/03/2021,31.5,17.2,2.3,31.1,Kamalia
12/03/2021,29.0,16.9,0.0,25.5,Kamalia
13/03/2021,30.6,15.4,0.0,13.0,Kamalia
14/03/2021,31.3,16.8,0.0,14.2,Kamalia
15/03/2021,30.4,18.2,0.0,12.5,Kamalia
16/03/2021,32.1,18.1,0.2,17.0,Kamalia
17/03/2021,33.3,18.7,0.0,13.2,Kamalia
18/03/2021,33.2,18.4,0.1,22.0,Kamalia
19/03/2021,33.4,18.0,0.0,12.7,Kamalia
20/03/2021,33.7,18.6,0.0,10.9,Kamalia
21/03/2021,33.0,20.3,0.5,26.9,Kamalia
22/03/2021,29.8,17.4,10.3,20.1,Kamalia
23/03/2021,26.0,15.1,6.9,20.8,Kamalia
24/03/2021,26.9,15.1,0.0,15.6,Kamalia
25/03/2021,28.8,15.1,0.0,8.3,Kamalia
26/03/2021,30.5,17.0,0.0,8.0,Kamalia
27/03/2021,32.7,19.4,0.0,8.9,Kamalia
28/03/2021,36.4,20.2,0.0,15.9,Kamalia
29/03/2021,35.2,21.1,0.0,16.6,Kamalia
30/03/2021,32.8,20.5,0.0,17.4,Kamalia
31/03/2021,32.4,16.5,0.0,24.0,Kamalia
01/04/2021,32.7,15.6,0.0,22.4,Kamalia
02/04/2021,31.7,16.0,0.0,15.4,Kamalia
03/04/2021,34.0,17.6,0.0,13.8,Kamalia
04/04/2021,35.4,18.4,0.0,15.6,Kamalia
05/04/2021,35.0,21.8,0.0,19.8,Kamalia
06/04/2021,33.1,18.0,1.8,27.2,Kamalia
07/04/2021,31.5,15.0,0.0,13.7,Kamalia
08/04/2021,32.0,15.0,0.0,10.5,Kamalia
09/04/2021,34.0,18.5,0.0,14.8,Kamalia
10/04/2021,35.5,19.8,0.0,13.3,Kamalia
11/04/2021,37.3,21.2,0.0,13.8,Kamalia
12/04/2021,36.8,23.0,0.0,17.7,Kamalia
13/04/2021,37.2,22.5,0.0,13.7,Kamalia
14/04/2021,38.0,25.0,0.0,17.1,Kamalia
15/04/2021,36.2,23.2,0.0,21.9,Kamalia
16/04/2021,29.8,22.4,1.0,23.5,Kamalia
17/04/2021,31.7,18.5,0.3,13.9,Kamalia
18/04/2021,34.5,20.0,0.0,17.9,Kamalia
19/04/2021,35.2,22.1,0.0,14.3,Kamalia
20/04/2021,29.5,18.9,5.5,17.1,Kamalia
21/04/2021,30.5,18.5,0.3,12.9,Kamalia
22/04/2021,34.2,19.2,0.1,27.1,Kamalia
23/04/2021,30.6,18.9,0.0,29.8,Kamalia
24/04/2021,33.2,16.5,0.0,9.5,Kamalia
25/04/2021,36.7,18.8,0.0,9.3,Kamalia
26/04/2021,39.5,22.0,0.0,11.2,Kamalia
27/04/2021,41.5,24.6,0.0,12.2,Kamalia
28/04/2021,40.5,25.0,0.0,20.9,Kamalia
29/04/2021,40.4,24.8,0.0,18.5,Kamalia
30/04/2021,40.0,24.4,0.0,23.5,Kamalia
01/05/2021,39.5,25.8,0.1,17.0,Kamalia
02/05/2021,40.1,26.2,0.0,25.8,Kamalia
03/05/2021,39.1,25.0,0.0,12.0,Kamalia
04/05/2021,39.8,25.2,0.0,20.3,Kamalia
05/05/2021,37.8,25.5,0.0,19.5,Kamalia
06/05/2021,34.4,24.5,0.0,14.5,Kamalia
07/05/2021,36.8,22.8,1.1,20.6,Kamalia
08/05/2021,39.2,25.0,0.0,14.5,Kamalia
09/05/2021,39.2,26.6,0.0,15.8,Kamalia
10/05/2021,40.7,27.0,0.0,23.1,Kamalia
11/05/2021,39.2,25.5,0.0,17.7,Kamalia
12/05/2021,36.8,25.9,0.5,17.4,Kamalia
13/05/2021,35.6,24.7,0.0,22.3,Kamalia
14/05/2021,35.1,23.6,1.8,20.5,Kamalia
15/05/2021,36.8,25.0,0.0,18.2,Kamalia
16/05/2021,38.5,25.6,0.0,11.2,Kamalia
17/05/2021,39.4,25.9,0.0,14.5,Kamalia
18/05/2021,39.2,25.0,0.0,14.3,Kamalia
19/05/2021,36.7,24.9,0.0,17.1,Kamalia
20/05/2021,38.3,23.8,0.0,14.4,Kamalia
21/05/2021,37.8,26.8,0.0,15.1,Kamalia
22/05/2021,38.2,25.7,0.0,15.0,Kamalia
23/05/2021,36.1,24.1,0.0,18.8,Kamalia
24/05/2021,37.3,24.1,0.0,8.4,Kamalia
25/05/2021,38.3,24.7,0.0,10.5,Kamalia
26/05/2021,40.1,25.4,0.0,9.3,Kamalia
27/05/2021,42.6,26.8,0.0,10.5,Kamalia
28/05/2021,43.9,27.4,0.0,10.9,Kamalia
29/05/2021,43.5,28.9,0.0,11.6,Kamalia
30/05/2021,42.8,28.1,0.0,15.9,Kamalia
31/05/2021,41.7,28.9,0.0,31.5,Kamalia
01/06/2021,31.6,24.7,41.0,24.2,Kamalia
02/06/2021,36.2,25.1,0.4,17.2,Kamalia
03/06/2021,37.0,26.6,0.0,16.0,Kamalia
04/06/2021,35.5,25.9,0.0,15.0,Kamalia
05/06/2021,37.5,25.4,0.0,15.6,Kamalia
06/06/2021,39.7,27.2,0.0,14.0,Kamalia
07/06/2021,41.8,29.0,0.0,16.6,Kamalia
08/06/2021,41.6,30.1,0.0,17.1,Kamalia
09/06/2021,42.2,30.4,0.0,17.5,Kamalia
10/06/2021,41.3,31.2,0.0,15.6,Kamalia
11/06/2021,39.7,31.0,0.0,15.2,Kamalia
12/06/2021,41.2,30.2,0.0,10.8,Kamalia
13/06/2021,35.9,29.9,12.6,28.8,Kamalia
14/06/2021,36.3,28.2,0.0,16.3,Kamalia
15/06/2021,35.0,26.2,2.4,10.5,Kamalia
16/06/2021,35.0,24.6,0.0,16.0,Kamalia
17/06/2021,35.6,25.8,0.0,10.2,Kamalia
18/06/2021,36.3,25.9,0.0,12.5,Kamalia
19/06/2021,38.2,25.6,0.0,9.6,Kamalia
20/06/2021,38.5,26.2,0.0,17.3,Kamalia
21/06/2021,36.5,25.6,0.2,11.9,Kamalia
22/06/2021,38.3,26.6,0.0,7.6,Kamalia
23/06/2021,40.0,27.6,0.0,10.2,Kamalia
24/06/2021,40.2,28.0,0.1,21.4,Kamalia
25/06/2021,39.0,27.5,0.1,21.0,Kamalia
26/06/2021,37.3,27.8,0.7,20.3,Kamalia
27/06/2021,38.2,28.4,0.0,9.9,Kamalia
28/06/2021,39.5,27.9,0.0,7.6,Kamalia
29/06/2021,42.2,28.0,0.0,11.8,Kamalia
30/06/2021,41.9,31.1,0.0,20.2,Kamalia
01/07/2021,40.5,29.8,0.0,17.9,Kamalia
02/07/2021,40.1,30.6,0.0,21.5,Kamalia
03/07/2021,38.5,29.5,1.7,13.3,Kamalia
04/07/2021,39.5,28.8,0.0,12.2,Kamalia
05/07/2021,39.7,28.9,1.0,9.8,Kamalia
06/07/2021,39.5,28.8,0.0,8.2,Kamalia
07/07/2021,41.7,29.7,0.0,12.7,Kamalia
08/07/2021,41.5,31.5,0.0,18.2,Kamalia
09/07/2021,39.2,31.0,0.1,12.5,Kamalia
10/07/2021,40.3,30.9,0.0,14.2,Kamalia
11/07/2021,40.7,31.1,0.0,18.3,Kamalia
12/07/2021,39.3,30.5,0.4,25.1,Kamalia
13/07/2021,35.8,26.9,2.2,13.8,Kamalia
14/07/2021,35.3,27.8,1.6,13.7,Kamalia
15/07/2021,36.2,28.0,0.6,13.6,Kamalia
16/07/2021,37.5,29.7,0.0,12.6,Kamalia
17/07/2021,40.0,30.9,0.0,12.0,Kamalia
18/07/2021,42.6,31.9,0.0,17.8,Kamalia
19/07/2021,40.1,32.6,0.0,15.3,Kamalia
20/07/2021,34.7,27.9,10.1,16.4,Kamalia
21/07/2021,33.2,25.6,11.6,15.2,Kamalia
22/07/2021,34.7,26.8,0.8,11.1,Kamalia
23/07/2021,36.2,27.9,0.0,12.5,Kamalia
24/07/2021,36.7,28.2,0.0,10.1,Kamalia
25/07/2021,38.5,30.3,0.1,9.6,Kamalia
26/07/2021,38.8,31.1,0.1,16.3,Kamalia
27/07/2021,37.6,31.2,0.0,21.3,Kamalia
28/07/2021,35.8,29.2,0.0,20.6,Kamalia
29/07/2021,35.0,28.1,1.0,14.1,Kamalia
30/07/2021,34.0,26.0,8.3,12.1,Kamalia
31/07/2021,34.7,26.9,3.5,12.1,Kamalia
01/08/2021,35.4,27.8,0.9,8.2,Kamalia
02/08/2021,36.3,27.5,4.0,10.0,Kamalia
03/08/2021,37.8,28.1,2.4,11.0,Kamalia
04/08/2021,37.0,28.8,0.1,13.3,Kamalia
05/08/2021,37.6,29.4,0.4,10.9,Kamalia
06/08/2021,38.1,29.5,0.0,18.7,Kamalia
07/08/2021,38.6,29.2,0.0,13.0,Kamalia
08/08/2021,39.5,30.0,0.0,12.7,Kamalia
09/08/2021,39.7,30.1,0.0,13.6,Kamalia
10/08/2021,38.8,29.0,0.0,16.4,Kamalia
11/08/2021,38.7,29.7,0.0,16.5,Kamalia
12/08/2021,38.8,28.9,0.0,15.6,Kamalia
13/08/2021,38.9,29.0,0.0,17.8,Kamalia
14/08/2021,38.0,29.8,0.0,15.9,Kamalia
15/08/2021,36.7,29.4,1.2,19.6,Kamalia
16/08/2021,37.3,28.8,1.5,23.1,Kamalia
17/08/2021,38.5,28.1,0.0,7.3,Kamalia
18/08/2021,39.4,28.2,0.0,11.8,Kamalia
19/08/2021,39.7,27.8,0.0,8.3,Kamalia
20/08/2021,40.0,28.8,0.0,20.6,Kamalia
21/08/2021,37.3,28.6,0.0,17.0,Kamalia
22/08/2021,36.0,27.2,0.0,15.0,Kamalia
23/08/2021,37.0,26.5,0.0,8.6,Kamalia
24/08/2021,40.9,28.7,0.0,13.7,Kamalia
25/08/2021,39.3,30.3,0.0,19.5,Kamalia
26/08/2021,39.2,29.5,0.0,17.4,Kamalia
27/08/2021,39.2,28.8,0.0,15.1,Kamalia
28/08/2021,38.8,28.8,0.0,13.6,Kamalia
29/08/2021,38.2,28.2,0.0,7.6,Kamalia
30/08/2021,36.8,29.0,0.0,16.3,Kamalia
31/08/2021,35.6,28.1,0.7,16.5,Kamalia
01/09/2021,36.0,27.4,0.0,16.9,Kamalia
02/09/2021,36.7,27.4,0.0,11.0,Kamalia
03/09/2021,35.8,27.5,0.3,14.2,Kamalia
04/09/2021,36.1,26.7,0.0,9.6,Kamalia
05/09/2021,37.2,27.6,0.0,9.5,Kamalia
06/09/2021,37.8,28.6,0.0,11.5,Kamalia
07/09/2021,38.5,29.6,0.0,16.5,Kamalia
08/09/2021,36.2,29.0,0.8,16.3,Kamalia
09/09/2021,33.8,26.4,5.8,13.9,Kamalia
10/09/2021,32.0,27.1,7.2,14.3,Kamalia
11/09/2021,31.1,25.5,7.9,18.8,Kamalia
12/09/2021,31.0,24.6,2.3,17.0,Kamalia
13/09/2021,33.2,23.8,0.0,10.8,Kamalia
14/09/2021,34.0,25.5,0.0,11.3,Kamalia
15/09/2021,34.6,26.0,0.0,15.0,Kamalia
16/09/2021,36.5,27.3,0.0,13.2,Kamalia
17/09/2021,36.8,27.5,0.0,15.9,Kamalia
18/09/2021,36.3,27.5,0.0,12.8,Kamalia
19/09/2021,36.0,27.5,0.0,9.9,Kamalia
20/09/2021,35.8,28.0,0.0,11.3,Kamalia
21/09/2021,34.0,28.1,2.1,19.6,Kamalia
22/09/2021,32.6,25.8,3.7,14.0,Kamalia
23/09/2021,31.7,25.1,0.2,16.2,Kamalia
24/09/2021,32.8,24.1,0.1,15.5,Kamalia
25/09/2021,33.9,24.0,0.0,8.0,Kamalia
26/09/2021,35.2,25.4,0.0,8.8,Kamalia
27/09/2021,35.3,26.5,0.0,10.9,Kamalia
28/09/2021,34.7,26.1,0.0,10.2,Kamalia
29/09/2021,35.3,27.0,0.0,11.4,Kamalia
30/09/2021,36.0,27.0,0.0,9.7,Kamalia
01/10/2021,37.0,27.9,0.0,9.5,Kamalia
02/10/2021,37.5,28.0,0.1,12.8,Kamalia
03/10/2021,37.2,27.1,0.0,12.5,Kamalia
04/10/2021,35.0,26.6,0.9,10.8,Kamalia
05/10/2021,34.2,25.6,1.2,9.9,Kamalia
06/10/2021,35.3,24.6,0.0,7.8,Kamalia
07/10/2021,36.0,22.8,0.0,10.6,Kamalia
08/10/2021,37.1,24.1,0.0,13.9,Kamalia
09/10/2021,36.8,23.8,0.0,9.6,Kamalia
10/10/2021,36.0,24.0,0.0,15.4,Kamalia
11/10/2021,33.2,22.0,0.0,15.0,Kamalia
12/10/2021,33.5,22.4,0.0,12.6,Kamalia
13/10/2021,33.6,19.3,0.0,15.3,Kamalia
14/10/2021,33.8,19.9,0.0,11.4,Kamalia
15/10/2021,33.0,17.5,0.0,11.0,Kamalia
16/10/2021,33.1,17.7,0.0,10.1,Kamalia
17/10/2021,32.7,18.1,0.0,11.9,Kamalia
18/10/2021,30.2,19.5,0.0,11.8,Kamalia
19/10/2021,32.7,19.5,0.0,8.7,Kamalia
20/10/2021,33.3,18.0,0.0,12.1,Kamalia
21/10/2021,31.6,16.8,0.0,12.5,Kamalia
22/10/2021,32.1,19.1,0.0,24.7,Kamalia
23/10/2021,29.9,19.6,0.0,30.0,Kamalia
24/10/2021,25.8,18.1,0.2,16.2,Kamalia
25/10/2021,26.9,16.5,0.0,13.0,Kamalia
26/10/2021,27.6,15.6,0.0,9.6,Kamalia
27/10/2021,29.0,17.9,0.0,10.0,Kamalia
28/10/2021,29.5,15.9,0.0,8.7,Kamalia
29/10/2021,30.8,16.4,0.0,9.1,Kamalia
30/10/2021,31.0,16.5,0.0,10.0,Kamalia
31/10/2021,30.5,15.6,0.0,11.8,Kamalia
01/11/2021,29.4,17.9,0.0,14.8,Kamalia
02/11/2021,27.5,18.5,0.0,20.5,Kamalia
03/11/2021,28.8,15.2,0.0,13.1,Kamalia
04/11/2021,28.8,13.5,0.0,10.0,Kamalia
05/11/2021,29.6,16.7,0.0,16.2,Kamalia
06/11/2021,28.1,14.8,0.0,10.1,Kamalia
07/11/2021,28.5,15.6,0.0,9.0,Kamalia
08/11/2021,29.2,14.6,0.0,10.5,Kamalia
09/11/2021,29.7,15.1,0.0,10.7,Kamalia
10/11/2021,29.7,15.1,0.0,11.5,Kamalia
11/11/2021,29.5,14.8,0.0,10.4,Kamalia
12/11/2021,28.7,14.4,0.0,11.0,Kamalia
13/11/2021,29.1,13.1,0.0,10.0,Kamalia
14/11/2021,28.8,13.1,0.0,18.6,Kamalia
15/11/2021,27.6,12.5,0.0,11.7,Kamalia
16/11/2021,26.8,11.1,0.0,11.7,Kamalia
17/11/2021,27.0,10.9,0.0,11.7,Kamalia
18/11/2021,26.0,10.5,0.0,10.8,Kamalia
19/11/2021,26.1,11.9,0.0,9.9,Kamalia
20/11/2021,25.9,10.9,0.0,10.3,Kamalia
21/11/2021,26.5,11.0,0.0,11.4,Kamalia
22/11/2021,26.5,11.1,0.0,12.6,Kamalia
23/11/2021,27.5,10.6,0.0,11.7,Kamalia
24/11/2021,27.0,12.2,0.0,11.4,Kamalia
25/11/2021,26.7,12.6,0.0,10.2,Kamalia
26/11/2021,26.9,10.6,0.0,10.9,Kamalia
27/11/2021,27.1,12.6,0.0,12.5,Kamalia
28/11/2021,26.4,12.7,0.0,10.9,Kamalia
29/11/2021,25.2,11.4,0.0,10.6,Kamalia
30/11/2021,25.0,10.6,0.0,10.5,Kamalia
01/12/2021,25.4,10.4,0.0,9.2,Kamalia
02/12/2021,25.0,12.1,0.0,10.9,Kamalia
03/12/2021,24.5,10.0,0.0,10.0,Kamalia
04/12/2021,24.5,10.1,0.0,10.5,Kamalia
05/12/2021,24.5,10.7,0.0,13.7,Kamalia
06/12/2021,23.9,10.6,0.0,11.0,Kamalia
07/12/2021,23.6,10.3,0.0,10.1,Kamalia
08/12/2021,23.5,9.2,0.0,9.8,Kamalia
09/12/2021,24.0,8.9,0.0,11.3,Kamalia
10/12/2021,24.1,9.4,0.0,11.8,Kamalia
11/12/2021,23.5,8.2,0.0,11.4,Kamalia
12/12/2021,23.0,8.7,0.0,10.5,Kamalia
13/12/2021,21.8,6.8,0.0,8.2,Kamalia
14/12/2021,21.2,7.2,0.0,9.6,Kamalia
15/12/2021,20.8,6.2,0.0,10.7,Kamalia
16/12/2021,18.6,9.0,0.6,19.6,Kamalia
17/12/2021,19.4,5.1,0.0,10.4,Kamalia
18/12/2021,18.9,3.3,0.0,11.8,Kamalia
19/12/2021,19.3,2.9,0.0,10.7,Kamalia
20/12/2021,20.1,6.8,0.0,11.2,Kamalia
21/12/2021,20.5,5.5,0.0,11.3,Kamalia
22/12/2021,20.6,6.6,0.0,9.2,Kamalia
23/12/2021,21.4,9.5,0.1,11.2,Kamalia
24/12/2021,21.2,7.2,0.0,10.1,Kamalia
25/12/2021,20.6,6.7,0.0,9.8,Kamalia
26/12/2021,20.5,9.6,0.3,10.9,Kamalia
27/12/2021,19.4,9.2,0.0,8.7,Kamalia
28/12/2021,19.8,7.7,0.0,11.3,Kamalia
29/12/2021,19.3,5.7,0.0,10.7,Kamalia
30/12/2021,20.0,6.8,0.0,7.9,Kamalia
31/12/2021,19.9,7.1,0.0,8.9,Kamalia
01/01/2022,19.9,6.9,0.0,8.9,Kamalia
02/01/2022,20.4,6.5,0.0,10.5,Kamalia
03/01/2022,21.0,8.4,0.0,7.9,Kamalia
04/01/2022,19.9,11.6,1.3,10.4,Kamalia
05/01/2022,16.4,11.1,5.0,10.0,Kamalia
06/01/2022,16.0,9.4,0.6,9.7,Kamalia
07/01/2022,14.4,9.1,10.8,8.7,Kamalia
08/01/2022,15.2,7.7,0.4,11.0,Kamalia
09/01/2022,15.6,6.2,0.0,8.2,Kamalia
10/01/2022,17.5,6.6,0.0,9.3,Kamalia
11/01/2022,18.5,6.4,0.0,10.1,Kamalia
12/01/2022,18.2,5.3,0.0,9.4,Kamalia
13/01/2022,19.2,8.1,0.0,9.1,Kamalia
14/01/2022,20.1,8.2,0.0,8.9,Kamalia
15/01/2022,19.6,6.8,0.0,8.4,Kamalia
16/01/2022,18.5,7.4,0.0,9.1,Kamalia
17/01/2022,17.9,8.9,0.0,8.1,Kamalia
18/01/2022,19.1,7.3,0.0,9.4,Kamalia
19/01/2022,19.0,10.4,0.5,13.7,Kamalia
20/01/2022,18.7,9.4,0.1,8.0,Kamalia
21/01/2022,17.8,8.1,0.0,13.0,Kamalia
22/01/2022,15.1,10.4,4.3,15.2,Kamalia
23/01/2022,15.8,8.7,0.1,14.6,Kamalia
24/01/2022,16.8,7.4,0.0,11.0,Kamalia
25/01/2022,17.9,6.2,0.0,10.0,Kamalia
26/01/2022,18.1,5.6,0.0,9.1,Kamalia
27/01/2022,18.8,5.4,0.0,9.4,Kamalia
28/01/2022,19.2,5.7,0.0,10.7,Kamalia
29/01/2022,20.3,6.2,0.0,10.1,Kamalia
30/01/2022,20.2,6.2,0.0,8.2,Kamalia
31/01/2022,22.0,7.4,0.0,10.0,Kamalia
01/02/2022,22.0,7.8,0.0,10.8,Kamalia
02/02/2022,22.0,8.1,0.4,17.7,Kamalia
03/02/2022,17.8,8.6,5.7,19.7,Kamalia
04/02/2022,19.9,6.9,0.0,11.1,Kamalia
05/02/2022,19.9,7.4,0.0,11.5,Kamalia
06/02/2022,20.5,8.0,0.0,12.6,Kamalia
07/02/2022,21.2,9.2,0.0,12.5,Kamalia
08/02/2022,21.0,7.3,0.0,10.7,Kamalia
09/02/2022,20.5,9.8,0.1,9.8,Kamalia
10/02/2022,22.1,8.6,0.0,11.5,Kamalia
11/02/2022,22.9,8.5,0.0,8.5,Kamalia
12/02/2022,23.5,7.7,0.0,10.6,Kamalia
13/02/2022,24.5,9.1,0.0,9.6,Kamalia
14/02/2022,25.0,9.5,0.0,10.0,Kamalia
15/02/2022,24.6,9.9,0.0,10.0,Kamalia
16/02/2022,24.5,11.0,0.0,11.0,Kamalia
17/02/2022,24.8,10.9,0.0,10.8,Kamalia
18/02/2022,22.9,10.9,0.6,17.3,Kamalia
19/02/2022,24.3,9.8,0.0,9.5,Kamalia
20/02/2022,25.5,10.4,0.0,20.7,Kamalia
21/02/2022,26.5,10.5,0.0,12.4,Kamalia
22/02/2022,25.0,14.5,0.0,30.9,Kamalia
23/02/2022,23.4,10.5,0.0,10.0,Kamalia
24/02/2022,23.6,11.7,0.0,10.3,Kamalia
25/02/2022,21.9,12.5,2.4,21.6,Kamalia
26/02/2022,21.1,11.8,6.1,14.4,Kamalia
27/02/2022,21.6,9.4,0.0,10.5,Kamalia
28/02/2022,23.5,9.7,0.2,9.8,Kamalia
01/03/2022,24.3,13.2,0.0,16.8,Kamalia
02/03/2022,22.5,12.5,1.3,14.8,Kamalia
03/03/2022,21.9,13.7,9.2,16.9,Kamalia
04/03/2022,23.9,11.2,0.0,10.5,Kamalia
05/03/2022,26.0,12.3,0.0,11.9,Kamalia
06/03/2022,27.6,14.7,0.0,17.2,Kamalia
07/03/2022,26.8,14.5,0.0,29.0,Kamalia
08/03/2022,27.2,13.3,0.0,11.0,Kamalia
09/03/2022,28.4,13.9,0.0,11.3,Kamalia
10/03/2022,29.1,15.2,0.0,11.0,Kamalia
11/03/2022,31.2,17.0,0.0,9.8,Kamalia
12/03/2022,32.5,17.2,0.0,11.3,Kamalia
13/03/2022,33.0,18.3,0.0,9.1,Kamalia
14/03/2022,35.0,19.6,0.0,11.5,Kamalia
15/03/2022,35.2,19.5,0.0,9.3,Kamalia
16/03/2022,36.3,20.8,0.0,9.9,Kamalia
17/03/2022,38.4,19.9,0.0,10.5,Kamalia
18/03/2022,38.7,20.8,0.0,16.5,Kamalia
19/03/2022,35.2,21.3,0.0,19.8,Kamalia
20/03/2022,35.3,21.5,0.1,19.9,Kamalia
21/03/2022,37.2,19.2,0.0,10.5,Kamalia
22/03/2022,36.7,20.0,0.0,15.5,Kamalia
23/03/2022,35.5,21.1,0.0,15.8,Kamalia
24/03/2022,35.2,20.5,0.0,15.2,Kamalia
25/03/2022,35.7,20.2,0.0,15.5,Kamalia
26/03/2022,37.5,20.5,0.0,17.9,Kamalia
27/03/2022,38.6,19.2,0.0,14.8,Kamalia
28/03/2022,39.2,22.2,0.0,12.7,Kamalia
29/03/2022,39.0,21.6,0.0,11.9,Kamalia
30/03/2022,38.6,20.8,0.0,13.0,Kamalia
31/03/2022,38.2,20.5,0.0,16.3,Kamalia
01/04/2022,38.7,20.0,0.0,13.7,Kamalia
02/04/2022,38.8,21.5,0.0,16.9,Kamalia
03/04/2022,38.8,18.4,0.0,11.7,Kamalia
04/04/2022,39.2,20.6,0.0,12.8,Kamalia
05/04/2022,40.1,21.9,0.0,10.8,Kamalia
06/04/2022,41.0,22.0,0.0,12.6,Kamalia
07/04/2022,42.5,22.6,0.0,14.3,Kamalia
08/04/2022,43.0,23.5,0.0,16.1,Kamalia
09/04/2022,42.7,24.9,0.0,19.1,Kamalia
10/04/2022,43.8,23.2,0.0,14.5,Kamalia
11/04/2022,43.3,24.5,0.0,17.9,Kamalia
12/04/2022,41.5,27.0,0.0,14.8,Kamalia
13/04/2022,39.5,24.4,0.0,16.7,Kamalia
14/04/2022,39.1,23.8,0.0,24.0,Kamalia
15/04/2022,39.5,23.6,0.0,16.8,Kamalia
16/04/2022,40.6,24.0,0.0,14.5,Kamalia
17/04/2022,41.9,25.5,0.0,14.4,Kamalia
18/04/2022,42.3,25.6,0.0,21.3,Kamalia
19/04/2022,40.8,25.8,0.0,13.7,Kamalia
20/04/2022,40.1,26.2,0.0,19.4,Kamalia
21/04/2022,39.5,25.1,0.4,26.4,Kamalia
22/04/2022,37.3,22.9,0.0,21.9,Kamalia
23/04/2022,38.3,23.7,0.0,9.3,Kamalia
24/04/2022,40.0,24.5,0.0,15.5,Kamalia
25/04/2022,41.3,25.0,0.0,20.5,Kamalia
26/04/2022,42.2,25.6,0.0,14.5,Kamalia
27/04/2022,43.5,24.6,0.0,16.2,Kamalia
28/04/2022,44.8,26.4,0.0,17.3,Kamalia
29/04/2022,44.3,26.0,0.0,15.2,Kamalia
30/04/2022,44.7,27.2,0.0,12.8,Kamalia
01/05/2022,45.5,28.1,0.0,21.1,Kamalia
02/05/2022,45.1,29.0,0.0,19.4,Kamalia
03/05/2022,40.3,28.9,0.0,22.1,Kamalia
04/05/2022,39.0,26.5,0.0,24.4,Kamalia
05/05/2022,39.8,26.2,0.0,14.9,Kamalia
06/05/2022,41.2,26.3,0.0,9.6,Kamalia
07/05/2022,42.3,26.0,0.0,11.0,Kamalia
08/05/2022,44.0,26.8,0.0,17.2,Kamalia
09/05/2022,43.9,28.2,0.0,13.4,Kamalia
10/05/2022,43.3,28.4,0.0,17.9,Kamalia
11/05/2022,44.0,29.0,0.0,10.6,Kamalia
12/05/2022,45.0,29.4,0.0,22.5,Kamalia
13/05/2022,45.4,28.1,0.0,15.1,Kamalia
14/05/2022,46.8,27.8,0.0,17.6,Kamalia
15/05/2022,46.7,29.1,0.0,18.8,Kamalia
16/05/2022,42.5,30.2,0.0,25.5,Kamalia
17/05/2022,43.5,28.5,0.0,13.8,Kamalia
18/05/2022,43.2,29.9,0.0,12.4,Kamalia
19/05/2022,45.4,29.8,0.0,20.5,Kamalia
20/05/2022,42.6,27.8,0.0,22.2,Kamalia
21/05/2022,42.0,27.1,0.0,16.6,Kamalia
22/05/2022,43.0,26.6,0.0,16.1,Kamalia
23/05/2022,36.0,26.2,1.1,33.4,Kamalia
24/05/2022,36.6,24.0,0.0,16.9,Kamalia
25/05/2022,38.0,24.0,0.0,10.7,Kamalia
26/05/2022,41.4,27.2,0.0,15.5,Kamalia
27/05/2022,44.0,29.6,0.0,17.1,Kamalia
28/05/2022,42.0,30.2,0.0,21.4,Kamalia
29/05/2022,42.6,28.4,0.0,21.3,Kamalia
30/05/2022,41.8,28.5,0.0,20.4,Kamalia
31/05/2022,42.7,27.7,0.0,15.6,Kamalia
01/06/2022,43.1,28.1,0.0,17.6,Kamalia
02/06/2022,44.5,27.3,0.0,16.5,Kamalia
03/06/2022,45.1,27.1,0.0,15.2,Kamalia
04/06/2022,45.3,27.9,0.0,13.2,Kamalia
05/06/2022,45.9,29.0,0.0,20.4,Kamalia
06/06/2022,44.9,30.2,0.0,19.1,Kamalia
07/06/2022,46.5,30.3,0.0,20.6,Kamalia
08/06/2022,44.7,31.6,0.0,19.5,Kamalia
09/06/2022,45.8,31.4,0.0,16.7,Kamalia
10/06/2022,44.0,33.7,0.0,19.2,Kamalia
11/06/2022,43.7,32.2,1.4,16.3,Kamalia
12/06/2022,43.6,30.0,0.7,15.3,Kamalia
13/06/2022,42.8,31.5,0.0,18.4,Kamalia
14/06/2022,44.7,31.1,0.0,17.7,Kamalia
15/06/2022,45.2,32.8,0.0,20.0,Kamalia
16/06/2022,43.3,33.6,0.0,22.5,Kamalia
17/06/2022,37.2,25.2,12.2,28.5,Kamalia
18/06/2022,34.2,26.5,9.4,15.3,Kamalia
19/06/2022,33.3,25.4,2.8,13.0,Kamalia
20/06/2022,35.4,26.0,4.2,12.3,Kamalia
21/06/2022,29.4,21.0,30.7,23.5,Kamalia
22/06/2022,32.1,20.0,5.9,15.6,Kamalia
23/06/2022,34.7,24.0,0.0,12.1,Kamalia
24/06/2022,37.4,25.2,0.0,8.9,Kamalia
25/06/2022,38.7,25.2,0.0,10.4,Kamalia
26/06/2022,39.7,25.9,0.0,14.4,Kamalia
27/06/2022,40.4,29.2,0.0,13.0,Kamalia
28/06/2022,41.6,30.0,0.0,8.9,Kamalia
29/06/2022,42.2,30.0,0.0,18.4,Kamalia
30/06/2022,40.8,32.5,0.0,22.7,Kamalia
01/07/2022,35.2,28.0,4.8,22.7,Kamalia
02/07/2022,37.0,28.0,1.2,11.3,Kamalia
03/07/2022,35.8,29.6,1.0,15.0,Kamalia
04/07/2022,37.7,29.3,0.3,10.9,Kamalia
05/07/2022,39.0,30.9,0.1,10.6,Kamalia
06/07/2022,39.5,31.1,1.0,18.4,Kamalia
07/07/2022,38.5,29.6,3.1,12.0,Kamalia
08/07/2022,40.0,31.1,0.5,10.9,Kamalia
09/07/2022,38.8,28.6,11.2,19.8,Kamalia
10/07/2022,36.5,28.1,3.0,18.7,Kamalia
11/07/2022,37.3,28.2,0.5,11.0,Kamalia
12/07/2022,39.6,30.1,0.4,13.4,Kamalia
13/07/2022,38.3,28.7,1.1,17.8,Kamalia
14/07/2022,34.1,26.7,16.0,16.4,Kamalia
15/07/2022,31.1,24.5,25.7,17.7,Kamalia
16/07/2022,36.2,26.2,0.6,13.3,Kamalia
17/07/2022,32.5,27.1,8.1,18.1,Kamalia
18/07/2022,35.9,27.4,0.2,8.2,Kamalia
19/07/2022,37.5,28.9,0.0,8.8,Kamalia
20/07/2022,38.2,26.5,7.4,20.0,Kamalia
21/07/2022,35.3,26.4,16.0,19.8,Kamalia
22/07/2022,29.9,25.6,11.7,20.5,Kamalia
23/07/2022,31.6,26.6,16.3,18.0,Kamalia
24/07/2022,32.4,25.9,20.9,15.8,Kamalia
25/07/2022,32.7,25.5,5.2,18.7,Kamalia
26/07/2022,34.4,26.2,0.3,12.5,Kamalia
27/07/2022,34.0,27.4,0.5,13.3,Kamalia
28/07/2022,32.2,26.2,23.3,17.1,Kamalia
29/07/2022,32.2,25.5,7.1,8.7,Kamalia
30/07/2022,32.0,25.5,4.4,11.3,Kamalia
31/07/2022,32.3,26.0,10.1,16.1,Kamalia
01/08/2022,30.5,24.6,25.3,11.6,Kamalia
02/08/2022,34.0,26.2,0.8,11.2,Kamalia
03/08/2022,34.0,26.6,1.8,9.7,Kamalia
04/08/2022,35.6,27.2,0.0,8.8,Kamalia
05/08/2022,33.3,27.5,3.4,15.1,Kamalia
06/08/2022,33.5,26.7,0.0,9.8,Kamalia
07/08/2022,34.7,27.4,0.4,14.0,Kamalia
08/08/2022,34.8,27.0,0.1,10.6,Kamalia
09/08/2022,35.8,27.9,0.0,8.7,Kamalia
10/08/2022,36.5,28.5,0.0,8.3,Kamalia
11/08/2022,34.5,29.4,1.1,18.4,Kamalia
12/08/2022,35.8,27.6,0.0,16.4,Kamalia
13/08/2022,37.2,27.8,0.0,17.4,Kamalia
14/08/2022,35.0,28.9,0.2,16.1,Kamalia
15/08/2022,34.2,27.1,5.4,16.1,Kamalia
16/08/2022,35.2,26.6,0.1,16.6,Kamalia
17/08/2022,31.7,26.9,8.2,29.9,Kamalia
18/08/2022,34.5,26.2,1.5,16.3,Kamalia
19/08/2022,34.8,26.8,0.2,15.9,Kamalia
20/08/2022,35.3,26.7,0.0,15.4,Kamalia
21/08/2022,35.7,26.0,0.0,14.4,Kamalia
22/08/2022,36.4,26.8,0.2,9.2,Kamalia
23/08/2022,37.8,29.4,3.2,20.2,Kamalia
24/08/2022,35.1,29.4,0.4,26.3,Kamalia
25/08/2022,33.5,27.5,3.7,18.1,Kamalia
26/08/2022,34.8,26.5,0.0,13.2,Kamalia
27/08/2022,35.0,26.9,0.3,14.5,Kamalia
28/08/2022,35.4,27.2,0.8,10.1,Kamalia
29/08/2022,34.2,28.1,2.2,11.2,Kamalia
30/08/2022,36.0,26.0,5.5,11.8,Kamalia
31/08/2022,38.2,27.6,0.0,10.5,Kamalia
01/09/2022,38.2,27.6,0.0,11.2,Kamalia
02/09/2022,38.5,27.9,0.0,13.3,Kamalia
03/09/2022,38.5,27.9,0.0,13.7,Kamalia
04/09/2022,36.8,28.2,0.0,15.2,Kamalia
05/09/2022,35.3,26.9,3.1,15.5,Kamalia
06/09/2022,35.2,25.7,0.1,9.0,Kamalia
07/09/2022,36.0,26.5,0.2,11.3,Kamalia
08/09/2022,36.8,27.1,0.0,7.4,Kamalia
09/09/2022,37.5,27.5,0.0,10.4,Kamalia
10/09/2022,38.1,27.9,0.0,13.1,Kamalia
11/09/2022,37.3,28.6,0.0,14.0,Kamalia
12/09/2022,35.8,26.4,5.1,11.2,Kamalia
13/09/2022,36.2,25.9,0.2,18.0,Kamalia
14/09/2022,36.8,27.0,0.0,7.7,Kamalia
15/09/2022,37.0,26.9,0.0,10.0,Kamalia
16/09/2022,37.2,27.2,0.0,16.2,Kamalia
17/09/2022,36.7,26.2,0.0,13.9,Kamalia
18/09/2022,37.2,26.2,0.0,12.0,Kamalia
19/09/2022,36.7,26.0,0.0,10.6,Kamalia
20/09/2022,36.8,26.0,0.0,10.5,Kamalia
21/09/2022,37.3,25.6,0.5,16.3,Kamalia
22/09/2022,37.0,25.0,0.0,10.3,Kamalia
23/09/2022,36.7,26.1,0.0,16.5,Kamalia
24/09/2022,33.8,25.2,0.0,17.6,Kamalia
25/09/2022,34.5,23.7,0.0,18.7,Kamalia
26/09/2022,32.9,22.9,3.0,18.0,Kamalia
27/09/2022,34.0,24.7,0.0,7.3,Kamalia
28/09/2022,35.7,24.6,0.0,8.9,Kamalia
29/09/2022,36.0,23.4,0.0,8.7,Kamalia
30/09/2022,36.6,23.6,0.0,9.3,Kamalia
01/10/2022,37.0,23.2,0.0,13.8,Kamalia
02/10/2022,36.8,23.9,0.0,17.0,Kamalia
03/10/2022,36.2,22.9,0.0,14.8,Kamalia
04/10/2022,35.9,22.5,0.0,9.8,Kamalia
05/10/2022,36.5,22.2,0.0,10.5,Kamalia
06/10/2022,36.8,25.0,0.0,16.6,Kamalia
07/10/2022,35.3,23.7,0.0,12.3,Kamalia
08/10/2022,34.3,22.8,0.0,14.7,Kamalia
09/10/2022,34.0,21.6,0.0,10.6,Kamalia
10/10/2022,31.9,22.0,1.4,14.0,Kamalia
11/10/2022,33.0,21.6,0.0,13.6,Kamalia
12/10/2022,33.5,21.5,0.0,12.1,Kamalia
13/10/2022,34.0,20.3,0.0,10.1,Kamalia
14/10/2022,33.9,19.8,0.0,11.1,Kamalia
15/10/2022,34.2,18.5,0.0,11.8,Kamalia
16/10/2022,35.3,19.6,0.0,13.0,Kamalia
17/10/2022,35.5,19.8,0.0,12.3,Kamalia
18/10/2022,34.6,18.5,0.0,14.3,Kamalia
19/10/2022,33.8,16.9,0.0,13.4,Kamalia
20/10/2022,31.8,19.5,0.0,22.2,Kamalia
21/10/2022,31.5,18.6,0.0,14.2,Kamalia
22/10/2022,31.5,17.5,0.0,9.1,Kamalia
23/10/2022,31.9,17.8,0.0,10.3,Kamalia
24/10/2022,32.0,17.6,0.0,11.4,Kamalia
25/10/2022,32.8,17.6,0.0,8.7,Kamalia
26/10/2022,33.5,18.2,0.0,10.8,Kamalia
27/10/2022,33.2,18.8,0.0,10.5,Kamalia
28/10/2022,33.0,18.1,0.0,9.2,Kamalia
29/10/2022,34.1,18.2,0.0,10.5,Kamalia
30/10/2022,33.8,17.2,0.0,10.5,Kamalia
31/10/2022,33.5,19.0,0.0,16.6,Kamalia
01/11/2022,31.8,18.9,0.0,12.3,Kamalia
02/11/2022,32.5,18.7,0.0,10.0,Kamalia
03/11/2022,33.4,19.1,0.0,9.1,Kamalia
04/11/2022,34.1,20.5,0.0,11.0,Kamalia
05/11/2022,32.8,20.0,0.0,33.4,Kamalia
06/11/2022,29.8,18.6,0.4,20.7,Kamalia
07/11/2022,28.2,17.4,0.0,15.8,Kamalia
08/11/2022,28.1,16.4,0.0,9.5,Kamalia
09/11/2022,28.0,17.1,3.4,16.8,Kamalia
10/11/2022,27.4,16.2,1.3,17.8,Kamalia
11/11/2022,26.9,14.9,0.0,8.3,Kamalia
12/11/2022,27.7,14.8,0.0,9.6,Kamalia
13/11/2022,29.0,15.8,0.0,13.0,Kamalia
14/11/2022,24.1,16.6,0.5,18.2,Kamalia
15/11/2022,24.2,14.1,0.0,13.7,Kamalia
16/11/2022,25.2,12.4,0.0,8.8,Kamalia
17/11/2022,26.2,12.1,0.0,11.7,Kamalia
18/11/2022,26.4,11.1,0.0,8.9,Kamalia
19/11/2022,26.4,13.8,0.0,11.2,Kamalia
20/11/2022,25.6,12.3,0.0,9.5,Kamalia
21/11/2022,26.5,11.6,0.0,12.1,Kamalia
22/11/2022,27.4,11.6,0.0,12.0,Kamalia
23/11/2022,27.0,11.1,0.0,11.1,Kamalia
24/11/2022,27.9,12.1,0.0,10.5,Kamalia
25/11/2022,27.8,11.2,0.0,10.6,Kamalia
26/11/2022,26.9,10.8,0.0,9.3,Kamalia
27/11/2022,26.1,12.9,0.0,9.7,Kamalia
28/11/2022,26.3,10.2,0.0,8.9,Kamalia
29/11/2022,26.4,10.1,0.0,10.1,Kamalia
30/11/2022,25.5,10.1,0.0,10.0,Kamalia
01/12/2022,25.1,10.8,0.0,10.1,Kamalia
02/12/2022,25.0,12.1,0.0,9.7,Kamalia
03/12/2022,25.2,10.8,0.0,9.3,Kamalia
04/12/2022,24.5,10.9,0.0,10.1,Kamalia
05/12/2022,24.0,9.2,0.0,7.3,Kamalia
06/12/2022,23.5,9.4,0.0,9.4,Kamalia
07/12/2022,24.0,9.9,0.0,9.5,Kamalia
08/12/2022,24.0,10.4,0.0,9.4,Kamalia
09/12/2022,24.5,12.4,0.0,10.7,Kamalia
10/12/2022,24.4,12.4,0.0,10.3,Kamalia
11/12/2022,24.5,12.1,0.0,10.7,Kamalia
12/12/2022,24.5,10.1,0.0,8.4,Kamalia
13/12/2022,24.0,10.8,0.0,13.4,Kamalia
14/12/2022,23.6,9.1,0.0,12.3,Kamalia
15/12/2022,23.8,9.4,0.0,10.3,Kamalia
16/12/2022,23.6,8.6,0.0,10.9,Kamalia
17/12/2022,23.5,7.9,0.0,10.5,Kamalia
18/12/2022,23.4,7.8,0.0,9.7,Kamalia
19/12/2022,23.0,7.8,0.0,10.3,Kamalia
20/12/2022,22.5,8.1,0.0,7.5,Kamalia
21/12/2022,22.0,8.6,0.0,6.8,Kamalia
22/12/2022,21.4,8.1,0.0,9.2,Kamalia
23/12/2022,20.1,6.9,0.0,10.8,Kamalia
24/12/2022,19.0,5.9,0.0,10.2,Kamalia
25/12/2022,15.6,5.8,0.0,10.5,Kamalia
26/12/2022,17.4,5.3,0.0,6.8,Kamalia
27/12/2022,18.4,6.2,0.0,10.1,Kamalia
28/12/2022,20.8,6.1,0.0,11.6,Kamalia
29/12/2022,18.5,10.9,6.6,12.1,Kamalia
30/12/2022,18.6,9.1,0.0,14.1,Kamalia
31/12/2022,19.5,6.2,0.0,12.5,Kamalia
01/01/2023,19.4,6.6,0.0,9.0,Kamalia
02/01/2023,19.5,6.1,0.0,9.3,Kamalia
03/01/2023,19.4,5.1,0.0,11.5,Kamalia
04/01/2023,20.0,5.3,0.0,10.9,Kamalia
05/01/2023,19.4,4.6,0.0,9.7,Kamalia
06/01/2023,17.6,4.1,0.0,7.4,Kamalia
07/01/2023,17.9,4.6,0.0,10.9,Kamalia
08/01/2023,15.9,5.6,0.0,9.3,Kamalia
09/01/2023,19.0,5.0,0.0,10.6,Kamalia
10/01/2023,19.1,6.7,0.0,9.7,Kamalia
11/01/2023,17.8,8.1,0.0,13.0,Kamalia
12/01/2023,17.6,8.5,0.0,13.3,Kamalia
13/01/2023,15.4,6.2,0.0,15.8,Kamalia
14/01/2023,16.0,3.5,0.0,12.0,Kamalia
15/01/2023,16.0,1.4,0.0,12.3,Kamalia
16/01/2023,17.1,1.4,0.0,7.9,Kamalia
17/01/2023,17.6,2.4,0.0,10.9,Kamalia
18/01/2023,17.6,4.3,0.3,9.7,Kamalia
19/01/2023,18.4,8.7,0.0,12.2,Kamalia
20/01/2023,15.0,9.4,2.1,8.1,Kamalia
21/01/2023,17.9,6.9,0.0,10.1,Kamalia
22/01/2023,18.2,5.5,0.0,8.6,Kamalia
23/01/2023,17.4,6.8,0.0,14.5,Kamalia
24/01/2023,18.9,7.5,0.0,11.3,Kamalia
25/01/2023,19.3,4.8,0.0,10.8,Kamalia
26/01/2023,18.5,3.0,0.0,11.9,Kamalia
27/01/2023,20.1,3.8,0.0,11.6,Kamalia
28/01/2023,22.1,6.6,0.0,10.5,Kamalia
29/01/2023,22.0,6.6,4.2,15.7,Kamalia
30/01/2023,19.6,9.8,0.7,17.7,Kamalia
31/01/2023,20.1,8.6,0.0,11.5,Kamalia
01/02/2023,23.0,7.2,0.0,12.2,Kamalia
02/02/2023,24.2,8.6,0.0,11.5,Kamalia
03/02/2023,25.2,8.7,0.0,10.6,Kamalia
04/02/2023,26.0,10.2,0.0,12.7,Kamalia
05/02/2023,26.6,11.0,0.0,11.9,Kamalia
06/02/2023,25.0,13.2,0.0,15.9,Kamalia
07/02/2023,24.5,10.0,0.0,11.4,Kamalia
08/02/2023,25.5,10.4,0.0,10.4,Kamalia
09/02/2023,24.9,13.8,0.0,14.6,Kamalia
10/02/2023,26.1,11.1,0.0,13.8,Kamalia
11/02/2023,23.4,10.1,0.0,15.9,Kamalia
12/02/2023,22.0,8.5,0.0,17.8,Kamalia
13/02/2023,23.2,6.9,0.0,11.3,Kamalia
14/02/2023,26.5,9.6,0.0,9.1,Kamalia
15/02/2023,29.1,11.6,0.0,10.4,Kamalia
16/02/2023,30.0,11.7,0.0,10.6,Kamalia
17/02/2023,29.6,11.8,0.0,9.7,Kamalia
18/02/2023,29.6,14.5,0.0,9.7,Kamalia
19/02/2023,30.1,14.1,0.0,12.6,Kamalia
20/02/2023,30.8,14.6,0.0,12.3,Kamalia
21/02/2023,28.6,15.1,0.0,17.1,Kamalia
22/02/2023,28.3,13.4,0.0,11.8,Kamalia
23/02/2023,29.1,12.3,0.0,11.4,Kamalia
24/02/2023,28.9,13.9,0.0,10.4,Kamalia
25/02/2023,30.3,14.4,0.0,12.0,Kamalia
26/02/2023,30.0,16.7,0.0,19.1,Kamalia
27/02/2023,29.6,15.9,0.0,11.2,Kamalia
28/02/2023,25.5,16.0,7.0,30.2,Kamalia
01/03/2023,25.0,15.1,0.6,15.0,Kamalia
02/03/2023,24.7,14.8,0.1,14.0,Kamalia
03/03/2023,27.1,14.7,0.0,11.4,Kamalia
04/03/2023,28.6,15.1,0.0,15.6,Kamalia
05/03/2023,29.8,15.2,0.0,13.4,Kamalia
06/03/2023,30.4,14.8,0.3,9.6,Kamalia
07/03/2023,29.4,15.4,0.0,11.4,Kamalia
08/03/2023,30.7,15.1,0.0,10.0,Kamalia
09/03/2023,30.8,15.2,0.0,10.5,Kamalia
10/03/2023,31.4,15.8,0.0,11.2,Kamalia
11/03/2023,32.2,17.8,0.0,16.2,Kamalia
12/03/2023,31.4,17.1,0.0,10.0,Kamalia
13/03/2023,30.0,18.2,1.3,19.3,Kamalia
14/03/2023,31.9,16.1,0.0,9.5,Kamalia
15/03/2023,33.0,18.5,0.0,17.2,Kamalia
16/03/2023,31.1,17.5,0.1,33.2,Kamalia
17/03/2023,24.7,16.0,0.9,16.9,Kamalia
18/03/2023,24.9,15.1,0.3,9.3,Kamalia
19/03/2023,24.5,14.9,0.0,7.7,Kamalia
20/03/2023,26.9,15.1,0.0,9.2,Kamalia
21/03/2023,26.4,15.2,0.2,13.2,Kamalia
22/03/2023,25.5,15.2,3.2,21.8,Kamalia
23/03/2023,27.9,15.6,0.3,18.1,Kamalia
24/03/2023,26.4,15.1,21.0,21.2,Kamalia
25/03/2023,23.9,13.1,4.4,18.4,Kamalia
26/03/2023,25.0,13.0,0.0,11.7,Kamalia
27/03/2023,27.5,13.3,0.0,8.4,Kamalia
28/03/2023,28.9,15.8,0.4,16.8,Kamalia
29/03/2023,29.3,18.6,4.5,21.7,Kamalia
30/03/2023,25.0,17.0,4.3,14.9,Kamalia
31/03/2023,23.0,16.2,8.1,15.8,Kamalia
01/04/2023,25.6,14.4,0.1,13.1,Kamalia
02/04/2023,26.9,16.1,8.2,18.2,Kamalia
03/04/2023,26.6,16.8,5.4,30.8,Kamalia
04/04/2023,27.4,15.0,0.8,12.8,Kamalia
05/04/2023,28.5,15.9,3.0,34.5,Kamalia
06/04/2023,28.8,15.1,0.0,11.0,Kamalia
07/04/2023,30.4,15.9,0.0,10.4,Kamalia
08/04/2023,32.3,16.4,0.0,10.5,Kamalia
09/04/2023,34.0,17.4,0.0,11.5,Kamalia
10/04/2023,35.5,17.5,0.0,16.1,Kamalia
11/04/2023,37.2,19.1,0.0,21.5,Kamalia
12/04/2023,37.1,20.5,0.0,13.6,Kamalia
13/04/2023,38.5,20.0,0.0,12.2,Kamalia
14/04/2023,40.4,20.2,0.0,12.7,Kamalia
15/04/2023,40.5,21.9,0.0,20.4,Kamalia
16/04/2023,38.6,23.4,0.0,21.7,Kamalia
17/04/2023,38.8,24.1,0.1,14.7,Kamalia
18/04/2023,35.9,21.5,1.2,26.8,Kamalia
19/04/2023,30.8,21.6,13.1,22.8,Kamalia
20/04/2023,32.5,20.4,1.9,16.6,Kamalia
21/04/2023,34.8,18.2,0.0,24.0,Kamalia
22/04/2023,33.2,19.2,1.2,19.8,Kamalia
23/04/2023,33.8,18.1,0.0,13.3,Kamalia
24/04/2023,35.8,19.0,0.0,14.6,Kamalia
25/04/2023,37.5,21.0,0.0,14.5,Kamalia
26/04/2023,38.9,22.5,0.1,22.6,Kamalia
27/04/2023,38.0,23.7,0.0,16.7,Kamalia
28/04/2023,35.0,24.2,0.4,17.6,Kamalia
29/04/2023,31.4,22.5,1.3,20.4,Kamalia
30/04/2023,32.5,20.7,6.5,15.2,Kamalia
01/05/2023,29.8,20.9,1.6,17.6,Kamalia
02/05/2023,29.1,19.1,0.9,12.9,Kamalia
03/05/2023,32.0,19.6,0.0,11.9,Kamalia
04/05/2023,33.5,20.1,4.6,30.4,Kamalia
05/05/2023,32.9,20.6,0.0,10.9,Kamalia
06/05/2023,35.7,22.5,0.1,16.5,Kamalia
07/05/2023,35.7,21.5,0.0,17.7,Kamalia
08/05/2023,34.8,21.3,0.0,23.2,Kamalia
09/05/2023,36.0,20.2,0.0,12.7,Kamalia
10/05/2023,36.7,21.1,0.0,11.9,Kamalia
11/05/2023,39.5,21.8,0.0,11.8,Kamalia
12/05/2023,41.0,24.2,0.0,11.3,Kamalia
13/05/2023,41.6,25.8,0.0,15.8,Kamalia
14/05/2023,39.3,26.0,0.0,13.3,Kamalia
15/05/2023,41.1,25.0,0.0,12.1,Kamalia
16/05/2023,40.0,25.1,0.0,15.7,Kamalia
17/05/2023,40.1,24.8,0.0,20.9,Kamalia
18/05/2023,36.0,23.5,0.0,8.9,Kamalia
19/05/2023,38.0,23.7,0.0,14.5,Kamalia
20/05/2023,41.7,24.1,0.0,14.9,Kamalia
21/05/2023,41.7,26.0,0.0,15.3,Kamalia
22/05/2023,42.3,25.9,2.9,24.9,Kamalia
23/05/2023,40.5,27.5,0.0,32.8,Kamalia
24/05/2023,37.5,26.0,1.3,18.1,Kamalia
25/05/2023,34.0,25.1,5.5,16.5,Kamalia
26/05/2023,34.7,23.1,4.1,22.1,Kamalia
27/05/2023,35.1,23.8,0.0,13.7,Kamalia
28/05/2023,35.4,24.3,0.3,36.2,Kamalia
29/05/2023,30.8,22.9,25.6,27.2,Kamalia
30/05/2023,31.9,22.1,0.1,13.8,Kamalia
31/05/2023,29.5,22.0,1.0,13.9,Kamalia
01/06/2023,28.0,20.2,29.8,15.2,Kamalia
02/06/2023,30.9,18.8,0.0,7.1,Kamalia
03/06/2023,34.2,20.9,0.0,9.0,Kamalia
04/06/2023,35.8,23.5,0.3,8.3,Kamalia
05/06/2023,37.4,23.8,0.0,24.0,Kamalia
06/06/2023,38.0,24.4,0.2,22.6,Kamalia
07/06/2023,37.8,23.5,0.3,11.9,Kamalia
08/06/2023,39.5,25.4,0.0,9.4,Kamalia
09/06/2023,41.5,26.5,0.0,15.4,Kamalia
10/06/2023,40.5,26.9,0.0,14.1,Kamalia
11/06/2023,37.5,27.2,0.6,11.7,Kamalia
12/06/2023,40.5,27.9,0.0,20.1,Kamalia
13/06/2023,41.0,29.5,0.0,24.1,Kamalia
14/06/2023,40.2,29.2,0.0,27.3,Kamalia
15/06/2023,38.1,29.0,1.1,21.0,Kamalia
16/06/2023,38.6,28.8,0.2,13.9,Kamalia
17/06/2023,40.2,29.1,0.0,12.8,Kamalia
18/06/2023,41.2,28.5,0.0,10.9,Kamalia
19/06/2023,41.2,29.7,0.0,11.6,Kamalia
20/06/2023,43.6,30.9,0.0,15.5,Kamalia
21/06/2023,43.5,32.4,0.0,16.5,Kamalia
22/06/2023,43.9,33.0,0.0,18.4,Kamalia
23/06/2023,43.5,33.8,0.0,19.1,Kamalia
24/06/2023,43.3,33.5,0.0,17.3,Kamalia
25/06/2023,43.3,33.4,0.0,27.6,Kamalia
26/06/2023,39.0,30.5,0.3,19.0,Kamalia
27/06/2023,38.8,28.9,0.0,14.5,Kamalia
28/06/2023,38.8,30.3,0.0,19.8,Kamalia
29/06/2023,37.5,29.7,2.9,13.6,Kamalia
30/06/2023,36.0,25.6,14.8,23.8,Kamalia
01/07/2023,38.8,28.3,0.0,13.2,Kamalia
02/07/2023,38.5,27.9,0.2,16.6,Kamalia
03/07/2023,40.7,30.4,0.0,12.5,Kamalia
04/07/2023,40.5,31.4,0.0,22.3,Kamalia
05/07/2023,38.4,27.9,0.5,25.4,Kamalia
06/07/2023,33.8,24.5,15.0,19.9,Kamalia
07/07/2023,33.8,24.6,12.3,20.9,Kamalia
08/07/2023,31.5,25.4,9.8,14.4,Kamalia
09/07/2023,33.8,25.9,0.0,11.8,Kamalia
10/07/2023,34.8,25.5,0.0,12.3,Kamalia
11/07/2023,37.0,26.3,0.0,9.4,Kamalia
12/07/2023,39.2,27.9,0.0,17.0,Kamalia
13/07/2023,36.6,28.0,0.4,21.4,Kamalia
14/07/2023,36.4,28.6,0.2,10.9,Kamalia
15/07/2023,38.0,29.2,1.0,10.7,Kamalia
16/07/2023,36.7,28.5,1.0,11.2,Kamalia
17/07/2023,37.0,28.4,0.0,9.3,Kamalia
18/07/2023,38.5,29.7,0.0,15.2,Kamalia
19/07/2023,37.0,29.2,0.0,20.2,Kamalia
20/07/2023,34.5,26.8,12.9,10.9,Kamalia
21/07/2023,36.5,27.6,7.2,9.7,Kamalia
22/07/2023,33.5,27.5,12.8,17.0,Kamalia
23/07/2023,34.7,26.2,9.5,15.6,Kamalia
24/07/2023,34.9,28.3,9.1,11.2,Kamalia
25/07/2023,33.5,27.8,8.4,14.1,Kamalia
26/07/2023,33.9,26.6,25.1,10.5,Kamalia
27/07/2023,32.6,26.6,4.0,10.5,Kamalia
28/07/2023,33.7,25.8,2.0,14.4,Kamalia
29/07/2023,33.2,25.2,18.3,20.6,Kamalia
30/07/2023,34.2,25.9,0.1,9.5,Kamalia
31/07/2023,35.5,27.5,0.0,15.1,Kamalia
01/08/2023,36.2,25.6,0.2,18.9,Kamalia
02/08/2023,36.5,28.9,0.6,15.1,Kamalia
03/08/2023,35.8,28.5,0.2,12.1,Kamalia
04/08/2023,36.4,28.6,0.0,14.7,Kamalia
05/08/2023,35.7,29.0,0.5,12.6,Kamalia
06/08/2023,36.0,29.4,0.0,17.1,Kamalia
07/08/2023,35.1,29.1,0.0,18.8,Kamalia
08/08/2023,35.9,28.2,0.1,15.6,Kamalia
09/08/2023,36.8,29.1,0.0,19.0,Kamalia
10/08/2023,37.0,29.4,0.0,18.1,Kamalia
11/08/2023,37.2,29.0,0.0,17.0,Kamalia
12/08/2023,37.3,29.0,0.0,15.9,Kamalia
13/08/2023,36.8,28.9,0.0,18.5,Kamalia
14/08/2023,37.0,30.0,0.0,17.0,Kamalia
15/08/2023,37.2,29.3,5.6,15.9,Kamalia
16/08/2023,38.1,28.5,0.0,14.3,Kamalia
17/08/2023,37.5,29.4,0.0,16.5,Kamalia
18/08/2023,37.9,29.3,0.0,13.8,Kamalia
19/08/2023,38.7,29.6,0.0,11.9,Kamalia
20/08/2023,37.8,29.5,0.0,12.0,Kamalia
21/08/2023,38.7,30.0,0.0,11.9,Kamalia
22/08/2023,40.2,31.0,0.0,16.5,Kamalia
23/08/2023,38.0,30.9,0.0,21.1,Kamalia
24/08/2023,36.3,28.8,0.0,17.0,Kamalia
25/08/2023,36.5,26.1,0.1,20.0,Kamalia
26/08/2023,32.0,25.5,1.5,18.4,Kamalia
27/08/2023,35.6,26.5,0.0,11.1,Kamalia
28/08/2023,35.8,28.0,0.0,13.4,Kamalia
29/08/2023,36.2,25.0,0.2,24.2,Kamalia
30/08/2023,38.3,27.0,0.0,11.0,Kamalia
31/08/2023,38.1,27.4,0.0,15.6,Kamalia
01/09/2023,37.9,27.5,0.0,20.1,Kamalia
02/09/2023,36.5,26.9,0.0,19.9,Kamalia
03/09/2023,36.0,26.8,0.0,15.8,Kamalia
04/09/2023,36.7,26.4,0.0,13.8,Kamalia
05/09/2023,37.4,26.5,0.0,9.4,Kamalia
06/09/2023,37.7,27.2,0.0,9.4,Kamalia
07/09/2023,38.7,27.6,0.0,9.0,Kamalia
08/09/2023,39.2,26.7,0.0,12.9,Kamalia
09/09/2023,38.2,27.1,0.0,13.5,Kamalia
10/09/2023,38.0,28.4,0.0,15.1,Kamalia
11/09/2023,37.2,28.1,0.0,13.6,Kamalia
12/09/2023,38.4,28.4,0.0,11.2,Kamalia
13/09/2023,39.5,28.5,0.0,10.6,Kamalia
14/09/2023,39.5,29.5,0.0,13.0,Kamalia
15/09/2023,37.2,29.5,0.8,17.0,Kamalia
16/09/2023,36.8,27.7,0.0,14.2,Kamalia
17/09/2023,36.0,28.1,0.0,18.8,Kamalia
18/09/2023,34.0,26.6,0.5,20.2,Kamalia
19/09/2023,33.1,24.6,1.3,19.2,Kamalia
20/09/2023,34.0,25.5,0.9,8.6,Kamalia
21/09/2023,34.7,26.0,0.5,10.2,Kamalia
22/09/2023,36.7,27.2,0.1,15.9,Kamalia
23/09/2023,35.8,25.0,0.3,22.6,Kamalia
24/09/2023,33.7,23.6,12.5,13.9,Kamalia
25/09/2023,32.1,24.6,7.3,17.6,Kamalia
26/09/2023,33.7,23.8,0.0,8.7,Kamalia
27/09/2023,35.0,22.4,0.0,8.5,Kamalia
28/09/2023,36.1,23.3,0.0,17.0,Kamalia
29/09/2023,35.8,24.2,0.0,18.9,Kamalia
30/09/2023,34.1,22.0,0.0,11.8,Kamalia
01/10/2023,35.2,21.0,0.0,11.9,Kamalia
02/10/2023,35.5,20.8,0.0,13.0,Kamalia
03/10/2023,35.9,20.5,0.0,13.5,Kamalia
04/10/2023,36.2,20.5,0.0,11.5,Kamalia
05/10/2023,36.1,20.5,0.0,11.2,Kamalia
06/10/2023,36.2,21.7,0.0,16.0,Kamalia
07/10/2023,35.3,25.4,0.0,14.5,Kamalia
08/10/2023,36.5,25.0,0.0,7.7,Kamalia
09/10/2023,36.7,24.6,0.0,22.8,Kamalia
10/10/2023,34.0,22.0,0.0,15.8,Kamalia
11/10/2023,33.5,20.1,0.0,10.3,Kamalia
12/10/2023,34.8,20.6,0.0,9.4,Kamalia
13/10/2023,35.8,22.5,0.0,17.1,Kamalia
14/10/2023,34.3,22.8,0.0,19.9,Kamalia
15/10/2023,30.9,20.3,2.4,25.5,Kamalia
16/10/2023,26.5,19.2,6.4,23.9,Kamalia
17/10/2023,26.7,17.7,6.4,23.7,Kamalia
18/10/2023,26.8,16.5,0.0,10.1,Kamalia
19/10/2023,28.6,16.9,0.0,9.3,Kamalia
20/10/2023,30.0,18.1,0.9,21.4,Kamalia
21/10/2023,26.9,19.0,9.5,21.6,Kamalia
22/10/2023,26.6,17.6,7.2,19.5,Kamalia
23/10/2023,29.1,17.5,0.1,8.2,Kamalia
24/10/2023,29.2,18.0,0.4,9.2,Kamalia
25/10/2023,31.2,17.1,0.0,10.1,Kamalia
26/10/2023,31.4,18.2,0.0,9.7,Kamalia
27/10/2023,32.0,18.5,0.0,14.4,Kamalia
28/10/2023,31.7,19.8,0.0,12.2,Kamalia
29/10/2023,32.0,18.2,0.0,11.2,Kamalia
30/10/2023,32.2,19.5,0.0,11.8,Kamalia
31/10/2023,32.0,18.3,0.0,15.5,Kamalia
01/11/2023,30.5,18.5,1.3,22.4,Kamalia
02/11/2023,30.6,17.9,0.4,26.6,Kamalia
03/11/2023,29.6,18.5,0.5,13.7,Kamalia
04/11/2023,30.2,16.5,0.0,9.7,Kamalia
05/11/2023,30.4,16.0,0.0,8.8,Kamalia
06/11/2023,30.5,16.8,0.0,15.1,Kamalia
07/11/2023,29.2,17.3,0.0,15.0,Kamalia
08/11/2023,27.9,17.0,0.0,10.5,Kamalia
09/11/2023,28.5,16.9,11.1,27.0,Kamalia
10/11/2023,24.0,15.6,3.5,17.4,Kamalia
11/11/2023,24.2,13.2,0.0,6.5,Kamalia
12/11/2023,25.9,13.8,0.0,8.2,Kamalia
13/11/2023,26.1,14.1,0.0,8.3,Kamalia
14/11/2023,26.5,13.8,0.0,9.4,Kamalia
15/11/2023,26.9,13.7,0.0,10.7,Kamalia
16/11/2023,26.7,13.8,0.0,9.0,Kamalia
17/11/2023,26.5,12.8,0.0,9.4,Kamalia
18/11/2023,26.6,13.7,0.0,10.2,Kamalia
19/11/2023,26.6,14.3,0.0,10.7,Kamalia
20/11/2023,25.7,13.2,0.0,9.0,Kamalia
21/11/2023,25.0,12.3,0.0,11.8,Kamalia
22/11/2023,26.1,11.6,0.0,10.3,Kamalia
23/11/2023,27.0,13.3,0.0,13.5,Kamalia
24/11/2023,26.3,13.6,0.0,9.7,Kamalia
25/11/2023,24.8,14.2,0.0,7.4,Kamalia
26/11/2023,24.6,14.4,0.0,10.4,Kamalia
27/11/2023,24.3,14.4,0.8,17.1,Kamalia
28/11/2023,25.0,12.2,0.0,14.6,Kamalia
29/11/2023,25.7,14.0,0.0,8.2,Kamalia
30/11/2023,25.1,13.2,0.8,18.0,Kamalia
01/12/2023,24.0,12.2,0.0,11.9,Kamalia
02/12/2023,25.1,11.4,0.0,9.7,Kamalia
03/12/2023,24.7,12.0,0.0,10.4,Kamalia
04/12/2023,25.0,11.2,0.0,9.6,Kamalia
05/12/2023,24.5,9.6,0.0,8.2,Kamalia
06/12/2023,24.6,9.6,0.0,10.8,Kamalia
07/12/2023,24.6,9.9,0.0,11.8,Kamalia
08/12/2023,24.6,9.0,0.0,10.0,Kamalia
09/12/2023,24.5,9.8,0.0,9.8,Kamalia
10/12/2023,24.0,9.1,0.0,10.5,Kamalia
11/12/2023,23.5,8.1,0.0,8.9,Kamalia
12/12/2023,23.5,10.6,0.0,10.5,Kamalia
13/12/2023,23.1,9.0,0.0,10.5,Kamalia
14/12/2023,22.6,9.4,0.0,7.7,Kamalia
15/12/2023,22.7,9.9,0.0,9.5,Kamalia
16/12/2023,22.5,8.9,0.0,10.8,Kamalia
17/12/2023,21.5,9.8,0.0,9.8,Kamalia
18/12/2023,22.4,8.6,0.0,14.4,Kamalia
19/12/2023,22.7,7.5,0.0,11.6,Kamalia
20/12/2023,23.3,6.8,0.0,10.8,Kamalia
21/12/2023,22.9,7.8,0.0,10.8,Kamalia
22/12/2023,22.7,7.5,0.1,12.4,Kamalia
23/12/2023,24.0,10.8,0.0,10.2,Kamalia
24/12/2023,24.0,9.6,0.0,9.7,Kamalia
25/12/2023,25.4,10.1,0.0,10.8,Kamalia
26/12/2023,24.5,9.5,0.0,10.5,Kamalia
27/12/2023,23.8,8.4,0.0,9.7,Kamalia
28/12/2023,23.5,8.6,0.0,11.3,Kamalia
29/12/2023,21.6,8.4,0.0,8.9,Kamalia
30/12/2023,18.8,8.4,0.0,8.5,Kamalia
31/12/2023,18.0,7.6,0.0,9.2,Kamalia
2019-01-01,18.9,6.8,0.0,9.7,Toba Tek Singh
2019-01-02,19.5,7.9,0.0,10.7,Toba Tek Singh
2019-01-03,19.5,5.6,0.0,10.3,Toba Tek Singh
2019-01-04,19.4,7.6,0.0,8.4,Toba Tek Singh
2019-01-05,17.5,9.6,0.0,12.3,Toba Tek Singh
2019-01-06,17.1,6.4,0.0,11.6,Toba Tek Singh
2019-01-07,18.1,5.3,0.0,9.9,Toba Tek Singh
2019-01-08,18.1,8.1,0.0,11.1,Toba Tek Singh
2019-01-09,20.0,5.8,0.0,11.2,Toba Tek Singh
2019-01-10,19.9,6.2,0.0,15.0,Toba Tek Singh
2019-01-11,19.1,10.7,0.0,15.8,Toba Tek Singh
2019-01-12,16.3,8.8,0.6,15.3,Toba Tek Singh
2019-01-13,18.4,7.0,0.0,12.7,Toba Tek Singh
2019-01-14,17.6,3.2,0.0,12.4,Toba Tek Singh
2019-01-15,19.4,4.4,0.0,11.2,Toba Tek Singh
2019-01-16,19.5,5.8,0.0,12.2,Toba Tek Singh
2019-01-17,20.0,5.0,0.0,9.5,Toba Tek Singh
2019-01-18,19.8,6.7,0.0,6.5,Toba Tek Singh
2019-01-19,19.5,8.6,0.0,9.1,Toba Tek Singh
2019-01-20,18.7,9.2,2.5,15.9,Toba Tek Singh
2019-01-21,14.0,10.1,6.5,8.6,Toba Tek Singh
2019-01-22,17.0,9.1,1.3,14.9,Toba Tek Singh
2019-01-23,15.2,7.1,4.8,10.7,Toba Tek Singh
2019-01-24,16.5,4.7,0.0,10.5,Toba Tek Singh
2019-01-25,16.8,4.1,0.0,9.8,Toba Tek Singh
2019-01-26,17.2,3.7,0.0,12.7,Toba Tek Singh
2019-01-27,18.0,5.3,0.0,12.0,Toba Tek Singh
2019-01-28,18.9,4.2,0.0,11.3,Toba Tek Singh
2019-01-29,19.8,4.6,0.0,9.3,Toba Tek Singh
2019-01-30,16.2,10.1,4.6,14.7,Toba Tek Singh
2019-01-31,12.8,8.4,8.1,17.4,Toba Tek Singh
2019-02-01,16.8,6.3,0.0,14.9,Toba Tek Singh
2019-02-02,18.9,6.5,0.0,8.9,Toba Tek Singh
2019-02-03,20.6,6.3,0.0,9.5,Toba Tek Singh
2019-02-04,20.9,7.8,0.0,8.4,Toba Tek Singh
2019-02-05,21.6,9.1,0.2,9.0,Toba Tek Singh
2019-02-06,18.7,11.8,1.4,12.7,Toba Tek Singh
2019-02-07,16.5,8.4,0.2,15.1,Toba Tek Singh
2019-02-08,16.9,6.7,0.0,17.1,Toba Tek Singh
2019-02-09,19.0,5.2,0.0,10.3,Toba Tek Singh
2019-02-10,20.2,7.2,0.0,10.1,Toba Tek Singh
2019-02-11,20.0,8.5,0.0,7.9,Toba Tek Singh
2019-02-12,20.5,11.6,0.0,8.2,Toba Tek Singh
2019-02-13,20.1,10.1,0.1,10.5,Toba Tek Singh
2019-02-14,19.9,10.4,3.4,11.9,Toba Tek Singh
2019-02-15,19.9,7.2,0.0,9.2,Toba Tek Singh
2019-02-16,21.3,7.3,0.0,10.9,Toba Tek Singh
2019-02-17,21.1,9.1,0.3,18.1,Toba Tek Singh
2019-02-18,20.8,10.4,2.1,17.2,Toba Tek Singh
2019-02-19,20.4,7.7,0.5,15.5,Toba Tek Singh
2019-02-20,19.5,11.6,11.4,15.7,Toba Tek Singh
2019-02-21,20.0,10.9,8.5,13.9,Toba Tek Singh
2019-02-22,20.1,7.8,0.0,11.0,Toba Tek Singh
2019-02-23,21.0,7.2,0.0,11.2,Toba Tek Singh
2019-02-24,21.1,8.8,1.4,21.7,Toba Tek Singh
2019-02-25,19.5,9.6,1.4,15.3,Toba Tek Singh
2019-02-26,18.6,6.8,0.4,15.7,Toba Tek Singh
2019-02-27,17.5,7.9,1.4,11.0,Toba Tek Singh
2019-02-28,20.2,7.2,0.1,9.7,Toba Tek Singh
2019-03-01,20.7,10.9,0.0,17.3,Toba Tek Singh
2019-03-02,17.0,11.4,7.0,18.8,Toba Tek Singh
2019-03-03,16.1,10.8,12.5,15.5,Toba Tek Singh
2019-03-04,20.3,8.6,0.0,12.9,Toba Tek Singh
2019-03-05,22.1,8.1,0.0,10.5,Toba Tek Singh
2019-03-06,23.4,10.4,0.0,10.2,Toba Tek Singh
2019-03-07,23.0,11.9,0.1,17.2,Toba Tek Singh
2019-03-08,21.1,11.1,0.6,13.1,Toba Tek Singh
2019-03-09,23.5,10.1,0.0,9.0,Toba Tek Singh
2019-03-10,24.1,9.5,0.2,10.5,Toba Tek Singh
2019-03-11,20.2,12.3,7.0,15.1,Toba Tek Singh
2019-03-12,21.5,10.6,0.0,13.9,Toba Tek Singh
2019-03-13,23.0,11.6,0.0,9.4,Toba Tek Singh
2019-03-14,20.5,11.4,2.9,15.5,Toba Tek Singh
2019-03-15,23.8,9.1,0.0,9.5,Toba Tek Singh
2019-03-16,24.3,11.4,0.0,8.6,Toba Tek Singh
2019-03-17,26.9,11.4,0.0,9.7,Toba Tek Singh
2019-03-18,26.9,13.9,0.0,9.4,Toba Tek Singh
2019-03-19,28.0,15.2,0.0,21.2,Toba Tek Singh
2019-03-20,25.2,13.3,0.2,22.0,Toba Tek Singh
2019-03-21,26.4,13.4,0.0,12.2,Toba Tek Singh
2019-03-22,27.6,13.1,0.0,8.5,Toba Tek Singh
2019-03-23,25.3,15.4,0.4,16.9,Toba Tek Singh
2019-03-24,25.2,14.0,1.3,9.8,Toba Tek Singh
2019-03-25,29.0,15.1,0.0,10.5,Toba Tek Singh
2019-03-26,31.5,14.7,0.0,10.8,Toba Tek Singh
2019-03-27,32.5,18.2,0.0,9.4,Toba Tek Singh
2019-03-28,33.5,19.9,0.0,10.0,Toba Tek Singh
2019-03-29,31.9,21.1,0.0,11.8,Toba Tek Singh
2019-03-30,32.2,19.6,0.0,20.3,Toba Tek Singh
2019-03-31,31.8,17.1,0.0,15.0,Toba Tek Singh
2019-04-01,33.9,16.2,0.0,11.2,Toba Tek Singh
2019-04-02,34.3,18.6,0.0,10.5,Toba Tek Singh
2019-04-03,35.7,20.7,0.0,10.2,Toba Tek Singh
2019-04-04,36.5,21.9,0.0,11.5,Toba Tek Singh
2019-04-05,37.3,20.5,0.0,12.5,Toba Tek Singh
2019-04-06,37.2,21.1,0.0,20.0,Toba Tek Singh
2019-04-07,36.4,20.8,0.0,16.1,Toba Tek Singh
2019-04-08,34.8,21.3,0.0,9.1,Toba Tek Singh
2019-04-09,36.1,21.0,0.0,20.4,Toba Tek Singh
2019-04-10,34.2,21.1,0.0,15.2,Toba Tek Singh
2019-04-11,35.0,20.7,0.0,20.2,Toba Tek Singh
2019-04-12,32.8,21.5,0.0,13.6,Toba Tek Singh
2019-04-13,32.2,21.4,2.2,15.9,Toba Tek Singh
2019-04-14,32.6,21.7,0.1,13.9,Toba Tek Singh
2019-04-15,34.5,21.2,22.2,26.0,Toba Tek Singh
2019-04-16,28.3,19.0,5.9,26.5,Toba Tek Singh
2019-04-17,24.0,17.5,5.5,16.0,Toba Tek Singh
2019-04-18,25.5,16.7,0.0,8.2,Toba Tek Singh
2019-04-19,29.4,16.5,0.0,8.7,Toba Tek Singh
2019-04-20,32.5,18.4,0.0,10.1,Toba Tek Singh
2019-04-21,34.5,21.0,0.0,9.2,Toba Tek Singh
2019-04-22,37.5,21.6,0.0,12.0,Toba Tek Singh
2019-04-23,39.2,22.5,0.0,22.1,Toba Tek Singh
2019-04-24,36.5,23.5,0.0,23.3,Toba Tek Singh
2019-04-25,35.8,21.0,0.2,14.4,Toba Tek Singh
2019-04-26,36.0,22.2,0.0,12.2,Toba Tek Singh
2019-04-27,37.2,22.5,0.0,10.2,Toba Tek Singh
2019-04-28,38.0,23.4,0.0,11.0,Toba Tek Singh
2019-04-29,38.7,24.2,0.0,13.5,Toba Tek Singh
2019-04-30,37.3,25.4,0.0,25.6,Toba Tek Singh
2019-05-01,37.3,24.0,0.0,17.8,Toba Tek Singh
2019-05-02,36.0,23.0,0.0,18.5,Toba Tek Singh
2019-05-03,35.0,22.0,0.0,17.3,Toba Tek Singh
2019-05-04,36.7,21.2,0.0,11.5,Toba Tek Singh
2019-05-05,38.5,22.5,0.0,12.9,Toba Tek Singh
2019-05-06,39.6,23.4,0.0,13.8,Toba Tek Singh
2019-05-07,39.8,23.8,0.0,16.5,Toba Tek Singh
2019-05-08,41.2,25.9,0.0,14.8,Toba Tek Singh
2019-05-09,40.8,23.6,0.0,15.5,Toba Tek Singh
2019-05-10,40.0,25.8,0.0,24.2,Toba Tek Singh
2019-05-11,38.0,24.4,1.7,15.3,Toba Tek Singh
2019-05-12,36.6,24.0,0.0,7.8,Toba Tek Singh
2019-05-13,35.3,25.4,0.4,16.3,Toba Tek Singh
2019-05-14,36.0,23.8,0.1,14.2,Toba Tek Singh
2019-05-15,33.8,24.4,0.0,16.9,Toba Tek Singh
2019-05-16,31.9,22.8,0.0,7.2,Toba Tek Singh
2019-05-17,28.6,22.4,10.4,11.0,Toba Tek Singh
2019-05-18,32.2,21.1,0.2,8.6,Toba Tek Singh
2019-05-19,35.4,22.8,0.0,17.7,Toba Tek Singh
2019-05-20,36.0,23.5,0.0,11.8,Toba Tek Singh
2019-05-21,37.3,24.0,0.0,13.5,Toba Tek Singh
2019-05-22,37.8,25.0,0.0,14.7,Toba Tek Singh
2019-05-23,36.4,26.5,0.0,15.0,Toba Tek Singh
2019-05-24,33.8,23.1,0.0,17.3,Toba Tek Singh
2019-05-25,34.5,22.2,0.0,12.1,Toba Tek Singh
2019-05-26,36.5,23.0,0.0,8.1,Toba Tek Singh
2019-05-27,38.2,25.1,0.0,11.2,Toba Tek Singh
2019-05-28,40.3,24.4,0.0,12.4,Toba Tek Singh
2019-05-29,42.0,25.8,0.0,15.4,Toba Tek Singh
2019-05-30,43.2,26.9,0.0,17.6,Toba Tek Singh
2019-05-31,43.7,26.4,0.0,12.3,Toba Tek Singh
2019-06-01,43.3,26.3,0.0,14.6,Toba Tek Singh
2019-06-02,44.0,27.4,0.0,12.0,Toba Tek Singh
2019-06-03,43.6,27.8,0.0,13.4,Toba Tek Singh
2019-06-04,41.8,27.5,0.0,18.7,Toba Tek Singh
2019-06-05,40.8,27.5,0.0,15.3,Toba Tek Singh
2019-06-06,39.9,26.8,0.0,13.4,Toba Tek Singh
2019-06-07,40.8,25.8,0.0,9.8,Toba Tek Singh
2019-06-08,42.3,27.4,0.0,13.0,Toba Tek Singh
2019-06-09,43.3,27.0,0.0,14.2,Toba Tek Singh
2019-06-10,43.6,27.9,0.0,13.0,Toba Tek Singh
2019-06-11,43.1,30.5,0.0,21.0,Toba Tek Singh
2019-06-12,40.8,29.8,0.0,25.2,Toba Tek Singh
2019-06-13,41.2,28.1,0.0,18.1,Toba Tek Singh
2019-06-14,41.8,26.6,0.0,9.8,Toba Tek Singh
2019-06-15,41.5,30.7,0.2,22.5,Toba Tek Singh
2019-06-16,39.1,27.9,0.0,14.1,Toba Tek Singh
2019-06-17,39.8,28.9,0.3,19.7,Toba Tek Singh
2019-06-18,35.6,26.5,8.0,24.2,Toba Tek Singh
2019-06-19,36.7,26.0,0.0,6.2,Toba Tek Singh
2019-06-20,38.0,28.0,0.4,22.2,Toba Tek Singh
2019-06-21,37.2,25.5,0.1,8.1,Toba Tek Singh
2019-06-22,37.6,28.1,0.1,9.8,Toba Tek Singh
2019-06-23,37.5,28.6,0.4,22.3,Toba Tek Singh
2019-06-24,31.2,25.8,13.7,14.9,Toba Tek Singh
2019-06-25,36.0,25.5,0.1,8.7,Toba Tek Singh
2019-06-26,37.8,26.9,0.1,15.0,Toba Tek Singh
2019-06-27,38.8,26.0,0.0,11.1,Toba Tek Singh
2019-06-28,39.6,28.5,3.6,18.6,Toba Tek Singh
2019-06-29,41.2,29.7,2.8,16.6,Toba Tek Singh
2019-06-30,38.2,28.0,0.0,20.3,Toba Tek Singh
2019-07-01,39.5,29.8,4.8,15.7,Toba Tek Singh
2019-07-02,40.5,29.0,0.0,12.0,Toba Tek Singh
2019-07-03,41.2,29.6,0.0,10.2,Toba Tek Singh
2019-07-04,42.0,30.5,0.0,16.9,Toba Tek Singh
2019-07-05,40.2,29.8,0.0,20.2,Toba Tek Singh
2019-07-06,36.7,29.0,3.6,16.0,Toba Tek Singh
2019-07-07,36.8,27.7,4.5,14.2,Toba Tek Singh
2019-07-08,38.6,29.6,0.0,9.6,Toba Tek Singh
2019-07-09,39.2,30.8,0.0,12.0,Toba Tek Singh
2019-07-10,38.2,31.1,0.0,16.5,Toba Tek Singh
2019-07-11,38.2,30.6,0.0,16.7,Toba Tek Singh
2019-07-12,38.0,30.0,0.0,15.5,Toba Tek Singh
2019-07-13,37.7,27.1,0.0,14.9,Toba Tek Singh
2019-07-14,37.0,28.0,0.1,17.6,Toba Tek Singh
2019-07-15,35.0,26.0,5.1,17.7,Toba Tek Singh
2019-07-16,35.6,26.1,12.2,18.8,Toba Tek Singh
2019-07-17,34.7,24.5,10.1,15.3,Toba Tek Singh
2019-07-18,35.6,26.0,8.4,17.1,Toba Tek Singh
2019-07-19,34.4,25.8,14.6,12.6,Toba Tek Singh
2019-07-20,35.6,27.2,0.1,10.2,Toba Tek Singh
2019-07-21,35.7,28.5,1.0,10.7,Toba Tek Singh
2019-07-22,37.1,28.9,0.0,12.6,Toba Tek Singh
2019-07-23,38.5,29.5,0.0,10.0,Toba Tek Singh
2019-07-24,40.6,30.6,0.0,10.9,Toba Tek Singh
2019-07-25,39.0,29.5,5.7,20.4,Toba Tek Singh
2019-07-26,34.2,27.4,10.7,10.6,Toba Tek Singh
2019-07-27,34.5,27.6,0.9,13.0,Toba Tek Singh
2019-07-28,33.0,26.6,3.7,15.6,Toba Tek Singh
2019-07-29,33.8,27.0,1.7,15.0,Toba Tek Singh
2019-07-30,35.7,28.4,0.6,8.9,Toba Tek Singh
2019-07-31,37.1,29.4,0.6,15.5,Toba Tek Singh
2019-08-01,37.8,28.9,1.0,16.5,Toba Tek Singh
2019-08-02,33.3,27.0,10.5,13.0,Toba Tek Singh
2019-08-03,35.3,27.0,0.4,12.2,Toba Tek Singh
2019-08-04,36.0,27.9,0.4,8.0,Toba Tek Singh
2019-08-05,37.0,28.5,0.2,8.9,Toba Tek Singh
2019-08-06,38.3,30.2,0.6,16.3,Toba Tek Singh
2019-08-07,37.7,28.0,23.6,17.0,Toba Tek Singh
2019-08-08,36.3,28.8,7.0,11.7,Toba Tek Singh
2019-08-09,34.8,27.5,7.1,16.0,Toba Tek Singh
2019-08-10,34.7,27.0,1.1,21.1,Toba Tek Singh
2019-08-11,34.0,26.7,10.8,16.0,Toba Tek Singh
2019-08-12,36.3,28.2,1.4,11.5,Toba Tek Singh
2019-08-13,37.5,29.1,0.0,18.0,Toba Tek Singh
2019-08-14,37.3,29.9,0.0,15.0,Toba Tek Singh
2019-08-15,37.4,29.5,0.2,10.0,Toba Tek Singh
2019-08-16,37.7,29.8,0.3,13.9,Toba Tek Singh
2019-08-17,34.4,27.5,4.9,18.6,Toba Tek Singh
2019-08-18,37.2,26.0,0.0,13.0,Toba Tek Singh
2019-08-19,36.7,24.8,1.5,20.2,Toba Tek Singh
2019-08-20,35.8,26.4,2.9,22.0,Toba Tek Singh
2019-08-21,39.0,28.8,0.1,14.1,Toba Tek Singh
2019-08-22,39.2,28.9,0.1,13.3,Toba Tek Singh
2019-08-23,40.5,29.0,0.0,12.4,Toba Tek Singh
2019-08-24,40.2,29.2,0.0,12.5,Toba Tek Singh
2019-08-25,40.3,30.5,0.0,14.6,Toba Tek Singh
2019-08-26,39.1,30.1,0.2,18.5,Toba Tek Singh
2019-08-27,38.7,29.6,0.0,10.1,Toba Tek Singh
2019-08-28,38.8,30.3,1.8,15.7,Toba Tek Singh
2019-08-29,40.0,31.2,1.6,16.6,Toba Tek Singh
2019-08-30,39.9,30.7,0.6,9.4,Toba Tek Singh
2019-08-31,36.2,28.5,1.0,10.3,Toba Tek Singh
2019-09-01,37.2,27.4,13.1,10.6,Toba Tek Singh
2019-09-02,34.5,27.3,7.9,11.3,Toba Tek Singh
2019-09-03,37.3,28.0,0.0,9.7,Toba Tek Singh
2019-09-04,39.2,29.9,0.0,9.1,Toba Tek Singh
2019-09-05,39.9,30.4,0.0,11.4,Toba Tek Singh
2019-09-06,40.7,30.6,0.0,12.7,Toba Tek Singh
2019-09-07,40.5,30.5,0.4,19.6,Toba Tek Singh
2019-09-08,38.0,29.8,2.9,13.5,Toba Tek Singh
2019-09-09,39.5,29.8,0.0,12.1,Toba Tek Singh
2019-09-10,40.8,29.9,0.0,14.3,Toba Tek Singh
2019-09-11,41.1,30.1,0.0,15.9,Toba Tek Singh
2019-09-12,39.8,29.0,0.0,15.2,Toba Tek Singh
2019-09-13,39.2,29.1,0.0,12.6,Toba Tek Singh
2019-09-14,39.2,29.5,0.0,14.0,Toba Tek Singh
2019-09-15,39.3,29.5,0.0,14.2,Toba Tek Singh
2019-09-16,39.3,29.6,0.0,15.7,Toba Tek Singh
2019-09-17,38.0,28.4,0.0,15.0,Toba Tek Singh
2019-09-18,39.8,27.5,0.0,10.1,Toba Tek Singh
2019-09-19,37.8,28.1,0.0,14.9,Toba Tek Singh
2019-09-20,34.9,27.8,0.0,15.1,Toba Tek Singh
2019-09-21,34.8,26.1,0.0,11.5,Toba Tek Singh
2019-09-22,36.2,26.5,0.0,9.8,Toba Tek Singh
2019-09-23,35.6,27.1,0.0,13.0,Toba Tek Singh
2019-09-24,36.5,26.9,0.0,14.3,Toba Tek Singh
2019-09-25,36.0,27.4,0.1,12.5,Toba Tek Singh
2019-09-26,36.4,27.5,0.0,11.7,Toba Tek Singh
2019-09-27,36.6,27.6,0.1,14.0,Toba Tek Singh
2019-09-28,36.5,27.5,2.7,18.8,Toba Tek Singh
2019-09-29,30.0,23.7,13.2,14.9,Toba Tek Singh
2019-09-30,31.5,22.5,0.0,9.2,Toba Tek Singh
2019-10-01,30.6,24.2,1.0,10.8,Toba Tek Singh
2019-10-02,30.9,22.8,1.4,8.7,Toba Tek Singh
2019-10-03,30.8,22.7,13.3,15.8,Toba Tek Singh
2019-10-04,28.1,21.0,9.2,23.9,Toba Tek Singh
2019-10-05,28.7,20.7,0.1,10.5,Toba Tek Singh
2019-10-06,28.5,21.2,0.4,15.8,Toba Tek Singh
2019-10-07,29.8,19.7,0.0,11.0,Toba Tek Singh
2019-10-08,31.5,19.1,0.0,9.9,Toba Tek Singh
2019-10-09,32.3,20.1,0.0,9.0,Toba Tek Singh
2019-10-10,32.7,20.0,0.0,8.6,Toba Tek Singh
2019-10-11,33.4,20.9,0.1,12.4,Toba Tek Singh
2019-10-12,34.1,21.6,0.0,10.2,Toba Tek Singh
2019-10-13,34.7,22.1,0.0,9.8,Toba Tek Singh
2019-10-14,34.8,22.0,0.0,12.7,Toba Tek Singh
2019-10-15,34.0,21.4,0.0,10.2,Toba Tek Singh
2019-10-16,34.2,22.4,0.0,10.0,Toba Tek Singh
2019-10-17,33.2,23.0,1.7,34.2,Toba Tek Singh
2019-10-18,27.3,21.0,1.6,30.5,Toba Tek Singh
2019-10-19,30.5,17.8,0.0,9.6,Toba Tek Singh
2019-10-20,30.0,17.3,0.0,8.7,Toba Tek Singh
2019-10-21,30.7,18.1,0.0,8.8,Toba Tek Singh
2019-10-22,32.0,18.4,0.0,11.5,Toba Tek Singh
2019-10-23,31.4,18.5,0.0,19.8,Toba Tek Singh
2019-10-24,31.5,19.1,0.0,12.3,Toba Tek Singh
2019-10-25,31.4,18.4,0.0,10.1,Toba Tek Singh
2019-10-26,31.0,18.6,0.0,9.4,Toba Tek Singh
2019-10-27,31.0,19.1,0.0,10.6,Toba Tek Singh
2019-10-28,31.9,18.9,0.0,11.6,Toba Tek Singh
2019-10-29,32.3,18.9,0.0,8.9,Toba Tek Singh
2019-10-30,31.9,17.7,0.0,12.0,Toba Tek Singh
2019-10-31,31.6,19.7,0.0,10.2,Toba Tek Singh
2019-11-01,29.2,20.1,0.4,17.7,Toba Tek Singh
2019-11-02,26.4,17.5,0.1,9.1,Toba Tek Singh
2019-11-03,27.5,18.8,0.0,11.3,Toba Tek Singh
2019-11-04,29.0,17.3,0.0,6.6,Toba Tek Singh
2019-11-05,29.6,17.1,0.0,14.8,Toba Tek Singh
2019-11-06,27.4,17.2,0.0,10.7,Toba Tek Singh
2019-11-07,23.4,14.0,0.6,21.9,Toba Tek Singh
2019-11-08,23.5,12.9,0.0,15.0,Toba Tek Singh
2019-11-09,25.6,12.4,0.0,10.4,Toba Tek Singh
2019-11-10,26.6,12.2,0.0,8.4,Toba Tek Singh
2019-11-11,25.4,12.7,0.0,9.8,Toba Tek Singh
2019-11-12,26.5,13.1,0.0,8.5,Toba Tek Singh
2019-11-13,26.5,14.1,0.0,13.2,Toba Tek Singh
2019-11-14,23.0,16.0,1.9,11.5,Toba Tek Singh
2019-11-15,23.6,14.2,2.1,9.8,Toba Tek Singh
2019-11-16,23.5,15.9,0.1,12.3,Toba Tek Singh
2019-11-17,25.0,14.4,0.0,11.9,Toba Tek Singh
2019-11-18,26.9,13.3,0.0,10.9,Toba Tek Singh
2019-11-19,26.5,11.9,0.0,10.0,Toba Tek Singh
2019-11-20,26.0,13.4,0.0,8.7,Toba Tek Singh
2019-11-21,25.1,14.4,0.0,10.0,Toba Tek Singh
2019-11-22,18.5,14.3,0.5,12.4,Toba Tek Singh
2019-11-23,22.4,12.6,0.0,10.0,Toba Tek Singh
2019-11-24,24.1,10.9,0.0,11.2,Toba Tek Singh
2019-11-25,24.2,12.1,0.0,10.5,Toba Tek Singh
2019-11-26,24.0,11.6,0.0,9.2,Toba Tek Singh
2019-11-27,23.0,11.4,0.0,11.5,Toba Tek Singh
2019-11-28,22.1,12.4,0.0,11.9,Toba Tek Singh
2019-11-29,22.2,9.4,0.0,10.7,Toba Tek Singh
2019-11-30,23.0,8.6,0.0,9.8,Toba Tek Singh
2019-12-01,23.6,8.9,0.0,10.5,Toba Tek Singh
2019-12-02,24.6,9.1,0.0,11.8,Toba Tek Singh
2019-12-03,24.6,8.1,0.0,10.6,Toba Tek Singh
2019-12-04,24.6,8.6,0.0,9.1,Toba Tek Singh
2019-12-05,24.0,7.9,0.0,10.8,Toba Tek Singh
2019-12-06,22.8,8.4,0.0,10.2,Toba Tek Singh
2019-12-07,23.0,8.6,0.0,11.0,Toba Tek Singh
2019-12-08,22.8,7.6,0.0,10.7,Toba Tek Singh
2019-12-09,22.2,8.5,0.0,8.4,Toba Tek Singh
2019-12-10,22.9,8.9,0.0,10.1,Toba Tek Singh
2019-12-11,21.9,9.8,0.0,9.0,Toba Tek Singh
2019-12-12,18.0,10.6,4.6,12.1,Toba Tek Singh
2019-12-13,16.9,8.8,0.0,11.8,Toba Tek Singh
2019-12-14,18.5,7.2,0.1,11.0,Toba Tek Singh
2019-12-15,17.8,8.3,0.0,9.4,Toba Tek Singh
2019-12-16,18.8,7.1,0.0,11.7,Toba Tek Singh
2019-12-17,20.1,6.2,0.0,10.1,Toba Tek Singh
2019-12-18,20.1,5.8,0.0,10.6,Toba Tek Singh
2019-12-19,19.2,7.8,0.0,8.4,Toba Tek Singh
2019-12-20,18.9,9.1,3.9,9.0,Toba Tek Singh
2019-12-21,19.0,8.1,0.0,9.4,Toba Tek Singh
2019-12-22,19.6,7.2,0.0,9.5,Toba Tek Singh
2019-12-23,18.2,7.8,0.0,7.9,Toba Tek Singh
2019-12-24,17.5,7.7,0.0,9.5,Toba Tek Singh
2019-12-25,15.7,5.8,0.0,9.7,Toba Tek Singh
2019-12-26,17.6,3.9,0.0,10.6,Toba Tek Singh
2019-12-27,14.1,3.8,0.0,10.0,Toba Tek Singh
2019-12-28,11.4,2.7,0.0,8.6,Toba Tek Singh
2019-12-29,11.1,7.1,0.0,7.6,Toba Tek Singh
2019-12-30,12.8,1.6,0.0,9.4,Toba Tek Singh
2019-12-31,10.1,1.8,0.0,10.0,Toba Tek Singh
2020-01-01,12.8,3.3,0.0,10.5,Toba Tek Singh
2020-01-02,16.4,2.8,0.0,10.5,Toba Tek Singh
2020-01-03,18.3,4.3,0.0,10.4,Toba Tek Singh
2020-01-04,17.9,4.8,0.0,10.5,Toba Tek Singh
2020-01-05,14.4,7.8,5.1,11.8,Toba Tek Singh
2020-01-06,10.8,9.1,13.7,13.8,Toba Tek Singh
2020-01-07,15.3,7.7,0.0,10.8,Toba Tek Singh
2020-01-08,15.1,5.1,1.1,11.3,Toba Tek Singh
2020-01-09,16.5,4.4,0.0,10.8,Toba Tek Singh
2020-01-10,16.6,3.5,0.0,11.1,Toba Tek Singh
2020-01-11,15.2,5.6,0.2,9.6,Toba Tek Singh
2020-01-12,16.8,9.4,0.0,12.0,Toba Tek Singh
2020-01-13,11.9,8.9,8.6,17.1,Toba Tek Singh
2020-01-14,14.7,5.7,0.0,11.0,Toba Tek Singh
2020-01-15,16.2,4.9,0.0,10.4,Toba Tek Singh
2020-01-16,17.9,4.6,0.0,12.1,Toba Tek Singh
2020-01-17,17.1,5.4,0.0,9.6,Toba Tek Singh
2020-01-18,17.0,5.6,0.0,9.8,Toba Tek Singh
2020-01-19,18.2,4.6,0.0,9.9,Toba Tek Singh
2020-01-20,17.5,7.9,0.1,7.6,Toba Tek Singh
2020-01-21,17.0,9.7,1.5,9.9,Toba Tek Singh
2020-01-22,17.7,6.6,0.0,11.3,Toba Tek Singh
2020-01-23,18.5,5.7,0.0,12.6,Toba Tek Singh
2020-01-24,20.0,5.9,0.0,11.9,Toba Tek Singh
2020-01-25,20.2,7.9,0.7,10.1,Toba Tek Singh
2020-01-26,20.4,8.9,0.0,8.7,Toba Tek Singh
2020-01-27,15.8,9.6,10.4,12.6,Toba Tek Singh
2020-01-28,15.0,9.2,6.9,12.0,Toba Tek Singh
2020-01-29,17.2,8.4,0.2,9.6,Toba Tek Singh
2020-01-30,17.2,6.7,0.0,10.7,Toba Tek Singh
2020-01-31,18.7,6.3,0.6,11.4,Toba Tek Singh
2020-02-01,18.7,6.1,0.0,9.8,Toba Tek Singh
2020-02-02,19.5,8.8,0.0,8.0,Toba Tek Singh
2020-02-03,19.7,5.9,0.0,10.0,Toba Tek Singh
2020-02-04,14.7,7.4,1.7,10.7,Toba Tek Singh
2020-02-05,17.9,4.8,0.0,10.4,Toba Tek Singh
2020-02-06,19.3,6.2,0.0,11.1,Toba Tek Singh
2020-02-07,20.0,6.2,0.0,10.9,Toba Tek Singh
2020-02-08,21.0,6.8,0.0,9.2,Toba Tek Singh
2020-02-09,21.9,6.3,0.0,11.0,Toba Tek Singh
2020-02-10,21.6,7.4,0.0,11.1,Toba Tek Singh
2020-02-11,21.9,8.8,0.0,10.5,Toba Tek Singh
2020-02-12,18.2,9.6,0.0,13.1,Toba Tek Singh
2020-02-13,22.5,10.2,0.5,13.0,Toba Tek Singh
2020-02-14,23.4,9.1,0.0,16.4,Toba Tek Singh
2020-02-15,25.3,7.3,0.0,12.8,Toba Tek Singh
2020-02-16,25.7,9.4,0.0,11.9,Toba Tek Singh
2020-02-17,26.0,8.3,0.0,10.6,Toba Tek Singh
2020-02-18,26.0,8.5,0.0,11.7,Toba Tek Singh
2020-02-19,23.9,10.9,0.0,13.5,Toba Tek Singh
2020-02-20,20.8,11.4,0.0,23.8,Toba Tek Singh
2020-02-21,23.0,11.6,0.0,14.5,Toba Tek Singh
2020-02-22,23.9,11.5,0.0,7.6,Toba Tek Singh
2020-02-23,25.3,11.6,0.0,9.7,Toba Tek Singh
2020-02-24,25.1,13.1,0.2,10.5,Toba Tek Singh
2020-02-25,26.5,12.7,0.0,9.7,Toba Tek Singh
2020-02-26,26.9,13.1,0.0,9.4,Toba Tek Singh
2020-02-27,28.5,16.3,0.0,17.5,Toba Tek Singh
2020-02-28,24.2,15.8,19.8,26.5,Toba Tek Singh
2020-02-29,21.6,14.3,7.4,25.0,Toba Tek Singh
2020-03-01,23.2,12.4,0.0,13.1,Toba Tek Singh
2020-03-02,24.5,12.8,0.0,8.4,Toba Tek Singh
2020-03-03,25.2,13.4,0.0,9.1,Toba Tek Singh
2020-03-04,21.8,14.2,1.3,10.2,Toba Tek Singh
2020-03-05,20.2,13.1,7.1,19.2,Toba Tek Singh
2020-03-06,16.2,13.6,30.7,17.9,Toba Tek Singh
2020-03-07,20.1,12.6,0.7,12.6,Toba Tek Singh
2020-03-08,22.7,12.3,0.2,15.1,Toba Tek Singh
2020-03-09,22.6,11.4,0.0,11.9,Toba Tek Singh
2020-03-10,23.0,13.1,0.0,9.0,Toba Tek Singh
2020-03-11,17.2,13.9,29.9,18.7,Toba Tek Singh
2020-03-12,20.0,12.3,9.9,20.3,Toba Tek Singh
2020-03-13,19.9,10.9,3.1,17.4,Toba Tek Singh
2020-03-14,20.4,10.1,1.1,12.6,Toba Tek Singh
2020-03-15,22.6,9.9,0.0,9.4,Toba Tek Singh
2020-03-16,24.4,11.1,0.0,10.1,Toba Tek Singh
2020-03-17,26.2,12.8,0.0,12.7,Toba Tek Singh
2020-03-18,26.5,14.0,0.9,13.4,Toba Tek Singh
2020-03-19,26.5,14.8,0.0,11.4,Toba Tek Singh
2020-03-20,25.5,16.5,0.4,17.9,Toba Tek Singh
2020-03-21,25.8,17.0,2.1,15.5,Toba Tek Singh
2020-03-22,26.7,15.8,0.0,10.2,Toba Tek Singh
2020-03-23,27.0,17.6,0.6,14.4,Toba Tek Singh
2020-03-24,25.8,17.1,2.7,11.1,Toba Tek Singh
2020-03-25,25.3,16.5,6.4,13.0,Toba Tek Singh
2020-03-26,20.9,16.8,5.7,13.1,Toba Tek Singh
2020-03-27,19.5,14.2,41.9,18.8,Toba Tek Singh
2020-03-28,24.9,14.1,8.7,15.1,Toba Tek Singh
2020-03-29,25.1,13.1,0.0,9.9,Toba Tek Singh
2020-03-30,26.6,13.9,0.0,8.7,Toba Tek Singh
2020-03-31,22.9,15.9,2.3,14.1,Toba Tek Singh
2020-04-01,26.1,14.1,0.0,11.4,Toba Tek Singh
2020-04-02,27.0,14.9,0.0,9.0,Toba Tek Singh
2020-04-03,28.2,14.2,0.0,8.5,Toba Tek Singh
2020-04-04,29.7,16.0,0.0,9.4,Toba Tek Singh
2020-04-05,29.7,17.9,0.0,18.7,Toba Tek Singh
2020-04-06,28.9,16.9,0.0,15.3,Toba Tek Singh
2020-04-07,27.1,17.1,0.8,21.7,Toba Tek Singh
2020-04-08,28.5,15.3,0.0,9.8,Toba Tek Singh
2020-04-09,30.8,16.5,0.6,26.2,Toba Tek Singh
2020-04-10,30.4,18.1,0.8,18.2,Toba Tek Singh
2020-04-11,32.7,18.2,0.0,10.6,Toba Tek Singh
2020-04-12,34.6,20.2,0.0,8.7,Toba Tek Singh
2020-04-13,35.8,21.1,0.0,9.0,Toba Tek Singh
2020-04-14,36.8,23.0,0.0,15.8,Toba Tek Singh
2020-04-15,34.0,21.9,0.0,25.8,Toba Tek Singh
2020-04-16,33.5,19.6,0.0,13.5,Toba Tek Singh
2020-04-17,28.3,20.8,1.8,17.8,Toba Tek Singh
2020-04-18,28.8,17.6,0.0,13.3,Toba Tek Singh
2020-04-19,29.5,17.5,0.0,7.3,Toba Tek Singh
2020-04-20,29.0,20.0,0.0,12.8,Toba Tek Singh
2020-04-21,31.5,19.0,0.0,11.3,Toba Tek Singh
2020-04-22,33.0,19.4,0.0,11.7,Toba Tek Singh
2020-04-23,33.5,22.8,0.0,12.3,Toba Tek Singh
2020-04-24,35.5,22.2,0.0,21.6,Toba Tek Singh
2020-04-25,34.2,23.5,0.5,16.9,Toba Tek Singh
2020-04-26,34.7,20.9,0.0,17.6,Toba Tek Singh
2020-04-27,33.7,22.5,0.0,21.6,Toba Tek Singh
2020-04-28,33.8,23.1,0.7,22.0,Toba Tek Singh
2020-04-29,36.5,22.5,0.0,14.8,Toba Tek Singh
2020-04-30,37.3,23.9,0.2,9.9,Toba Tek Singh
2020-05-01,39.7,24.1,0.0,19.9,Toba Tek Singh
2020-05-02,36.7,26.1,0.5,20.8,Toba Tek Singh
2020-05-03,33.8,22.9,1.7,29.4,Toba Tek Singh
2020-05-04,31.9,21.1,3.2,27.9,Toba Tek Singh
2020-05-05,34.0,21.9,1.5,16.6,Toba Tek Singh
2020-05-06,33.7,19.9,1.4,22.9,Toba Tek Singh
2020-05-07,35.3,21.8,0.0,13.6,Toba Tek Singh
2020-05-08,37.8,23.5,0.0,10.5,Toba Tek Singh
2020-05-09,39.8,25.9,0.0,11.1,Toba Tek Singh
2020-05-10,40.0,26.1,0.0,25.3,Toba Tek Singh
2020-05-11,38.4,26.6,0.0,29.1,Toba Tek Singh
2020-05-12,35.7,24.2,0.8,21.4,Toba Tek Singh
2020-05-13,33.8,22.8,2.9,12.8,Toba Tek Singh
2020-05-14,32.2,22.8,10.7,21.8,Toba Tek Singh
2020-05-15,32.7,22.0,0.0,12.2,Toba Tek Singh
2020-05-16,35.3,22.0,0.0,8.7,Toba Tek Singh
2020-05-17,36.5,22.2,0.0,12.6,Toba Tek Singh
2020-05-18,35.5,22.2,0.0,11.6,Toba Tek Singh
2020-05-19,34.8,22.4,0.0,21.6,Toba Tek Singh
2020-05-20,36.7,20.1,0.0,10.1,Toba Tek Singh
2020-05-21,38.8,23.2,0.0,9.4,Toba Tek Singh
2020-05-22,40.8,24.2,0.0,11.0,Toba Tek Singh
2020-05-23,40.1,24.0,0.0,12.2,Toba Tek Singh
2020-05-24,39.7,25.6,0.0,11.1,Toba Tek Singh
2020-05-25,41.7,26.0,0.0,11.9,Toba Tek Singh
2020-05-26,42.2,26.5,0.0,11.3,Toba Tek Singh
2020-05-27,43.7,25.4,0.0,10.9,Toba Tek Singh
2020-05-28,41.5,26.8,0.0,25.4,Toba Tek Singh
2020-05-29,37.3,26.8,8.0,25.5,Toba Tek Singh
2020-05-30,33.8,24.5,4.9,18.7,Toba Tek Singh
2020-05-31,33.0,24.1,0.0,13.5,Toba Tek Singh
2020-06-01,34.3,24.3,0.2,13.4,Toba Tek Singh
2020-06-02,32.6,23.5,4.3,22.1,Toba Tek Singh
2020-06-03,33.8,24.6,3.3,17.2,Toba Tek Singh
2020-06-04,33.3,25.0,0.2,12.7,Toba Tek Singh
2020-06-05,36.7,24.5,0.0,12.1,Toba Tek Singh
2020-06-06,37.7,26.6,0.0,17.4,Toba Tek Singh
2020-06-07,37.2,26.5,0.0,19.1,Toba Tek Singh
2020-06-08,39.4,27.5,0.0,13.5,Toba Tek Singh
2020-06-09,41.0,29.4,0.0,17.4,Toba Tek Singh
2020-06-10,40.5,29.5,0.0,18.9,Toba Tek Singh
2020-06-11,40.2,29.0,0.0,18.2,Toba Tek Singh
2020-06-12,40.0,29.9,0.0,25.2,Toba Tek Singh
2020-06-13,38.7,29.2,0.0,22.5,Toba Tek Singh
2020-06-14,39.5,28.6,0.0,34.3,Toba Tek Singh
2020-06-15,41.5,28.6,0.0,10.2,Toba Tek Singh
2020-06-16,42.4,28.5,0.0,8.8,Toba Tek Singh
2020-06-17,43.0,28.7,0.0,13.0,Toba Tek Singh
2020-06-18,43.5,31.4,0.0,16.0,Toba Tek Singh
2020-06-19,42.3,31.6,0.0,18.1,Toba Tek Singh
2020-06-20,40.1,31.8,0.0,16.7,Toba Tek Singh
2020-06-21,40.6,31.2,0.0,15.3,Toba Tek Singh
2020-06-22,41.6,30.5,0.0,14.2,Toba Tek Singh
2020-06-23,42.4,31.8,0.0,17.4,Toba Tek Singh
2020-06-24,39.0,31.0,0.2,17.7,Toba Tek Singh
2020-06-25,38.5,27.6,4.9,15.0,Toba Tek Singh
2020-06-26,40.8,29.6,0.3,21.0,Toba Tek Singh
2020-06-27,40.3,30.1,5.4,16.2,Toba Tek Singh
2020-06-28,40.5,31.4,0.0,21.3,Toba Tek Singh
2020-06-29,39.8,27.0,23.9,24.4,Toba Tek Singh
2020-06-30,39.5,30.2,4.1,11.5,Toba Tek Singh
2020-07-01,39.2,28.4,0.0,7.3,Toba Tek Singh
2020-07-02,40.9,29.6,0.0,11.9,Toba Tek Singh
2020-07-03,41.4,31.1,0.0,11.9,Toba Tek Singh
2020-07-04,42.1,30.9,0.0,24.0,Toba Tek Singh
2020-07-05,35.5,26.2,0.1,23.0,Toba Tek Singh
2020-07-06,36.5,27.1,3.9,13.9,Toba Tek Singh
2020-07-07,38.3,28.9,0.0,14.7,Toba Tek Singh
2020-07-08,37.3,29.8,0.0,17.4,Toba Tek Singh
2020-07-09,38.5,28.5,0.0,10.8,Toba Tek Singh
2020-07-10,40.6,30.9,0.0,18.8,Toba Tek Singh
2020-07-11,40.3,28.9,2.1,19.4,Toba Tek Singh
2020-07-12,36.0,28.6,1.5,13.4,Toba Tek Singh
2020-07-13,37.2,26.6,3.5,10.3,Toba Tek Singh
2020-07-14,39.3,29.0,0.0,7.8,Toba Tek Singh
2020-07-15,40.2,29.8,0.0,13.0,Toba Tek Singh
2020-07-16,37.5,30.8,0.2,15.2,Toba Tek Singh
2020-07-17,37.8,28.5,0.0,13.3,Toba Tek Singh
2020-07-18,38.0,29.8,0.1,11.1,Toba Tek Singh
2020-07-19,40.5,30.5,0.0,13.5,Toba Tek Singh
2020-07-20,38.5,30.0,0.0,17.8,Toba Tek Singh
2020-07-21,31.6,26.6,24.7,19.1,Toba Tek Singh
2020-07-22,34.7,25.4,0.0,7.9,Toba Tek Singh
2020-07-23,37.1,26.0,0.0,12.1,Toba Tek Singh
2020-07-24,36.7,29.4,0.1,18.7,Toba Tek Singh
2020-07-25,37.0,28.9,0.1,14.0,Toba Tek Singh
2020-07-26,37.3,28.9,0.0,12.1,Toba Tek Singh
2020-07-27,39.4,29.9,0.0,11.7,Toba Tek Singh
2020-07-28,39.8,31.0,0.0,19.3,Toba Tek Singh
2020-07-29,40.2,31.1,0.0,16.1,Toba Tek Singh
2020-07-30,38.0,31.2,2.5,19.5,Toba Tek Singh
2020-07-31,38.4,29.0,4.0,13.6,Toba Tek Singh
2020-08-01,38.7,29.7,0.3,10.2,Toba Tek Singh
2020-08-02,40.3,31.0,0.1,15.6,Toba Tek Singh
2020-08-03,40.7,30.9,0.0,16.2,Toba Tek Singh
2020-08-04,39.0,31.0,5.1,11.6,Toba Tek Singh
2020-08-05,40.2,30.0,0.0,16.2,Toba Tek Singh
2020-08-06,38.0,30.6,0.0,16.6,Toba Tek Singh
2020-08-07,37.3,31.6,0.1,17.6,Toba Tek Singh
2020-08-08,36.7,30.8,0.6,13.0,Toba Tek Singh
2020-08-09,38.0,30.1,0.0,13.9,Toba Tek Singh
2020-08-10,37.5,29.6,3.1,14.7,Toba Tek Singh
2020-08-11,37.6,28.2,2.1,13.7,Toba Tek Singh
2020-08-12,40.3,31.2,0.0,17.9,Toba Tek Singh
2020-08-13,40.7,31.9,0.0,16.6,Toba Tek Singh
2020-08-14,38.5,29.6,0.7,21.3,Toba Tek Singh
2020-08-15,38.2,29.4,0.0,11.9,Toba Tek Singh
2020-08-16,39.0,30.5,0.1,11.3,Toba Tek Singh
2020-08-17,40.3,30.8,0.0,14.0,Toba Tek Singh
2020-08-18,41.0,31.7,0.0,15.6,Toba Tek Singh
2020-08-19,40.2,31.5,0.0,22.7,Toba Tek Singh
2020-08-20,32.3,26.8,9.1,25.8,Toba Tek Singh
2020-08-21,32.0,25.4,31.5,14.8,Toba Tek Singh
2020-08-22,34.3,26.2,0.0,9.5,Toba Tek Singh
2020-08-23,34.8,27.9,0.1,9.9,Toba Tek Singh
2020-08-24,35.0,27.9,0.0,12.1,Toba Tek Singh
2020-08-25,34.5,27.9,0.5,16.8,Toba Tek Singh
2020-08-26,31.6,26.8,15.3,13.6,Toba Tek Singh
2020-08-27,31.6,26.2,5.5,12.2,Toba Tek Singh
2020-08-28,32.7,25.8,5.9,6.8,Toba Tek Singh
2020-08-29,32.8,26.3,2.7,9.5,Toba Tek Singh
2020-08-30,34.3,26.8,0.0,12.3,Toba Tek Singh
2020-08-31,30.1,26.6,39.7,21.6,Toba Tek Singh
2020-09-01,31.6,25.3,8.9,20.2,Toba Tek Singh
2020-09-02,30.9,25.8,5.3,9.7,Toba Tek Singh
2020-09-03,31.8,25.6,7.0,10.3,Toba Tek Singh
2020-09-04,29.9,25.6,5.4,14.5,Toba Tek Singh
2020-09-05,32.2,25.3,1.7,11.2,Toba Tek Singh
2020-09-06,33.5,25.7,0.2,7.5,Toba Tek Singh
2020-09-07,33.2,26.5,2.8,9.7,Toba Tek Singh
2020-09-08,36.0,27.3,0.0,9.4,Toba Tek Singh
2020-09-09,36.1,27.1,0.0,8.4,Toba Tek Singh
2020-09-10,36.7,26.5,0.0,10.8,Toba Tek Singh
2020-09-11,37.2,25.4,0.0,15.2,Toba Tek Singh
2020-09-12,37.7,25.2,0.0,9.1,Toba Tek Singh
2020-09-13,38.0,26.2,0.0,9.5,Toba Tek Singh
2020-09-14,38.0,26.5,0.0,12.7,Toba Tek Singh
2020-09-15,36.3,27.1,0.0,13.7,Toba Tek Singh
2020-09-16,37.2,29.6,0.0,11.5,Toba Tek Singh
2020-09-17,37.3,29.5,0.0,10.2,Toba Tek Singh
2020-09-18,38.0,28.0,0.0,9.7,Toba Tek Singh
2020-09-19,38.4,26.3,0.0,9.2,Toba Tek Singh
2020-09-20,38.2,25.1,0.0,9.7,Toba Tek Singh
2020-09-21,38.1,25.6,0.0,9.3,Toba Tek Singh
2020-09-22,37.5,25.9,0.0,8.8,Toba Tek Singh
2020-09-23,37.2,25.7,0.0,9.6,Toba Tek Singh
2020-09-24,38.0,26.5,0.0,9.5,Toba Tek Singh
2020-09-25,38.8,24.5,0.0,15.2,Toba Tek Singh
2020-09-26,36.2,23.5,0.0,11.5,Toba Tek Singh
2020-09-27,36.8,23.5,0.0,15.8,Toba Tek Singh
2020-09-28,36.5,23.9,0.0,11.9,Toba Tek Singh
2020-09-29,36.1,23.8,0.0,10.1,Toba Tek Singh
2020-09-30,36.8,21.9,0.0,10.8,Toba Tek Singh
2020-10-01,36.3,23.1,0.0,11.5,Toba Tek Singh
2020-10-02,36.4,22.7,0.0,10.2,Toba Tek Singh
2020-10-03,36.5,21.0,0.0,9.7,Toba Tek Singh
2020-10-04,36.9,20.5,0.0,10.2,Toba Tek Singh
2020-10-05,37.7,21.2,0.0,11.2,Toba Tek Singh
2020-10-06,37.0,21.5,0.0,9.5,Toba Tek Singh
2020-10-07,37.5,21.0,0.0,12.2,Toba Tek Singh
2020-10-08,37.2,21.3,0.0,11.5,Toba Tek Singh
2020-10-09,37.3,21.5,0.0,12.0,Toba Tek Singh
2020-10-10,37.5,21.0,0.0,10.2,Toba Tek Singh
2020-10-11,37.3,20.0,0.0,10.1,Toba Tek Singh
2020-10-12,36.9,21.8,0.0,10.0,Toba Tek Singh
2020-10-13,36.5,22.4,0.0,12.4,Toba Tek Singh
2020-10-14,35.2,20.6,0.0,11.6,Toba Tek Singh
2020-10-15,35.5,18.5,0.0,11.3,Toba Tek Singh
2020-10-16,35.5,20.0,0.0,10.8,Toba Tek Singh
2020-10-17,35.7,18.0,0.0,11.2,Toba Tek Singh
2020-10-18,35.3,18.5,0.0,10.7,Toba Tek Singh
2020-10-19,35.0,18.6,0.0,10.5,Toba Tek Singh
2020-10-20,35.2,17.3,0.0,10.0,Toba Tek Singh
2020-10-21,34.2,19.2,0.0,11.8,Toba Tek Singh
2020-10-22,33.5,18.0,0.0,10.1,Toba Tek Singh
2020-10-23,33.7,18.3,0.0,10.2,Toba Tek Singh
2020-10-24,34.0,19.5,0.0,13.1,Toba Tek Singh
2020-10-25,33.3,18.5,0.0,17.6,Toba Tek Singh
2020-10-26,31.6,17.1,0.0,12.6,Toba Tek Singh
2020-10-27,31.5,15.5,0.0,10.6,Toba Tek Singh
2020-10-28,32.6,16.8,0.0,14.4,Toba Tek Singh
2020-10-29,32.8,17.1,0.0,12.7,Toba Tek Singh
2020-10-30,31.5,16.5,0.0,11.2,Toba Tek Singh
2020-10-31,31.3,16.1,0.0,11.3,Toba Tek Singh
2020-11-01,31.4,15.4,0.0,12.1,Toba Tek Singh
2020-11-02,31.0,14.6,0.0,11.0,Toba Tek Singh
2020-11-03,31.6,15.4,0.0,9.2,Toba Tek Singh
2020-11-04,31.6,14.9,0.0,10.5,Toba Tek Singh
2020-11-05,31.2,14.4,0.0,9.4,Toba Tek Singh
2020-11-06,30.7,14.1,0.0,9.4,Toba Tek Singh
2020-11-07,30.6,13.2,0.0,10.7,Toba Tek Singh
2020-11-08,31.4,14.1,0.0,10.2,Toba Tek Singh
2020-11-09,30.8,14.8,0.0,10.1,Toba Tek Singh
2020-11-10,30.0,15.8,0.0,11.7,Toba Tek Singh
2020-11-11,29.5,13.6,0.0,9.0,Toba Tek Singh
2020-11-12,28.7,13.9,0.0,9.5,Toba Tek Singh
2020-11-13,29.0,13.8,0.0,10.6,Toba Tek Singh
2020-11-14,28.2,14.6,0.0,14.2,Toba Tek Singh
2020-11-15,20.9,14.4,2.2,12.5,Toba Tek Singh
2020-11-16,22.9,12.3,0.0,11.9,Toba Tek Singh
2020-11-17,23.1,10.4,0.0,8.9,Toba Tek Singh
2020-11-18,23.2,9.2,0.0,10.2,Toba Tek Singh
2020-11-19,23.9,10.0,0.0,10.5,Toba Tek Singh
2020-11-20,23.4,10.6,0.0,9.8,Toba Tek Singh
2020-11-21,22.6,10.1,0.0,10.8,Toba Tek Singh
2020-11-22,22.1,8.7,0.0,10.0,Toba Tek Singh
2020-11-23,22.5,12.4,0.0,13.0,Toba Tek Singh
2020-11-24,20.0,13.4,0.3,17.2,Toba Tek Singh
2020-11-25,19.0,13.2,3.2,17.4,Toba Tek Singh
2020-11-26,21.2,11.6,0.1,12.6,Toba Tek Singh
2020-11-27,22.0,8.4,0.0,8.7,Toba Tek Singh
2020-11-28,24.1,8.1,0.0,10.5,Toba Tek Singh
2020-11-29,24.6,9.8,0.0,10.8,Toba Tek Singh
2020-11-30,25.1,10.9,0.0,9.0,Toba Tek Singh
2020-12-01,25.9,10.4,0.0,8.7,Toba Tek Singh
2020-12-02,25.9,11.1,0.0,10.7,Toba Tek Singh
2020-12-03,26.0,11.0,0.0,11.0,Toba Tek Singh
2020-12-04,25.2,12.6,0.0,11.4,Toba Tek Singh
2020-12-05,24.8,12.7,0.0,10.4,Toba Tek Singh
2020-12-06,25.4,11.6,0.0,9.5,Toba Tek Singh
2020-12-07,25.1,11.9,0.0,9.0,Toba Tek Singh
2020-12-08,23.6,13.0,0.0,14.7,Toba Tek Singh
2020-12-09,19.0,12.5,9.6,11.2,Toba Tek Singh
2020-12-10,22.2,10.7,0.0,10.0,Toba Tek Singh
2020-12-11,16.5,10.2,5.3,20.9,Toba Tek Singh
2020-12-12,18.2,8.9,0.0,9.3,Toba Tek Singh
2020-12-13,18.6,6.9,0.0,8.9,Toba Tek Singh
2020-12-14,18.5,7.8,0.0,9.8,Toba Tek Singh
2020-12-15,16.5,6.2,0.2,9.9,Toba Tek Singh
2020-12-16,17.0,4.4,0.0,10.2,Toba Tek Singh
2020-12-17,17.5,4.0,0.0,12.4,Toba Tek Singh
2020-12-18,18.3,3.8,0.0,10.8,Toba Tek Singh
2020-12-19,19.4,5.7,0.0,11.2,Toba Tek Singh
2020-12-20,20.0,7.2,0.0,8.7,Toba Tek Singh
2020-12-21,20.4,6.7,0.0,10.0,Toba Tek Singh
2020-12-22,21.0,6.2,0.0,10.5,Toba Tek Singh
2020-12-23,20.9,6.7,0.0,10.7,Toba Tek Singh
2020-12-24,20.9,6.1,0.0,10.2,Toba Tek Singh
2020-12-25,20.9,6.4,0.0,9.7,Toba Tek Singh
2020-12-26,20.2,5.9,0.0,9.4,Toba Tek Singh
2020-12-27,15.4,5.6,0.5,13.0,Toba Tek Singh
2020-12-28,14.6,3.5,0.0,10.2,Toba Tek Singh
2020-12-29,16.4,3.4,0.0,10.2,Toba Tek Singh
2020-12-30,17.7,3.5,0.0,11.9,Toba Tek Singh
2020-12-31,17.5,3.0,0.0,11.2,Toba Tek Singh
2021-01-01,17.8,3.8,0.0,10.3,Toba Tek Singh
2021-01-02,17.7,4.5,0.0,11.0,Toba Tek Singh
2021-01-03,18.5,7.7,0.0,10.9,Toba Tek Singh
2021-01-04,19.0,9.7,1.8,12.7,Toba Tek Singh
2021-01-05,17.1,10.4,5.4,11.3,Toba Tek Singh
2021-01-06,18.3,9.7,0.0,9.8,Toba Tek Singh
2021-01-07,18.9,8.1,0.0,9.4,Toba Tek Singh
2021-01-08,18.0,8.2,0.0,6.7,Toba Tek Singh
2021-01-09,18.4,6.2,0.0,11.0,Toba Tek Singh
2021-01-10,19.0,5.2,0.0,11.8,Toba Tek Singh
2021-01-11,20.0,5.5,0.0,9.7,Toba Tek Singh
2021-01-12,19.9,4.6,0.0,10.2,Toba Tek Singh
2021-01-13,19.3,3.2,0.0,10.5,Toba Tek Singh
2021-01-14,18.0,4.1,0.0,9.5,Toba Tek Singh
2021-01-15,16.8,4.8,0.0,9.5,Toba Tek Singh
2021-01-16,14.1,4.5,0.0,10.1,Toba Tek Singh
2021-01-17,13.6,3.5,0.0,11.7,Toba Tek Singh
2021-01-18,17.4,5.2,0.0,12.3,Toba Tek Singh
2021-01-19,18.4,4.3,0.0,10.6,Toba Tek Singh
2021-01-20,20.6,5.2,0.0,12.1,Toba Tek Singh
2021-01-21,21.5,4.8,0.0,12.5,Toba Tek Singh
2021-01-22,21.0,8.8,0.0,14.1,Toba Tek Singh
2021-01-23,18.6,8.2,0.0,19.3,Toba Tek Singh
2021-01-24,19.4,4.9,0.0,9.2,Toba Tek Singh
2021-01-25,19.8,5.8,0.0,9.0,Toba Tek Singh
2021-01-26,19.4,4.4,0.0,9.4,Toba Tek Singh
2021-01-27,19.2,4.2,0.0,11.2,Toba Tek Singh
2021-01-28,19.6,5.3,0.0,9.2,Toba Tek Singh
2021-01-29,19.5,6.7,0.0,11.3,Toba Tek Singh
2021-01-30,19.9,5.7,0.0,10.8,Toba Tek Singh
2021-01-31,21.6,6.2,0.0,10.7,Toba Tek Singh
2021-02-01,22.5,8.0,0.0,10.8,Toba Tek Singh
2021-02-02,21.5,7.1,0.0,10.8,Toba Tek Singh
2021-02-03,21.9,7.9,0.0,16.3,Toba Tek Singh
2021-02-04,20.0,8.1,0.9,14.5,Toba Tek Singh
2021-02-05,20.8,7.6,0.0,10.7,Toba Tek Singh
2021-02-06,22.2,7.4,0.0,9.7,Toba Tek Singh
2021-02-07,23.7,8.9,0.0,10.5,Toba Tek Singh
2021-02-08,24.9,8.6,0.0,10.5,Toba Tek Singh
2021-02-09,24.9,9.1,0.0,9.7,Toba Tek Singh
2021-02-10,25.2,10.1,0.0,10.6,Toba Tek Singh
2021-02-11,25.4,9.9,0.0,10.1,Toba Tek Singh
2021-02-12,25.4,9.7,0.0,10.9,Toba Tek Singh
2021-02-13,24.5,10.8,0.0,12.2,Toba Tek Singh
2021-02-14,26.1,11.1,0.0,12.2,Toba Tek Singh
2021-02-15,25.3,10.9,0.0,10.5,Toba Tek Singh
2021-02-16,25.7,11.7,0.0,9.7,Toba Tek Singh
2021-02-17,26.1,10.5,0.0,10.0,Toba Tek Singh
2021-02-18,26.2,10.9,0.0,10.8,Toba Tek Singh
2021-02-19,26.2,10.4,0.0,11.0,Toba Tek Singh
2021-02-20,27.0,11.6,0.0,10.3,Toba Tek Singh
2021-02-21,27.6,13.1,0.0,10.2,Toba Tek Singh
2021-02-22,28.8,13.3,0.0,17.7,Toba Tek Singh
2021-02-23,28.2,13.1,0.0,10.3,Toba Tek Singh
2021-02-24,29.3,14.6,0.0,11.0,Toba Tek Singh
2021-02-25,28.8,15.5,0.0,12.9,Toba Tek Singh
2021-02-26,30.2,15.6,0.0,13.0,Toba Tek Singh
2021-02-27,25.9,16.1,0.0,19.2,Toba Tek Singh
2021-02-28,26.9,13.3,0.0,11.2,Toba Tek Singh
2021-03-01,28.0,12.2,0.0,11.0,Toba Tek Singh
2021-03-02,28.9,13.6,0.0,13.1,Toba Tek Singh
2021-03-03,29.8,13.2,0.0,15.2,Toba Tek Singh
2021-03-04,30.0,16.4,0.0,12.1,Toba Tek Singh
2021-03-05,30.7,14.1,0.0,11.7,Toba Tek Singh
2021-03-06,32.0,15.4,0.0,20.9,Toba Tek Singh
2021-03-07,31.1,18.8,0.0,24.3,Toba Tek Singh
2021-03-08,29.4,17.8,0.0,22.6,Toba Tek Singh
2021-03-09,30.1,15.4,0.0,10.9,Toba Tek Singh
2021-03-10,30.6,15.3,0.0,12.4,Toba Tek Singh
2021-03-11,28.8,16.4,5.4,28.6,Toba Tek Singh
2021-03-12,27.3,16.2,0.0,21.8,Toba Tek Singh
2021-03-13,29.0,15.1,0.0,13.0,Toba Tek Singh
2021-03-14,30.0,14.8,0.0,13.5,Toba Tek Singh
2021-03-15,29.0,17.2,0.0,13.2,Toba Tek Singh
2021-03-16,30.6,17.9,0.2,11.6,Toba Tek Singh
2021-03-17,31.5,18.0,0.0,14.9,Toba Tek Singh
2021-03-18,31.4,16.9,0.1,19.7,Toba Tek Singh
2021-03-19,32.2,17.1,0.0,9.4,Toba Tek Singh
2021-03-20,32.6,17.7,0.0,9.9,Toba Tek Singh
2021-03-21,32.3,19.5,0.8,26.0,Toba Tek Singh
2021-03-22,28.2,17.1,14.1,19.7,Toba Tek Singh
2021-03-23,24.6,14.9,13.8,17.8,Toba Tek Singh
2021-03-24,25.6,14.6,0.0,14.8,Toba Tek Singh
2021-03-25,27.7,14.6,0.0,9.3,Toba Tek Singh
2021-03-26,29.6,15.9,0.0,8.9,Toba Tek Singh
2021-03-27,31.8,18.0,0.0,9.3,Toba Tek Singh
2021-03-28,34.8,19.8,0.0,14.2,Toba Tek Singh
2021-03-29,33.9,20.0,0.0,13.7,Toba Tek Singh
2021-03-30,32.2,19.6,0.0,15.1,Toba Tek Singh
2021-03-31,31.6,15.6,0.0,24.1,Toba Tek Singh
2021-04-01,31.9,15.0,0.0,19.4,Toba Tek Singh
2021-04-02,31.4,15.4,0.0,14.4,Toba Tek Singh
2021-04-03,33.0,16.5,0.0,15.4,Toba Tek Singh
2021-04-04,34.3,16.9,0.0,17.1,Toba Tek Singh
2021-04-05,33.7,20.7,0.1,19.6,Toba Tek Singh
2021-04-06,32.0,17.4,2.0,29.0,Toba Tek Singh
2021-04-07,30.5,14.2,0.0,10.5,Toba Tek Singh
2021-04-08,30.9,15.7,0.0,10.7,Toba Tek Singh
2021-04-09,33.3,17.2,0.0,15.1,Toba Tek Singh
2021-04-10,34.0,18.8,0.0,13.0,Toba Tek Singh
2021-04-11,36.2,20.4,0.0,12.4,Toba Tek Singh
2021-04-12,35.3,21.5,0.0,17.2,Toba Tek Singh
2021-04-13,35.9,21.2,0.0,15.8,Toba Tek Singh
2021-04-14,37.6,22.5,0.0,25.8,Toba Tek Singh
2021-04-15,35.0,22.9,0.0,20.5,Toba Tek Singh
2021-04-16,28.6,21.4,0.1,24.6,Toba Tek Singh
2021-04-17,30.9,17.8,0.0,13.7,Toba Tek Singh
2021-04-18,33.3,19.7,0.0,20.0,Toba Tek Singh
2021-04-19,34.6,21.5,0.0,15.0,Toba Tek Singh
2021-04-20,28.8,18.8,7.2,16.3,Toba Tek Singh
2021-04-21,30.8,18.0,0.0,12.8,Toba Tek Singh
2021-04-22,33.8,19.3,0.0,28.8,Toba Tek Singh
2021-04-23,30.3,18.9,0.0,26.0,Toba Tek Singh
2021-04-24,33.3,16.8,0.0,10.6,Toba Tek Singh
2021-04-25,36.6,21.5,0.0,8.9,Toba Tek Singh
2021-04-26,39.2,22.7,0.0,11.5,Toba Tek Singh
2021-04-27,41.0,24.5,0.0,11.2,Toba Tek Singh
2021-04-28,41.0,24.6,0.0,23.6,Toba Tek Singh
2021-04-29,40.0,24.6,0.0,20.2,Toba Tek Singh
2021-04-30,39.5,24.6,0.0,22.7,Toba Tek Singh
2021-05-01,38.8,24.9,0.0,22.0,Toba Tek Singh
2021-05-02,39.9,25.3,0.0,21.6,Toba Tek Singh
2021-05-03,39.0,24.7,0.0,12.7,Toba Tek Singh
2021-05-04,39.1,25.4,0.0,18.2,Toba Tek Singh
2021-05-05,36.6,24.9,0.0,21.2,Toba Tek Singh
2021-05-06,33.1,23.2,0.0,12.5,Toba Tek Singh
2021-05-07,36.2,22.0,0.2,14.5,Toba Tek Singh
2021-05-08,38.3,24.5,0.0,15.3,Toba Tek Singh
2021-05-09,38.3,26.2,0.0,16.6,Toba Tek Singh
2021-05-10,39.5,26.6,0.0,20.0,Toba Tek Singh
2021-05-11,38.7,25.5,0.0,21.4,Toba Tek Singh
2021-05-12,36.7,25.6,0.0,26.2,Toba Tek Singh
2021-05-13,35.5,24.9,0.1,23.9,Toba Tek Singh
2021-05-14,35.4,23.5,0.0,23.2,Toba Tek Singh
2021-05-15,37.2,25.3,0.0,18.1,Toba Tek Singh
2021-05-16,38.6,25.4,0.0,11.8,Toba Tek Singh
2021-05-17,39.2,25.2,0.0,13.8,Toba Tek Singh
2021-05-18,39.4,24.7,0.0,13.4,Toba Tek Singh
2021-05-19,36.8,25.2,0.0,18.0,Toba Tek Singh
2021-05-20,38.1,24.1,0.0,15.1,Toba Tek Singh
2021-05-21,37.8,26.5,0.0,16.4,Toba Tek Singh
2021-05-22,38.5,25.5,0.0,23.3,Toba Tek Singh
2021-05-23,35.0,23.5,0.0,15.1,Toba Tek Singh
2021-05-24,37.1,23.6,0.0,8.5,Toba Tek Singh
2021-05-25,38.4,25.5,0.0,13.2,Toba Tek Singh
2021-05-26,40.2,25.5,0.0,9.3,Toba Tek Singh
2021-05-27,42.8,26.8,0.0,10.0,Toba Tek Singh
2021-05-28,44.0,28.6,0.0,12.3,Toba Tek Singh
2021-05-29,43.5,28.9,0.0,10.8,Toba Tek Singh
2021-05-30,42.7,28.0,0.0,21.0,Toba Tek Singh
2021-05-31,41.7,28.5,0.0,30.3,Toba Tek Singh
2021-06-01,32.0,24.5,35.3,27.8,Toba Tek Singh
2021-06-02,36.8,25.0,1.3,17.4,Toba Tek Singh
2021-06-03,37.4,26.8,0.0,16.1,Toba Tek Singh
2021-06-04,36.3,25.9,0.0,15.6,Toba Tek Singh
2021-06-05,38.0,25.7,0.0,16.8,Toba Tek Singh
2021-06-06,40.2,27.4,0.0,14.4,Toba Tek Singh
2021-06-07,42.2,29.5,0.0,15.8,Toba Tek Singh
2021-06-08,42.3,30.1,0.0,15.8,Toba Tek Singh
2021-06-09,42.8,30.6,0.0,16.8,Toba Tek Singh
2021-06-10,41.6,31.5,0.0,15.9,Toba Tek Singh
2021-06-11,40.3,30.8,0.0,14.4,Toba Tek Singh
2021-06-12,41.7,29.8,0.0,12.2,Toba Tek Singh
2021-06-13,35.2,29.6,13.2,30.0,Toba Tek Singh
2021-06-14,36.6,28.0,1.2,17.7,Toba Tek Singh
2021-06-15,34.7,26.2,11.0,10.5,Toba Tek Singh
2021-06-16,34.5,24.3,0.0,17.2,Toba Tek Singh
2021-06-17,35.4,25.6,0.0,9.8,Toba Tek Singh
2021-06-18,36.8,25.9,0.0,10.6,Toba Tek Singh
2021-06-19,38.6,25.5,0.0,9.4,Toba Tek Singh
2021-06-20,38.5,26.1,0.0,17.5,Toba Tek Singh
2021-06-21,36.5,24.9,0.0,11.9,Toba Tek Singh
2021-06-22,38.0,25.8,0.0,8.7,Toba Tek Singh
2021-06-23,40.0,27.8,0.0,10.1,Toba Tek Singh
2021-06-24,39.5,28.0,0.0,15.6,Toba Tek Singh
2021-06-25,39.0,28.0,0.6,22.8,Toba Tek Singh
2021-06-26,36.9,27.5,0.4,19.6,Toba Tek Singh
2021-06-27,38.0,28.0,0.0,10.6,Toba Tek Singh
2021-06-28,39.3,27.9,0.0,8.0,Toba Tek Singh
2021-06-29,42.0,28.2,0.0,12.4,Toba Tek Singh
2021-06-30,42.0,30.5,0.0,17.7,Toba Tek Singh
2021-07-01,40.3,29.9,0.0,16.2,Toba Tek Singh
2021-07-02,40.0,30.6,0.0,17.6,Toba Tek Singh
2021-07-03,38.3,29.4,1.1,13.3,Toba Tek Singh
2021-07-04,39.0,28.8,0.0,13.3,Toba Tek Singh
2021-07-05,39.0,28.6,0.0,10.5,Toba Tek Singh
2021-07-06,39.5,28.6,0.0,8.9,Toba Tek Singh
2021-07-07,41.6,29.7,0.0,11.3,Toba Tek Singh
2021-07-08,41.7,31.2,0.0,14.4,Toba Tek Singh
2021-07-09,39.9,31.1,0.6,13.6,Toba Tek Singh
2021-07-10,40.0,31.0,0.0,15.6,Toba Tek Singh
2021-07-11,40.8,31.4,0.0,20.1,Toba Tek Singh
2021-07-12,39.3,30.5,0.4,24.9,Toba Tek Singh
2021-07-13,35.7,26.5,1.4,15.5,Toba Tek Singh
2021-07-14,35.1,27.6,7.5,13.9,Toba Tek Singh
2021-07-15,36.4,28.0,2.5,13.9,Toba Tek Singh
2021-07-16,37.8,29.6,0.0,12.2,Toba Tek Singh
2021-07-17,39.9,30.5,0.0,11.0,Toba Tek Singh
2021-07-18,42.5,31.8,0.0,17.7,Toba Tek Singh
2021-07-19,40.2,32.8,0.0,16.1,Toba Tek Singh
2021-07-20,33.5,27.7,20.7,16.8,Toba Tek Singh
2021-07-21,33.2,25.1,15.8,13.8,Toba Tek Singh
2021-07-22,34.9,27.4,0.1,8.0,Toba Tek Singh
2021-07-23,36.2,27.9,0.0,12.2,Toba Tek Singh
2021-07-24,37.0,28.0,0.0,11.3,Toba Tek Singh
2021-07-25,38.3,30.2,0.0,10.1,Toba Tek Singh
2021-07-26,38.7,31.0,0.0,15.5,Toba Tek Singh
2021-07-27,38.0,31.2,0.0,19.2,Toba Tek Singh
2021-07-28,36.5,29.5,0.0,22.5,Toba Tek Singh
2021-07-29,35.0,27.5,0.4,16.2,Toba Tek Singh
2021-07-30,34.5,25.7,7.5,10.9,Toba Tek Singh
2021-07-31,34.5,26.7,3.6,12.1,Toba Tek Singh
2021-08-01,35.3,27.7,0.4,8.8,Toba Tek Singh
2021-08-02,36.2,27.3,7.2,11.5,Toba Tek Singh
2021-08-03,37.7,27.9,2.5,12.3,Toba Tek Singh
2021-08-04,36.8,29.0,0.0,13.3,Toba Tek Singh
2021-08-05,37.1,28.6,1.4,9.6,Toba Tek Singh
2021-08-06,37.3,29.1,0.2,19.7,Toba Tek Singh
2021-08-07,38.1,29.1,0.0,13.3,Toba Tek Singh
2021-08-08,38.8,30.0,0.0,14.0,Toba Tek Singh
2021-08-09,39.3,29.8,0.0,12.8,Toba Tek Singh
2021-08-10,38.5,29.4,0.0,15.1,Toba Tek Singh
2021-08-11,38.5,29.2,0.0,15.0,Toba Tek Singh
2021-08-12,38.5,28.5,0.0,14.7,Toba Tek Singh
2021-08-13,38.8,29.1,0.0,16.6,Toba Tek Singh
2021-08-14,38.0,29.5,0.0,15.5,Toba Tek Singh
2021-08-15,36.2,29.1,3.3,17.7,Toba Tek Singh
2021-08-16,37.2,25.0,3.6,24.1,Toba Tek Singh
2021-08-17,38.6,28.6,0.0,8.2,Toba Tek Singh
2021-08-18,39.2,28.5,0.0,11.7,Toba Tek Singh
2021-08-19,39.6,28.0,0.0,7.3,Toba Tek Singh
2021-08-20,39.4,29.0,0.0,18.9,Toba Tek Singh
2021-08-21,38.1,29.0,0.0,16.7,Toba Tek Singh
2021-08-22,36.6,27.7,0.0,14.2,Toba Tek Singh
2021-08-23,37.4,27.0,0.0,10.2,Toba Tek Singh
2021-08-24,41.0,29.0,0.0,13.9,Toba Tek Singh
2021-08-25,39.3,30.4,0.0,19.1,Toba Tek Singh
2021-08-26,39.2,29.3,0.0,17.1,Toba Tek Singh
2021-08-27,39.7,28.8,0.0,14.2,Toba Tek Singh
2021-08-28,39.1,28.7,0.0,12.1,Toba Tek Singh
2021-08-29,38.5,28.7,0.0,9.7,Toba Tek Singh
2021-08-30,36.9,29.5,0.3,18.4,Toba Tek Singh
2021-08-31,35.2,28.4,3.9,16.4,Toba Tek Singh
2021-09-01,36.0,27.5,0.0,14.7,Toba Tek Singh
2021-09-02,37.1,27.4,0.0,9.3,Toba Tek Singh
2021-09-03,36.7,27.5,0.2,13.6,Toba Tek Singh
2021-09-04,36.5,26.6,0.0,9.2,Toba Tek Singh
2021-09-05,37.5,27.8,0.0,10.5,Toba Tek Singh
2021-09-06,38.0,28.5,0.0,12.2,Toba Tek Singh
2021-09-07,38.7,29.8,0.0,18.2,Toba Tek Singh
2021-09-08,35.7,29.1,0.5,18.6,Toba Tek Singh
2021-09-09,33.2,26.0,7.3,13.6,Toba Tek Singh
2021-09-10,31.7,27.0,11.7,14.1,Toba Tek Singh
2021-09-11,30.8,25.5,4.6,21.9,Toba Tek Singh
2021-09-12,31.1,24.5,1.3,15.9,Toba Tek Singh
2021-09-13,32.9,23.9,0.0,9.8,Toba Tek Singh
2021-09-14,33.7,25.5,0.0,10.9,Toba Tek Singh
2021-09-15,34.5,25.8,0.0,13.8,Toba Tek Singh
2021-09-16,35.8,27.3,0.0,13.0,Toba Tek Singh
2021-09-17,36.7,27.6,0.0,15.5,Toba Tek Singh
2021-09-18,36.0,27.5,0.0,13.0,Toba Tek Singh
2021-09-19,35.7,27.2,0.0,10.8,Toba Tek Singh
2021-09-20,35.5,27.9,0.0,11.8,Toba Tek Singh
2021-09-21,33.8,28.0,2.2,22.0,Toba Tek Singh
2021-09-22,32.5,25.4,3.8,13.0,Toba Tek Singh
2021-09-23,31.7,25.0,0.0,17.7,Toba Tek Singh
2021-09-24,32.3,24.0,0.0,16.1,Toba Tek Singh
2021-09-25,33.8,23.9,0.0,8.2,Toba Tek Singh
2021-09-26,35.0,25.4,0.0,8.5,Toba Tek Singh
2021-09-27,35.0,26.4,0.1,9.9,Toba Tek Singh
2021-09-28,35.3,25.9,0.0,10.3,Toba Tek Singh
2021-09-29,35.5,26.6,0.0,11.3,Toba Tek Singh
2021-09-30,36.0,26.9,0.0,10.3,Toba Tek Singh
2021-10-01,37.0,28.0,0.0,10.3,Toba Tek Singh
2021-10-02,37.0,27.9,0.0,13.7,Toba Tek Singh
2021-10-03,36.8,27.0,0.0,11.4,Toba Tek Singh
2021-10-04,34.8,26.6,0.5,7.9,Toba Tek Singh
2021-10-05,34.3,25.5,0.8,9.0,Toba Tek Singh
2021-10-06,35.3,24.4,0.0,8.3,Toba Tek Singh
2021-10-07,35.9,23.3,0.0,11.1,Toba Tek Singh
2021-10-08,36.9,24.1,0.0,13.4,Toba Tek Singh
2021-10-09,36.7,23.2,0.0,9.7,Toba Tek Singh
2021-10-10,35.7,23.9,0.0,14.0,Toba Tek Singh
2021-10-11,33.3,22.1,0.0,19.9,Toba Tek Singh
2021-10-12,33.8,22.5,0.0,13.3,Toba Tek Singh
2021-10-13,34.1,19.6,0.0,14.5,Toba Tek Singh
2021-10-14,34.2,19.8,0.0,11.9,Toba Tek Singh
2021-10-15,33.5,18.0,0.0,11.1,Toba Tek Singh
2021-10-16,33.1,17.4,0.0,9.9,Toba Tek Singh
2021-10-17,32.8,18.2,0.0,12.8,Toba Tek Singh
2021-10-18,30.5,19.6,0.0,13.4,Toba Tek Singh
2021-10-19,33.0,19.5,0.0,10.5,Toba Tek Singh
2021-10-20,33.8,19.0,0.0,11.3,Toba Tek Singh
2021-10-21,31.6,17.9,0.0,11.3,Toba Tek Singh
2021-10-22,32.0,19.9,0.0,23.1,Toba Tek Singh
2021-10-23,29.4,19.3,0.0,23.7,Toba Tek Singh
2021-10-24,25.6,17.7,0.0,15.5,Toba Tek Singh
2021-10-25,27.0,16.4,0.0,12.8,Toba Tek Singh
2021-10-26,28.1,15.9,0.0,9.0,Toba Tek Singh
2021-10-27,29.4,17.5,0.0,9.3,Toba Tek Singh
2021-10-28,29.8,16.4,0.0,8.6,Toba Tek Singh
2021-10-29,31.2,17.0,0.0,9.0,Toba Tek Singh
2021-10-30,31.3,16.9,0.0,8.8,Toba Tek Singh
2021-10-31,30.7,16.1,0.0,12.7,Toba Tek Singh
2021-11-01,30.1,18.3,0.0,16.1,Toba Tek Singh
2021-11-02,27.9,19.0,0.0,21.1,Toba Tek Singh
2021-11-03,28.6,14.9,0.0,13.3,Toba Tek Singh
2021-11-04,29.0,14.2,0.0,11.1,Toba Tek Singh
2021-11-05,29.1,17.2,0.0,15.5,Toba Tek Singh
2021-11-06,28.1,15.1,0.0,9.6,Toba Tek Singh
2021-11-07,28.9,14.6,0.0,9.8,Toba Tek Singh
2021-11-08,29.5,14.6,0.0,8.9,Toba Tek Singh
2021-11-09,30.0,15.1,0.0,10.5,Toba Tek Singh
2021-11-10,29.3,15.6,0.0,10.8,Toba Tek Singh
2021-11-11,29.6,14.9,0.0,10.2,Toba Tek Singh
2021-11-12,29.1,15.0,0.0,10.1,Toba Tek Singh
2021-11-13,29.3,12.7,0.0,10.8,Toba Tek Singh
2021-11-14,28.9,13.8,0.0,20.1,Toba Tek Singh
2021-11-15,27.6,12.6,0.0,9.4,Toba Tek Singh
2021-11-16,26.9,11.8,0.0,8.8,Toba Tek Singh
2021-11-17,27.0,10.6,0.0,10.8,Toba Tek Singh
2021-11-18,25.9,10.4,0.0,9.9,Toba Tek Singh
2021-11-19,25.9,11.1,0.0,9.5,Toba Tek Singh
2021-11-20,25.9,9.9,0.0,9.6,Toba Tek Singh
2021-11-21,26.5,10.6,0.0,10.9,Toba Tek Singh
2021-11-22,26.5,10.9,0.0,13.0,Toba Tek Singh
2021-11-23,27.4,9.8,0.0,10.4,Toba Tek Singh
2021-11-24,26.1,12.4,0.0,11.1,Toba Tek Singh
2021-11-25,26.5,13.1,0.0,10.1,Toba Tek Singh
2021-11-26,26.8,10.9,0.0,11.0,Toba Tek Singh
2021-11-27,27.1,12.9,0.0,12.5,Toba Tek Singh
2021-11-28,26.5,12.6,0.0,10.8,Toba Tek Singh
2021-11-29,25.5,11.3,0.0,10.5,Toba Tek Singh
2021-11-30,25.4,10.6,0.0,9.8,Toba Tek Singh
2021-12-01,25.2,10.4,0.0,9.4,Toba Tek Singh
2021-12-02,25.0,12.2,0.0,10.8,Toba Tek Singh
2021-12-03,24.5,11.1,0.0,10.2,Toba Tek Singh
2021-12-04,24.1,10.0,0.0,9.7,Toba Tek Singh
2021-12-05,24.3,10.1,0.0,12.2,Toba Tek Singh
2021-12-06,23.6,10.8,0.0,10.2,Toba Tek Singh
2021-12-07,23.6,9.8,0.0,10.8,Toba Tek Singh
2021-12-08,23.6,9.9,0.0,9.6,Toba Tek Singh
2021-12-09,23.9,9.1,0.0,10.9,Toba Tek Singh
2021-12-10,24.0,8.1,0.0,11.0,Toba Tek Singh
2021-12-11,23.5,8.6,0.0,11.4,Toba Tek Singh
2021-12-12,22.6,8.9,0.0,10.0,Toba Tek Singh
2021-12-13,21.5,6.9,0.0,9.0,Toba Tek Singh
2021-12-14,21.1,6.8,0.0,10.4,Toba Tek Singh
2021-12-15,20.6,6.4,0.0,10.1,Toba Tek Singh
2021-12-16,18.9,8.1,0.1,19.2,Toba Tek Singh
2021-12-17,19.1,4.9,0.0,9.2,Toba Tek Singh
2021-12-18,18.5,3.9,0.0,11.7,Toba Tek Singh
2021-12-19,19.2,2.5,0.0,9.7,Toba Tek Singh
2021-12-20,20.0,5.8,0.0,10.2,Toba Tek Singh
2021-12-21,20.2,5.5,0.0,10.5,Toba Tek Singh
2021-12-22,20.6,5.9,0.0,9.4,Toba Tek Singh
2021-12-23,20.6,9.1,0.2,10.0,Toba Tek Singh
2021-12-24,20.6,6.6,0.0,10.8,Toba Tek Singh
2021-12-25,21.0,6.2,0.0,9.5,Toba Tek Singh
2021-12-26,20.5,10.2,0.2,12.4,Toba Tek Singh
2021-12-27,18.7,8.6,0.9,9.3,Toba Tek Singh
2021-12-28,19.1,7.3,0.0,10.5,Toba Tek Singh
2021-12-29,19.2,4.8,0.0,11.2,Toba Tek Singh
2021-12-30,20.1,7.1,0.0,10.8,Toba Tek Singh
2021-12-31,19.8,6.4,0.0,9.1,Toba Tek Singh
2022-01-01,19.9,6.1,0.0,10.2,Toba Tek Singh
2022-01-02,19.9,6.6,0.0,10.2,Toba Tek Singh
2022-01-03,20.9,8.1,0.0,8.2,Toba Tek Singh
2022-01-04,19.5,11.2,6.7,10.8,Toba Tek Singh
2022-01-05,16.9,11.0,5.6,11.3,Toba Tek Singh
2022-01-06,16.5,9.2,1.2,9.8,Toba Tek Singh
2022-01-07,14.2,9.6,10.8,8.6,Toba Tek Singh
2022-01-08,15.4,7.7,0.6,10.3,Toba Tek Singh
2022-01-09,15.8,6.5,0.0,7.8,Toba Tek Singh
2022-01-10,17.6,6.4,0.0,9.4,Toba Tek Singh
2022-01-11,18.2,6.2,0.0,10.0,Toba Tek Singh
2022-01-12,18.6,5.3,0.0,9.7,Toba Tek Singh
2022-01-13,19.4,8.1,0.0,8.4,Toba Tek Singh
2022-01-14,20.0,7.9,0.0,8.4,Toba Tek Singh
2022-01-15,19.4,7.0,0.0,8.7,Toba Tek Singh
2022-01-16,18.5,6.2,0.0,8.1,Toba Tek Singh
2022-01-17,18.6,8.8,0.4,8.4,Toba Tek Singh
2022-01-18,19.0,7.7,0.0,9.0,Toba Tek Singh
2022-01-19,19.2,10.5,0.3,13.2,Toba Tek Singh
2022-01-20,18.4,9.1,0.7,8.4,Toba Tek Singh
2022-01-21,18.1,8.3,0.4,13.2,Toba Tek Singh
2022-01-22,13.8,10.5,4.2,16.5,Toba Tek Singh
2022-01-23,16.0,8.2,0.0,14.8,Toba Tek Singh
2022-01-24,17.0,7.1,0.0,11.4,Toba Tek Singh
2022-01-25,18.2,6.2,0.0,10.2,Toba Tek Singh
2022-01-26,18.3,6.2,0.0,8.7,Toba Tek Singh
2022-01-27,19.0,5.0,0.0,9.7,Toba Tek Singh
2022-01-28,19.6,5.4,0.0,9.6,Toba Tek Singh
2022-01-29,20.5,6.2,0.0,9.4,Toba Tek Singh
2022-01-30,20.7,6.8,0.0,9.9,Toba Tek Singh
2022-01-31,22.4,7.8,0.0,9.3,Toba Tek Singh
2022-02-01,22.4,7.6,0.0,9.4,Toba Tek Singh
2022-02-02,22.5,8.2,3.0,19.1,Toba Tek Singh
2022-02-03,18.2,9.4,6.8,17.8,Toba Tek Singh
2022-02-04,20.2,7.1,0.0,10.8,Toba Tek Singh
2022-02-05,20.0,7.7,0.0,11.8,Toba Tek Singh
2022-02-06,20.2,7.8,0.0,12.7,Toba Tek Singh
2022-02-07,21.1,9.4,0.0,12.9,Toba Tek Singh
2022-02-08,21.1,7.3,0.0,10.1,Toba Tek Singh
2022-02-09,20.4,9.8,0.0,9.4,Toba Tek Singh
2022-02-10,22.5,8.6,0.0,12.3,Toba Tek Singh
2022-02-11,23.8,9.4,0.0,9.7,Toba Tek Singh
2022-02-12,23.9,8.2,0.0,10.8,Toba Tek Singh
2022-02-13,24.8,9.2,0.0,10.4,Toba Tek Singh
2022-02-14,25.1,9.6,0.0,10.6,Toba Tek Singh
2022-02-15,24.9,10.9,0.0,9.9,Toba Tek Singh
2022-02-16,24.8,11.5,0.0,11.8,Toba Tek Singh
2022-02-17,24.1,11.4,0.0,12.0,Toba Tek Singh
2022-02-18,23.0,11.6,0.0,19.3,Toba Tek Singh
2022-02-19,25.0,10.1,0.0,10.0,Toba Tek Singh
2022-02-20,26.3,10.8,0.0,20.7,Toba Tek Singh
2022-02-21,26.4,10.7,0.0,12.6,Toba Tek Singh
2022-02-22,25.1,14.4,0.0,26.3,Toba Tek Singh
2022-02-23,23.4,10.2,0.0,11.1,Toba Tek Singh
2022-02-24,23.8,11.4,0.0,12.3,Toba Tek Singh
2022-02-25,20.7,13.1,8.3,20.9,Toba Tek Singh
2022-02-26,21.5,11.1,1.5,12.3,Toba Tek Singh
2022-02-27,22.3,9.5,0.0,10.4,Toba Tek Singh
2022-02-28,24.1,10.0,0.0,10.9,Toba Tek Singh
2022-03-01,25.0,13.1,2.8,14.5,Toba Tek Singh
2022-03-02,23.3,12.6,4.2,16.4,Toba Tek Singh
2022-03-03,23.1,12.9,8.4,16.9,Toba Tek Singh
2022-03-04,24.3,11.6,0.0,10.5,Toba Tek Singh
2022-03-05,26.3,12.7,0.0,11.9,Toba Tek Singh
2022-03-06,27.9,15.1,0.2,16.3,Toba Tek Singh
2022-03-07,26.0,14.2,1.6,24.8,Toba Tek Singh
2022-03-08,27.8,13.9,0.0,11.9,Toba Tek Singh
2022-03-09,28.0,14.5,1.3,10.5,Toba Tek Singh
2022-03-10,29.6,14.9,0.0,12.0,Toba Tek Singh
2022-03-11,31.8,16.9,0.0,8.7,Toba Tek Singh
2022-03-12,33.0,17.5,0.0,11.8,Toba Tek Singh
2022-03-13,34.0,18.2,0.0,11.5,Toba Tek Singh
2022-03-14,35.7,19.6,0.0,11.9,Toba Tek Singh
2022-03-15,35.9,20.2,0.0,9.4,Toba Tek Singh
2022-03-16,38.1,20.5,0.0,10.1,Toba Tek Singh
2022-03-17,38.3,20.3,0.0,9.5,Toba Tek Singh
2022-03-18,38.8,21.4,0.0,15.5,Toba Tek Singh
2022-03-19,35.6,22.0,0.0,20.2,Toba Tek Singh
2022-03-20,35.8,22.4,0.0,12.6,Toba Tek Singh
2022-03-21,37.2,19.9,0.0,11.0,Toba Tek Singh
2022-03-22,36.7,20.0,0.0,15.7,Toba Tek Singh
2022-03-23,35.7,21.2,0.0,15.5,Toba Tek Singh
2022-03-24,35.2,21.5,0.0,11.2,Toba Tek Singh
2022-03-25,36.2,19.7,0.0,13.7,Toba Tek Singh
2022-03-26,37.3,20.0,0.0,16.4,Toba Tek Singh
2022-03-27,38.3,19.9,0.0,14.2,Toba Tek Singh
2022-03-28,39.0,22.4,0.0,14.3,Toba Tek Singh
2022-03-29,39.5,21.9,0.0,12.1,Toba Tek Singh
2022-03-30,38.7,21.5,0.0,15.0,Toba Tek Singh
2022-03-31,38.5,21.0,0.0,16.6,Toba Tek Singh
2022-04-01,38.8,20.4,0.0,14.7,Toba Tek Singh
2022-04-02,38.7,21.9,0.0,16.9,Toba Tek Singh
2022-04-03,38.8,19.1,0.0,11.5,Toba Tek Singh
2022-04-04,39.5,20.8,0.0,17.3,Toba Tek Singh
2022-04-05,40.0,22.2,0.0,10.1,Toba Tek Singh
2022-04-06,41.0,21.0,0.0,10.4,Toba Tek Singh
2022-04-07,42.5,22.4,0.0,12.4,Toba Tek Singh
2022-04-08,43.0,24.0,0.0,15.9,Toba Tek Singh
2022-04-09,42.7,24.7,0.0,15.6,Toba Tek Singh
2022-04-10,43.8,22.8,0.0,14.0,Toba Tek Singh
2022-04-11,43.0,24.9,0.0,17.8,Toba Tek Singh
2022-04-12,41.8,26.5,0.0,15.3,Toba Tek Singh
2022-04-13,38.8,25.5,0.0,17.4,Toba Tek Singh
2022-04-14,39.5,23.0,0.0,20.4,Toba Tek Singh
2022-04-15,39.7,23.5,0.0,13.8,Toba Tek Singh
2022-04-16,40.6,23.8,0.0,13.5,Toba Tek Singh
2022-04-17,41.7,25.6,0.0,12.6,Toba Tek Singh
2022-04-18,42.7,25.8,0.0,20.2,Toba Tek Singh
2022-04-19,40.9,27.1,0.0,26.2,Toba Tek Singh
2022-04-20,39.2,26.4,0.0,20.7,Toba Tek Singh
2022-04-21,40.0,25.5,0.0,28.1,Toba Tek Singh
2022-04-22,36.6,22.6,0.0,21.0,Toba Tek Singh
2022-04-23,38.2,23.7,0.0,10.9,Toba Tek Singh
2022-04-24,39.7,24.4,0.0,17.7,Toba Tek Singh
2022-04-25,40.8,25.0,0.0,27.1,Toba Tek Singh
2022-04-26,42.1,25.2,0.0,15.8,Toba Tek Singh
2022-04-27,43.6,24.4,0.0,15.0,Toba Tek Singh
2022-04-28,44.7,26.6,0.0,17.1,Toba Tek Singh
2022-04-29,44.5,27.2,0.0,14.5,Toba Tek Singh
2022-04-30,44.8,27.0,0.0,16.1,Toba Tek Singh
2022-05-01,45.2,29.0,0.0,14.2,Toba Tek Singh
2022-05-02,45.5,29.1,0.0,18.4,Toba Tek Singh
2022-05-03,40.7,28.8,0.0,20.8,Toba Tek Singh
2022-05-04,39.6,27.0,0.0,20.5,Toba Tek Singh
2022-05-05,39.7,25.9,0.0,15.2,Toba Tek Singh
2022-05-06,40.8,25.6,0.0,9.7,Toba Tek Singh
2022-05-07,42.2,26.4,0.0,11.4,Toba Tek Singh
2022-05-08,43.8,26.5,0.0,15.3,Toba Tek Singh
2022-05-09,43.5,28.5,0.0,15.0,Toba Tek Singh
2022-05-10,43.1,28.4,0.0,18.5,Toba Tek Singh
2022-05-11,44.6,28.2,0.0,12.0,Toba Tek Singh
2022-05-12,44.9,29.2,0.0,20.7,Toba Tek Singh
2022-05-13,44.9,27.5,0.0,14.3,Toba Tek Singh
2022-05-14,46.8,28.6,0.0,16.6,Toba Tek Singh
2022-05-15,46.8,29.3,0.0,19.7,Toba Tek Singh
2022-05-16,42.7,29.5,0.0,25.9,Toba Tek Singh
2022-05-17,43.6,28.5,0.0,16.1,Toba Tek Singh
2022-05-18,43.0,28.7,0.0,13.3,Toba Tek Singh
2022-05-19,45.0,30.1,0.0,20.5,Toba Tek Singh
2022-05-20,42.3,28.8,0.0,22.1,Toba Tek Singh
2022-05-21,41.5,27.5,0.0,16.8,Toba Tek Singh
2022-05-22,42.8,26.1,0.0,19.3,Toba Tek Singh
2022-05-23,35.9,27.3,0.2,28.5,Toba Tek Singh
2022-05-24,36.7,24.2,0.0,17.3,Toba Tek Singh
2022-05-25,38.8,24.5,0.0,14.1,Toba Tek Singh
2022-05-26,41.7,27.5,0.0,15.8,Toba Tek Singh
2022-05-27,43.8,30.1,0.0,15.6,Toba Tek Singh
2022-05-28,42.3,30.0,0.0,26.2,Toba Tek Singh
2022-05-29,42.4,28.3,0.0,20.3,Toba Tek Singh
2022-05-30,42.0,28.6,0.0,22.1,Toba Tek Singh
2022-05-31,42.8,27.7,0.0,23.2,Toba Tek Singh
2022-06-01,43.1,27.8,0.0,17.9,Toba Tek Singh
2022-06-02,44.3,27.1,0.0,10.9,Toba Tek Singh
2022-06-03,45.5,27.2,0.0,17.2,Toba Tek Singh
2022-06-04,45.5,28.8,0.0,12.7,Toba Tek Singh
2022-06-05,45.1,28.0,0.0,13.4,Toba Tek Singh
2022-06-06,45.5,30.4,0.0,14.8,Toba Tek Singh
2022-06-07,46.5,30.0,0.0,14.8,Toba Tek Singh
2022-06-08,45.0,31.4,0.0,16.9,Toba Tek Singh
2022-06-09,46.0,31.4,0.0,17.1,Toba Tek Singh
2022-06-10,43.9,33.8,0.1,23.1,Toba Tek Singh
2022-06-11,42.7,31.5,1.6,34.5,Toba Tek Singh
2022-06-12,43.0,29.6,0.0,14.5,Toba Tek Singh
2022-06-13,43.0,31.1,0.0,16.6,Toba Tek Singh
2022-06-14,44.9,31.1,0.0,17.3,Toba Tek Singh
2022-06-15,45.3,32.8,0.0,19.4,Toba Tek Singh
2022-06-16,42.9,33.4,0.0,21.4,Toba Tek Singh
2022-06-17,36.7,24.7,18.8,23.0,Toba Tek Singh
2022-06-18,34.1,25.5,9.3,14.2,Toba Tek Singh
2022-06-19,34.2,24.9,4.0,14.2,Toba Tek Singh
2022-06-20,35.3,26.1,1.5,11.5,Toba Tek Singh
2022-06-21,27.9,20.8,27.8,35.7,Toba Tek Singh
2022-06-22,31.9,20.4,5.4,11.4,Toba Tek Singh
2022-06-23,34.7,23.8,0.0,11.5,Toba Tek Singh
2022-06-24,37.6,25.2,0.0,8.9,Toba Tek Singh
2022-06-25,39.2,25.8,0.0,11.5,Toba Tek Singh
2022-06-26,40.1,26.1,0.0,14.0,Toba Tek Singh
2022-06-27,41.2,29.4,0.0,11.9,Toba Tek Singh
2022-06-28,42.3,30.4,0.0,10.0,Toba Tek Singh
2022-06-29,42.7,30.9,0.0,17.1,Toba Tek Singh
2022-06-30,41.2,32.8,0.0,19.5,Toba Tek Singh
2022-07-01,36.2,28.4,0.0,22.8,Toba Tek Singh
2022-07-02,36.9,28.2,1.1,12.1,Toba Tek Singh
2022-07-03,36.7,29.8,0.3,15.3,Toba Tek Singh
2022-07-04,38.0,29.8,0.3,11.0,Toba Tek Singh
2022-07-05,39.2,31.4,0.0,13.4,Toba Tek Singh
2022-07-06,39.4,30.5,2.7,21.0,Toba Tek Singh
2022-07-07,37.8,29.0,0.2,12.7,Toba Tek Singh
2022-07-08,40.2,31.0,0.1,12.4,Toba Tek Singh
2022-07-09,39.1,29.0,7.5,29.5,Toba Tek Singh
2022-07-10,36.9,28.5,2.0,21.9,Toba Tek Singh
2022-07-11,36.1,28.5,0.2,11.8,Toba Tek Singh
2022-07-12,38.5,29.9,0.0,9.9,Toba Tek Singh
2022-07-13,37.5,27.5,6.0,18.5,Toba Tek Singh
2022-07-14,33.8,26.5,17.1,15.3,Toba Tek Singh
2022-07-15,30.9,24.0,14.9,17.9,Toba Tek Singh
2022-07-16,36.5,26.1,0.0,15.0,Toba Tek Singh
2022-07-17,33.0,27.2,9.4,15.0,Toba Tek Singh
2022-07-18,36.5,27.4,0.0,11.2,Toba Tek Singh
2022-07-19,37.8,29.4,0.2,11.9,Toba Tek Singh
2022-07-20,38.5,27.2,5.0,23.4,Toba Tek Singh
2022-07-21,34.5,26.3,25.3,17.1,Toba Tek Singh
2022-07-22,30.5,25.5,24.2,21.3,Toba Tek Singh
2022-07-23,31.6,26.5,7.7,18.1,Toba Tek Singh
2022-07-24,32.5,26.0,19.3,14.8,Toba Tek Singh
2022-07-25,32.7,25.2,10.3,17.1,Toba Tek Singh
2022-07-26,34.5,26.4,0.7,11.8,Toba Tek Singh
2022-07-27,33.5,27.7,0.4,12.7,Toba Tek Singh
2022-07-28,32.4,26.2,20.1,15.5,Toba Tek Singh
2022-07-29,32.0,25.3,10.6,11.5,Toba Tek Singh
2022-07-30,32.0,25.7,2.0,8.7,Toba Tek Singh
2022-07-31,32.6,25.6,10.4,15.9,Toba Tek Singh
2022-08-01,31.7,24.4,26.5,10.0,Toba Tek Singh
2022-08-02,34.2,26.2,0.6,9.7,Toba Tek Singh
2022-08-03,33.8,25.8,1.8,10.2,Toba Tek Singh
2022-08-04,36.2,27.3,0.0,10.2,Toba Tek Singh
2022-08-05,33.9,27.6,1.3,18.8,Toba Tek Singh
2022-08-06,33.8,26.8,0.0,10.2,Toba Tek Singh
2022-08-07,34.8,27.5,0.5,11.5,Toba Tek Singh
2022-08-08,35.1,27.2,0.4,12.6,Toba Tek Singh
2022-08-09,36.0,28.2,0.0,9.4,Toba Tek Singh
2022-08-10,36.8,28.5,0.0,8.8,Toba Tek Singh
2022-08-11,34.0,29.0,2.7,21.5,Toba Tek Singh
2022-08-12,35.5,27.4,0.0,14.7,Toba Tek Singh
2022-08-13,37.5,27.7,0.0,14.4,Toba Tek Singh
2022-08-14,35.5,29.1,0.2,16.3,Toba Tek Singh
2022-08-15,34.4,27.3,1.1,14.5,Toba Tek Singh
2022-08-16,35.0,26.5,0.0,11.7,Toba Tek Singh
2022-08-17,32.0,26.5,15.3,27.5,Toba Tek Singh
2022-08-18,34.2,25.9,2.0,16.7,Toba Tek Singh
2022-08-19,34.8,26.9,0.1,14.7,Toba Tek Singh
2022-08-20,35.5,26.6,0.1,13.3,Toba Tek Singh
2022-08-21,35.3,26.5,0.0,15.2,Toba Tek Singh
2022-08-22,37.0,26.8,0.0,9.2,Toba Tek Singh
2022-08-23,38.2,29.1,0.2,18.2,Toba Tek Singh
2022-08-24,35.7,29.0,0.7,27.1,Toba Tek Singh
2022-08-25,33.9,27.5,0.9,20.7,Toba Tek Singh
2022-08-26,35.0,26.5,0.1,12.2,Toba Tek Singh
2022-08-27,35.5,27.0,0.2,11.6,Toba Tek Singh
2022-08-28,35.5,27.4,0.2,12.4,Toba Tek Singh
2022-08-29,34.0,26.1,6.4,16.4,Toba Tek Singh
2022-08-30,36.8,25.5,0.2,13.4,Toba Tek Singh
2022-08-31,38.6,27.7,0.0,11.2,Toba Tek Singh
2022-09-01,38.5,27.8,0.0,11.6,Toba Tek Singh
2022-09-02,38.8,28.1,0.0,12.8,Toba Tek Singh
2022-09-03,38.9,28.0,0.0,13.7,Toba Tek Singh
2022-09-04,37.4,28.5,0.0,14.9,Toba Tek Singh
2022-09-05,35.8,26.6,8.5,15.0,Toba Tek Singh
2022-09-06,34.7,25.5,0.0,8.7,Toba Tek Singh
2022-09-07,35.5,26.8,0.5,13.3,Toba Tek Singh
2022-09-08,36.8,27.0,0.0,8.2,Toba Tek Singh
2022-09-09,37.5,27.6,0.0,11.4,Toba Tek Singh
2022-09-10,38.1,27.8,0.1,16.4,Toba Tek Singh
2022-09-11,36.3,28.7,1.5,14.5,Toba Tek Singh
2022-09-12,35.6,26.4,8.7,11.3,Toba Tek Singh
2022-09-13,37.0,25.9,0.4,17.3,Toba Tek Singh
2022-09-14,37.2,27.6,0.0,9.8,Toba Tek Singh
2022-09-15,37.5,27.5,0.0,10.7,Toba Tek Singh
2022-09-16,37.7,27.5,0.0,17.0,Toba Tek Singh
2022-09-17,37.0,26.5,0.0,19.6,Toba Tek Singh
2022-09-18,37.5,26.6,0.0,9.3,Toba Tek Singh
2022-09-19,37.2,26.5,0.0,10.1,Toba Tek Singh
2022-09-20,37.5,26.5,0.0,12.4,Toba Tek Singh
2022-09-21,38.0,26.1,0.0,17.2,Toba Tek Singh
2022-09-22,37.7,25.6,0.0,10.9,Toba Tek Singh
2022-09-23,38.0,26.5,0.0,16.9,Toba Tek Singh
2022-09-24,34.4,25.4,0.0,17.8,Toba Tek Singh
2022-09-25,34.7,24.0,0.0,18.5,Toba Tek Singh
2022-09-26,32.5,22.8,1.3,19.9,Toba Tek Singh
2022-09-27,34.2,24.9,0.0,7.7,Toba Tek Singh
2022-09-28,35.6,25.0,0.0,9.5,Toba Tek Singh
2022-09-29,36.0,24.5,0.0,8.8,Toba Tek Singh
2022-09-30,36.5,23.9,0.0,9.7,Toba Tek Singh
2022-10-01,37.1,24.0,0.0,14.2,Toba Tek Singh
2022-10-02,36.8,24.5,0.0,19.8,Toba Tek Singh
2022-10-03,36.5,23.9,0.0,14.8,Toba Tek Singh
2022-10-04,36.0,22.7,0.0,9.4,Toba Tek Singh
2022-10-05,36.2,22.2,0.0,10.1,Toba Tek Singh
2022-10-06,36.7,25.0,0.0,17.4,Toba Tek Singh
2022-10-07,34.7,23.4,0.0,13.5,Toba Tek Singh
2022-10-08,33.8,22.8,0.0,15.0,Toba Tek Singh
2022-10-09,33.8,21.6,0.0,11.8,Toba Tek Singh
2022-10-10,31.7,22.5,1.2,10.7,Toba Tek Singh
2022-10-11,32.7,21.6,0.0,13.8,Toba Tek Singh
2022-10-12,33.2,21.5,0.0,12.7,Toba Tek Singh
2022-10-13,33.8,20.3,0.0,10.5,Toba Tek Singh
2022-10-14,33.2,20.0,0.0,10.6,Toba Tek Singh
2022-10-15,33.5,18.5,0.0,8.9,Toba Tek Singh
2022-10-16,34.5,18.5,0.0,11.2,Toba Tek Singh
2022-10-17,34.5,19.2,0.0,10.5,Toba Tek Singh
2022-10-18,32.8,18.4,0.0,11.6,Toba Tek Singh
2022-10-19,34.3,18.1,0.0,12.0,Toba Tek Singh
2022-10-20,30.7,20.3,0.0,19.4,Toba Tek Singh
2022-10-21,30.9,18.6,0.0,14.5,Toba Tek Singh
2022-10-22,32.0,17.8,0.0,9.0,Toba Tek Singh
2022-10-23,32.4,18.3,0.0,10.6,Toba Tek Singh
2022-10-24,32.3,17.8,0.0,9.5,Toba Tek Singh
2022-10-25,32.9,18.3,0.0,9.4,Toba Tek Singh
2022-10-26,33.9,19.0,0.0,11.5,Toba Tek Singh
2022-10-27,32.6,19.5,0.0,10.2,Toba Tek Singh
2022-10-28,33.2,19.2,0.0,10.3,Toba Tek Singh
2022-10-29,34.2,19.0,0.0,10.2,Toba Tek Singh
2022-10-30,33.8,17.8,0.0,8.9,Toba Tek Singh
2022-10-31,32.9,19.2,0.0,12.3,Toba Tek Singh
2022-11-01,31.1,19.0,0.0,11.3,Toba Tek Singh
2022-11-02,32.1,18.9,0.0,7.9,Toba Tek Singh
2022-11-03,33.3,19.3,0.0,9.0,Toba Tek Singh
2022-11-04,33.8,20.6,0.0,9.7,Toba Tek Singh
2022-11-05,32.1,20.4,0.0,30.6,Toba Tek Singh
2022-11-06,28.8,18.2,0.4,21.0,Toba Tek Singh
2022-11-07,27.4,17.4,0.0,15.5,Toba Tek Singh
2022-11-08,28.0,16.1,0.0,9.8,Toba Tek Singh
2022-11-09,28.7,17.0,0.2,19.2,Toba Tek Singh
2022-11-10,27.0,16.5,1.5,28.9,Toba Tek Singh
2022-11-11,26.9,14.7,0.0,8.8,Toba Tek Singh
2022-11-12,28.0,14.6,0.0,9.7,Toba Tek Singh
2022-11-13,28.9,15.8,0.0,17.2,Toba Tek Singh
2022-11-14,23.0,15.9,6.2,19.5,Toba Tek Singh
2022-11-15,23.6,13.8,0.0,13.4,Toba Tek Singh
2022-11-16,24.8,12.4,0.0,10.4,Toba Tek Singh
2022-11-17,25.5,11.6,0.0,11.4,Toba Tek Singh
2022-11-18,26.0,10.9,0.0,9.2,Toba Tek Singh
2022-11-19,26.1,13.4,0.0,12.0,Toba Tek Singh
2022-11-20,25.2,12.1,0.0,9.8,Toba Tek Singh
2022-11-21,26.0,12.1,0.0,12.9,Toba Tek Singh
2022-11-22,26.9,11.5,0.0,11.0,Toba Tek Singh
2022-11-23,26.4,10.8,0.0,10.7,Toba Tek Singh
2022-11-24,27.5,11.7,0.0,11.3,Toba Tek Singh
2022-11-25,27.5,11.1,0.0,10.6,Toba Tek Singh
2022-11-26,26.6,9.6,0.0,10.0,Toba Tek Singh
2022-11-27,26.0,10.6,0.0,10.0,Toba Tek Singh
2022-11-28,26.0,10.1,0.0,10.5,Toba Tek Singh
2022-11-29,25.9,10.9,0.0,10.2,Toba Tek Singh
2022-11-30,25.1,10.9,0.0,10.2,Toba Tek Singh
2022-12-01,24.9,11.0,0.0,9.8,Toba Tek Singh
2022-12-02,25.0,12.2,0.0,9.7,Toba Tek Singh
2022-12-03,25.1,10.8,0.0,9.8,Toba Tek Singh
2022-12-04,23.9,10.9,0.0,10.0,Toba Tek Singh
2022-12-05,23.7,9.5,0.0,8.4,Toba Tek Singh
2022-12-06,23.2,9.9,0.0,9.6,Toba Tek Singh
2022-12-07,23.8,9.4,0.0,10.5,Toba Tek Singh
2022-12-08,24.0,10.1,0.0,10.0,Toba Tek Singh
2022-12-09,23.5,12.6,0.0,11.0,Toba Tek Singh
2022-12-10,23.9,12.6,0.0,10.8,Toba Tek Singh
2022-12-11,23.8,11.6,0.0,11.5,Toba Tek Singh
2022-12-12,23.8,9.4,0.0,8.9,Toba Tek Singh
2022-12-13,23.2,10.1,0.0,12.2,Toba Tek Singh
2022-12-14,23.3,8.1,0.0,11.2,Toba Tek Singh
2022-12-15,23.4,8.6,0.0,10.4,Toba Tek Singh
2022-12-16,23.5,8.2,0.0,10.9,Toba Tek Singh
2022-12-17,23.2,7.7,0.0,9.4,Toba Tek Singh
2022-12-18,22.9,7.8,0.0,9.4,Toba Tek Singh
2022-12-19,22.6,8.8,0.0,7.3,Toba Tek Singh
2022-12-20,21.8,8.1,0.0,8.1,Toba Tek Singh
2022-12-21,21.4,8.9,0.0,9.2,Toba Tek Singh
2022-12-22,20.8,8.2,0.0,7.9,Toba Tek Singh
2022-12-23,19.9,6.7,0.0,9.7,Toba Tek Singh
2022-12-24,18.2,6.1,0.0,10.1,Toba Tek Singh
2022-12-25,15.6,5.8,0.0,10.7,Toba Tek Singh
2022-12-26,16.9,5.8,0.0,6.9,Toba Tek Singh
2022-12-27,17.8,6.4,0.0,11.1,Toba Tek Singh
2022-12-28,20.6,6.1,0.0,11.4,Toba Tek Singh
2022-12-29,16.4,10.8,12.1,15.7,Toba Tek Singh
2022-12-30,18.0,8.9,0.0,12.8,Toba Tek Singh
2022-12-31,19.0,5.7,0.0,11.9,Toba Tek Singh
2023-01-01,18.8,6.2,0.0,10.1,Toba Tek Singh
2023-01-02,19.0,5.6,0.0,10.5,Toba Tek Singh
2023-01-03,18.9,5.6,0.0,11.8,Toba Tek Singh
2023-01-04,19.4,4.8,0.0,11.4,Toba Tek Singh
2023-01-05,19.0,4.3,0.0,9.1,Toba Tek Singh
2023-01-06,17.5,4.2,0.0,7.5,Toba Tek Singh
2023-01-07,16.5,4.8,0.4,12.5,Toba Tek Singh
2023-01-08,15.6,5.4,0.0,7.8,Toba Tek Singh
2023-01-09,18.8,5.9,0.0,9.8,Toba Tek Singh
2023-01-10,19.3,6.4,0.0,10.7,Toba Tek Singh
2023-01-11,16.6,8.4,0.5,13.0,Toba Tek Singh
2023-01-12,17.2,7.6,0.1,12.6,Toba Tek Singh
2023-01-13,14.5,6.3,0.0,15.5,Toba Tek Singh
2023-01-14,15.8,3.8,0.0,11.5,Toba Tek Singh
2023-01-15,15.8,1.5,0.0,11.6,Toba Tek Singh
2023-01-16,16.9,1.5,0.0,10.6,Toba Tek Singh
2023-01-17,17.4,2.2,0.0,11.4,Toba Tek Singh
2023-01-18,16.5,4.0,0.5,9.6,Toba Tek Singh
2023-01-19,18.0,6.9,0.0,10.9,Toba Tek Singh
2023-01-20,14.9,9.6,0.5,9.3,Toba Tek Singh
2023-01-21,17.4,6.3,0.0,10.6,Toba Tek Singh
2023-01-22,17.4,5.4,0.0,9.0,Toba Tek Singh
2023-01-23,17.5,5.8,0.0,12.6,Toba Tek Singh
2023-01-24,18.1,7.8,0.0,11.4,Toba Tek Singh
2023-01-25,18.5,4.1,0.0,12.0,Toba Tek Singh
2023-01-26,18.2,2.8,0.0,10.8,Toba Tek Singh
2023-01-27,19.8,3.5,0.0,11.1,Toba Tek Singh
2023-01-28,21.5,5.8,0.0,10.1,Toba Tek Singh
2023-01-29,22.0,6.0,1.6,20.3,Toba Tek Singh
2023-01-30,18.7,9.9,0.2,10.4,Toba Tek Singh
2023-01-31,20.0,8.7,0.0,10.5,Toba Tek Singh
2023-02-01,22.8,7.2,0.0,11.0,Toba Tek Singh
2023-02-02,23.8,8.8,0.0,9.5,Toba Tek Singh
2023-02-03,24.3,9.4,0.0,11.3,Toba Tek Singh
2023-02-04,25.8,9.5,0.0,11.1,Toba Tek Singh
2023-02-05,26.2,9.7,0.0,12.4,Toba Tek Singh
2023-02-06,24.6,12.6,0.0,17.1,Toba Tek Singh
2023-02-07,24.2,10.1,0.0,11.5,Toba Tek Singh
2023-02-08,25.8,11.8,0.0,9.8,Toba Tek Singh
2023-02-09,24.9,13.4,0.6,13.7,Toba Tek Singh
2023-02-10,25.7,10.9,0.0,14.8,Toba Tek Singh
2023-02-11,22.5,9.0,0.0,17.0,Toba Tek Singh
2023-02-12,21.8,8.9,0.0,16.6,Toba Tek Singh
2023-02-13,23.4,6.7,0.0,10.4,Toba Tek Singh
2023-02-14,26.9,9.5,0.0,9.1,Toba Tek Singh
2023-02-15,28.9,12.0,0.0,8.8,Toba Tek Singh
2023-02-16,29.5,11.4,0.0,10.7,Toba Tek Singh
2023-02-17,30.0,13.4,0.0,10.3,Toba Tek Singh
2023-02-18,30.6,15.6,0.0,12.7,Toba Tek Singh
2023-02-19,30.8,14.9,0.0,10.9,Toba Tek Singh
2023-02-20,30.8,15.4,0.0,13.9,Toba Tek Singh
2023-02-21,28.9,14.6,0.0,14.7,Toba Tek Singh
2023-02-22,29.1,13.9,0.0,10.0,Toba Tek Singh
2023-02-23,29.2,13.0,0.0,10.6,Toba Tek Singh
2023-02-24,29.9,13.8,0.0,11.6,Toba Tek Singh
2023-02-25,31.5,14.9,0.2,15.5,Toba Tek Singh
2023-02-26,29.9,16.9,0.0,13.8,Toba Tek Singh
2023-02-27,29.9,15.8,0.0,9.3,Toba Tek Singh
2023-02-28,23.7,16.2,5.4,17.7,Toba Tek Singh
2023-03-01,23.7,15.1,3.2,13.4,Toba Tek Singh
2023-03-02,23.5,14.7,3.7,11.3,Toba Tek Singh
2023-03-03,26.1,14.1,0.0,10.8,Toba Tek Singh
2023-03-04,27.6,14.6,1.3,12.8,Toba Tek Singh
2023-03-05,28.5,14.8,0.0,12.0,Toba Tek Singh
2023-03-06,29.2,14.9,0.0,10.6,Toba Tek Singh
2023-03-07,28.8,15.6,0.0,13.6,Toba Tek Singh
2023-03-08,30.4,15.4,0.0,12.1,Toba Tek Singh
2023-03-09,30.6,15.1,0.0,11.0,Toba Tek Singh
2023-03-10,31.5,15.4,0.0,12.1,Toba Tek Singh
2023-03-11,32.2,18.4,0.0,15.1,Toba Tek Singh
2023-03-12,31.9,17.5,0.0,28.6,Toba Tek Singh
2023-03-13,31.0,18.6,0.2,16.9,Toba Tek Singh
2023-03-14,32.2,16.6,0.0,9.8,Toba Tek Singh
2023-03-15,33.0,19.1,0.0,18.4,Toba Tek Singh
2023-03-16,31.7,19.3,1.5,22.7,Toba Tek Singh
2023-03-17,25.6,15.8,0.4,17.8,Toba Tek Singh
2023-03-18,24.9,14.8,0.0,9.0,Toba Tek Singh
2023-03-19,25.0,14.8,0.8,8.5,Toba Tek Singh
2023-03-20,27.5,15.2,0.0,9.2,Toba Tek Singh
2023-03-21,26.3,15.3,0.7,14.1,Toba Tek Singh
2023-03-22,24.5,14.9,9.3,21.0,Toba Tek Singh
2023-03-23,27.3,15.9,0.5,15.1,Toba Tek Singh
2023-03-24,24.8,15.7,25.7,22.5,Toba Tek Singh
2023-03-25,22.7,14.1,1.5,14.3,Toba Tek Singh
2023-03-26,25.0,12.9,0.0,10.7,Toba Tek Singh
2023-03-27,27.5,13.6,0.0,9.7,Toba Tek Singh
2023-03-28,28.3,15.9,0.0,12.5,Toba Tek Singh
2023-03-29,29.1,17.9,1.4,18.8,Toba Tek Singh
2023-03-30,24.4,16.8,3.7,13.4,Toba Tek Singh
2023-03-31,23.1,16.5,17.6,12.2,Toba Tek Singh
2023-04-01,25.2,15.1,0.0,11.6,Toba Tek Singh
2023-04-02,26.7,15.9,13.5,23.1,Toba Tek Singh
2023-04-03,26.2,16.9,9.2,19.1,Toba Tek Singh
2023-04-04,27.1,14.6,0.1,10.7,Toba Tek Singh
2023-04-05,28.2,15.6,4.7,20.0,Toba Tek Singh
2023-04-06,28.7,14.8,0.0,10.7,Toba Tek Singh
2023-04-07,30.2,15.6,0.0,10.9,Toba Tek Singh
2023-04-08,32.3,16.0,0.0,10.3,Toba Tek Singh
2023-04-09,34.2,17.9,0.0,10.2,Toba Tek Singh
2023-04-10,35.0,17.8,0.0,12.4,Toba Tek Singh
2023-04-11,37.0,19.4,0.0,16.9,Toba Tek Singh
2023-04-12,37.0,20.0,0.0,9.8,Toba Tek Singh
2023-04-13,38.5,19.6,0.0,13.8,Toba Tek Singh
2023-04-14,39.8,21.5,0.0,13.6,Toba Tek Singh
2023-04-15,39.7,23.0,0.0,17.6,Toba Tek Singh
2023-04-16,38.2,23.0,0.0,17.0,Toba Tek Singh
2023-04-17,38.3,23.9,0.0,16.2,Toba Tek Singh
2023-04-18,34.9,21.0,0.3,27.9,Toba Tek Singh
2023-04-19,31.0,22.4,6.4,22.3,Toba Tek Singh
2023-04-20,31.7,20.2,1.2,13.8,Toba Tek Singh
2023-04-21,34.1,18.1,0.0,25.5,Toba Tek Singh
2023-04-22,32.6,19.2,0.0,19.6,Toba Tek Singh
2023-04-23,33.7,17.9,0.0,14.3,Toba Tek Singh
2023-04-24,36.7,19.1,0.0,13.9,Toba Tek Singh
2023-04-25,38.2,21.4,0.0,14.8,Toba Tek Singh
2023-04-26,37.8,23.4,0.0,19.1,Toba Tek Singh
2023-04-27,38.3,23.5,0.0,19.6,Toba Tek Singh
2023-04-28,34.6,22.8,0.5,15.8,Toba Tek Singh
2023-04-29,31.8,23.0,1.9,20.5,Toba Tek Singh
2023-04-30,32.8,20.6,1.3,24.9,Toba Tek Singh
2023-05-01,31.0,20.5,3.0,19.8,Toba Tek Singh
2023-05-02,29.4,19.7,8.4,13.3,Toba Tek Singh
2023-05-03,32.2,19.4,0.0,13.4,Toba Tek Singh
2023-05-04,33.5,20.4,2.8,29.2,Toba Tek Singh
2023-05-05,32.5,20.0,0.4,11.3,Toba Tek Singh
2023-05-06,36.0,22.4,0.5,16.6,Toba Tek Singh
2023-05-07,35.2,20.4,0.0,18.8,Toba Tek Singh
2023-05-08,34.2,20.4,0.0,22.5,Toba Tek Singh
2023-05-09,35.8,20.5,0.0,12.0,Toba Tek Singh
2023-05-10,36.7,20.4,0.0,11.3,Toba Tek Singh
2023-05-11,39.0,22.7,0.0,12.3,Toba Tek Singh
2023-05-12,40.5,23.7,0.0,11.2,Toba Tek Singh
2023-05-13,41.3,26.1,0.0,18.7,Toba Tek Singh
2023-05-14,39.9,25.9,0.0,13.9,Toba Tek Singh
2023-05-15,40.8,23.9,0.0,14.2,Toba Tek Singh
2023-05-16,39.4,25.6,0.0,12.3,Toba Tek Singh
2023-05-17,39.3,24.8,0.0,17.2,Toba Tek Singh
2023-05-18,35.8,23.1,0.0,10.2,Toba Tek Singh
2023-05-19,37.5,23.3,0.0,13.3,Toba Tek Singh
2023-05-20,41.2,24.0,0.0,12.0,Toba Tek Singh
2023-05-21,42.0,26.2,0.0,23.6,Toba Tek Singh
2023-05-22,41.9,25.8,0.4,30.1,Toba Tek Singh
2023-05-23,40.3,27.2,0.6,18.9,Toba Tek Singh
2023-05-24,38.0,25.8,1.2,23.5,Toba Tek Singh
2023-05-25,34.0,25.5,4.5,17.0,Toba Tek Singh
2023-05-26,33.9,23.3,1.2,20.6,Toba Tek Singh
2023-05-27,34.9,24.1,0.0,14.4,Toba Tek Singh
2023-05-28,35.2,24.2,1.0,28.8,Toba Tek Singh
2023-05-29,30.9,23.1,34.0,32.3,Toba Tek Singh
2023-05-30,31.1,21.8,0.7,13.8,Toba Tek Singh
2023-05-31,29.6,21.7,1.6,12.3,Toba Tek Singh
2023-06-01,26.6,20.0,17.1,20.6,Toba Tek Singh
2023-06-02,30.5,18.9,0.0,7.3,Toba Tek Singh
2023-06-03,33.7,20.2,0.0,9.0,Toba Tek Singh
2023-06-04,35.7,23.2,0.0,10.1,Toba Tek Singh
2023-06-05,36.5,23.8,0.0,23.2,Toba Tek Singh
2023-06-06,37.2,25.0,0.0,19.7,Toba Tek Singh
2023-06-07,37.3,23.5,0.0,11.5,Toba Tek Singh
2023-06-08,39.3,25.2,0.0,9.7,Toba Tek Singh
2023-06-09,41.3,27.0,0.0,18.1,Toba Tek Singh
2023-06-10,40.8,27.1,1.8,13.3,Toba Tek Singh
2023-06-11,37.6,27.2,0.5,11.7,Toba Tek Singh
2023-06-12,40.2,28.4,0.3,17.7,Toba Tek Singh
2023-06-13,40.8,29.5,0.0,22.5,Toba Tek Singh
2023-06-14,39.8,29.1,0.7,26.5,Toba Tek Singh
2023-06-15,38.0,29.1,0.6,25.6,Toba Tek Singh
2023-06-16,38.6,28.9,0.3,12.6,Toba Tek Singh
2023-06-17,40.3,29.5,0.0,11.4,Toba Tek Singh
2023-06-18,41.8,28.9,0.0,18.8,Toba Tek Singh
2023-06-19,40.4,30.0,0.0,11.0,Toba Tek Singh
2023-06-20,44.1,30.9,0.0,12.3,Toba Tek Singh
2023-06-21,43.5,32.9,0.0,15.1,Toba Tek Singh
2023-06-22,43.7,32.5,0.0,18.9,Toba Tek Singh
2023-06-23,43.7,33.5,0.0,19.1,Toba Tek Singh
2023-06-24,43.7,33.1,0.0,18.1,Toba Tek Singh
2023-06-25,43.4,32.7,0.0,24.8,Toba Tek Singh
2023-06-26,39.4,29.2,4.3,21.9,Toba Tek Singh
2023-06-27,37.2,28.9,0.0,11.8,Toba Tek Singh
2023-06-28,38.0,29.6,0.0,15.6,Toba Tek Singh
2023-06-29,36.3,28.0,5.0,10.1,Toba Tek Singh
2023-06-30,36.0,25.9,12.6,19.8,Toba Tek Singh
2023-07-01,37.9,28.7,0.5,9.8,Toba Tek Singh
2023-07-02,38.0,28.6,0.4,12.4,Toba Tek Singh
2023-07-03,40.1,30.5,0.0,11.5,Toba Tek Singh
2023-07-04,40.2,31.4,0.0,21.6,Toba Tek Singh
2023-07-05,35.2,26.8,8.1,24.1,Toba Tek Singh
2023-07-06,34.2,23.9,13.5,27.9,Toba Tek Singh
2023-07-07,33.5,24.6,11.6,14.3,Toba Tek Singh
2023-07-08,32.3,26.4,3.6,15.3,Toba Tek Singh
2023-07-09,34.0,26.4,0.4,11.2,Toba Tek Singh
2023-07-10,34.8,25.4,0.0,11.0,Toba Tek Singh
2023-07-11,36.9,26.4,0.0,11.4,Toba Tek Singh
2023-07-12,39.3,28.0,0.0,16.2,Toba Tek Singh
2023-07-13,36.4,26.6,0.9,17.1,Toba Tek Singh
2023-07-14,36.2,28.7,0.0,9.9,Toba Tek Singh
2023-07-15,38.0,29.3,0.7,10.9,Toba Tek Singh
2023-07-16,36.8,28.9,0.1,12.7,Toba Tek Singh
2023-07-17,37.2,28.4,0.0,8.6,Toba Tek Singh
2023-07-18,38.9,29.8,0.0,14.6,Toba Tek Singh
2023-07-19,37.4,29.5,3.6,16.5,Toba Tek Singh
2023-07-20,35.2,26.8,9.1,12.2,Toba Tek Singh
2023-07-21,37.0,28.5,4.7,10.7,Toba Tek Singh
2023-07-22,33.8,26.4,11.1,17.3,Toba Tek Singh
2023-07-23,34.9,25.6,5.9,13.8,Toba Tek Singh
2023-07-24,34.3,28.8,7.9,10.7,Toba Tek Singh
2023-07-25,33.2,28.0,13.4,10.2,Toba Tek Singh
2023-07-26,34.0,26.4,13.8,13.1,Toba Tek Singh
2023-07-27,32.8,26.0,6.4,10.6,Toba Tek Singh
2023-07-28,33.8,26.8,0.4,17.6,Toba Tek Singh
2023-07-29,33.5,24.8,20.2,13.8,Toba Tek Singh
2023-07-30,34.2,25.5,0.0,7.7,Toba Tek Singh
2023-07-31,35.8,27.6,0.0,15.5,Toba Tek Singh
2023-08-01,36.3,26.5,0.0,11.6,Toba Tek Singh
2023-08-02,36.7,29.0,0.1,15.1,Toba Tek Singh
2023-08-03,36.2,28.8,0.1,12.3,Toba Tek Singh
2023-08-04,36.8,28.8,0.0,14.8,Toba Tek Singh
2023-08-05,36.2,29.0,2.1,13.7,Toba Tek Singh
2023-08-06,36.8,29.5,0.0,16.9,Toba Tek Singh
2023-08-07,35.7,29.2,0.0,19.1,Toba Tek Singh
2023-08-08,36.5,28.1,0.2,15.0,Toba Tek Singh
2023-08-09,37.3,29.1,0.0,17.7,Toba Tek Singh
2023-08-10,37.5,29.5,0.0,17.7,Toba Tek Singh
2023-08-11,37.5,29.2,0.0,15.6,Toba Tek Singh
2023-08-12,38.0,29.1,0.0,15.5,Toba Tek Singh
2023-08-13,37.5,29.5,0.0,18.4,Toba Tek Singh
2023-08-14,37.4,30.4,0.0,17.1,Toba Tek Singh
2023-08-15,36.8,29.5,0.1,15.8,Toba Tek Singh
2023-08-16,38.5,28.9,0.0,14.5,Toba Tek Singh
2023-08-17,38.0,29.6,0.0,17.1,Toba Tek Singh
2023-08-18,38.4,29.8,0.0,13.2,Toba Tek Singh
2023-08-19,39.5,30.2,0.0,13.0,Toba Tek Singh
2023-08-20,38.7,29.9,0.0,12.4,Toba Tek Singh
2023-08-21,39.6,30.5,0.0,10.6,Toba Tek Singh
2023-08-22,40.8,31.4,0.0,16.6,Toba Tek Singh
2023-08-23,38.7,31.2,0.0,21.0,Toba Tek Singh
2023-08-24,37.0,29.0,0.0,16.5,Toba Tek Singh
2023-08-25,36.3,26.5,1.1,28.5,Toba Tek Singh
2023-08-26,33.5,26.1,1.1,20.0,Toba Tek Singh
2023-08-27,36.2,26.8,0.0,12.4,Toba Tek Singh
2023-08-28,36.2,28.4,0.0,15.4,Toba Tek Singh
2023-08-29,36.7,24.5,0.0,14.5,Toba Tek Singh
2023-08-30,38.7,27.3,0.0,10.9,Toba Tek Singh
2023-08-31,38.8,28.2,0.0,15.8,Toba Tek Singh
2023-09-01,38.7,28.4,0.0,19.6,Toba Tek Singh
2023-09-02,37.2,27.4,0.0,20.1,Toba Tek Singh
2023-09-03,36.5,26.9,0.0,14.9,Toba Tek Singh
2023-09-04,37.3,26.2,0.0,12.1,Toba Tek Singh
2023-09-05,37.8,27.6,0.0,11.6,Toba Tek Singh
2023-09-06,38.1,27.2,0.1,7.9,Toba Tek Singh
2023-09-07,39.3,28.3,0.0,9.5,Toba Tek Singh
2023-09-08,40.0,27.2,0.0,13.7,Toba Tek Singh
2023-09-09,39.3,27.6,0.0,14.0,Toba Tek Singh
2023-09-10,38.7,28.8,0.0,15.4,Toba Tek Singh
2023-09-11,37.9,28.4,0.0,13.0,Toba Tek Singh
2023-09-12,39.3,28.9,0.0,12.3,Toba Tek Singh
2023-09-13,39.8,29.0,0.0,10.6,Toba Tek Singh
2023-09-14,39.8,29.8,0.2,10.5,Toba Tek Singh
2023-09-15,38.0,30.0,0.4,18.4,Toba Tek Singh
2023-09-16,38.0,28.4,0.0,14.0,Toba Tek Singh
2023-09-17,37.1,28.5,0.0,23.8,Toba Tek Singh
2023-09-18,35.3,26.8,0.1,19.5,Toba Tek Singh
2023-09-19,33.8,24.8,1.6,16.1,Toba Tek Singh
2023-09-20,35.2,26.0,0.3,8.8,Toba Tek Singh
2023-09-21,35.7,26.3,0.0,10.1,Toba Tek Singh
2023-09-22,37.9,27.9,0.6,15.2,Toba Tek Singh
2023-09-23,36.5,25.4,0.5,23.2,Toba Tek Singh
2023-09-24,34.1,23.2,13.0,11.7,Toba Tek Singh
2023-09-25,32.3,23.4,1.7,22.9,Toba Tek Singh
2023-09-26,34.1,24.0,0.0,7.7,Toba Tek Singh
2023-09-27,35.6,23.0,0.0,9.3,Toba Tek Singh
2023-09-28,36.6,23.6,0.0,18.9,Toba Tek Singh
2023-09-29,35.7,24.7,0.0,26.8,Toba Tek Singh
2023-09-30,34.8,22.2,0.0,11.7,Toba Tek Singh
2023-10-01,35.9,22.8,0.0,11.2,Toba Tek Singh
2023-10-02,36.2,21.5,0.0,13.7,Toba Tek Singh
2023-10-03,36.8,21.0,0.0,14.6,Toba Tek Singh
2023-10-04,36.9,21.6,0.0,10.1,Toba Tek Singh
2023-10-05,37.1,21.4,0.0,11.3,Toba Tek Singh
2023-10-06,36.8,22.6,0.0,14.8,Toba Tek Singh
2023-10-07,36.0,25.8,0.0,13.9,Toba Tek Singh
2023-10-08,37.2,25.8,0.0,7.9,Toba Tek Singh
2023-10-09,37.6,24.9,0.0,31.3,Toba Tek Singh
2023-10-10,34.0,21.7,0.0,14.5,Toba Tek Singh
2023-10-11,33.8,20.5,0.0,8.6,Toba Tek Singh
2023-10-12,35.2,21.2,0.0,10.5,Toba Tek Singh
2023-10-13,36.2,23.2,0.0,17.1,Toba Tek Singh
2023-10-14,34.2,23.4,0.0,22.5,Toba Tek Singh
2023-10-15,30.4,19.6,4.2,30.2,Toba Tek Singh
2023-10-16,25.5,19.4,21.4,26.1,Toba Tek Singh
2023-10-17,26.5,17.4,4.5,19.6,Toba Tek Singh
2023-10-18,26.6,16.4,0.0,10.2,Toba Tek Singh
2023-10-19,28.4,16.6,0.0,8.3,Toba Tek Singh
2023-10-20,30.2,17.0,0.5,14.2,Toba Tek Singh
2023-10-21,27.2,19.0,12.3,25.1,Toba Tek Singh
2023-10-22,26.1,17.6,11.8,13.1,Toba Tek Singh
2023-10-23,29.0,17.8,0.6,10.1,Toba Tek Singh
2023-10-24,29.0,18.3,0.1,8.2,Toba Tek Singh
2023-10-25,31.4,17.2,0.0,10.0,Toba Tek Singh
2023-10-26,31.9,18.9,0.0,8.9,Toba Tek Singh
2023-10-27,32.3,18.7,0.0,14.4,Toba Tek Singh
2023-10-28,32.2,19.5,0.0,11.1,Toba Tek Singh
2023-10-29,32.7,18.4,0.0,11.2,Toba Tek Singh
2023-10-30,32.9,20.1,0.5,12.9,Toba Tek Singh
2023-10-31,32.2,19.0,0.0,13.3,Toba Tek Singh
2023-11-01,31.1,19.3,0.3,33.6,Toba Tek Singh
2023-11-02,30.6,18.1,3.3,22.0,Toba Tek Singh
2023-11-03,29.3,18.5,0.2,9.7,Toba Tek Singh
2023-11-04,30.5,16.0,0.0,8.7,Toba Tek Singh
2023-11-05,30.4,18.0,0.0,10.1,Toba Tek Singh
2023-11-06,30.7,16.9,0.0,18.1,Toba Tek Singh
2023-11-07,27.2,17.6,0.0,13.4,Toba Tek Singh
2023-11-08,27.5,16.8,0.1,9.5,Toba Tek Singh
2023-11-09,27.7,16.5,12.1,19.1,Toba Tek Singh
2023-11-10,24.0,15.4,1.9,18.4,Toba Tek Singh
2023-11-11,24.4,13.4,0.0,6.4,Toba Tek Singh
2023-11-12,26.0,13.6,0.0,6.9,Toba Tek Singh
2023-11-13,26.2,14.4,0.0,10.0,Toba Tek Singh
2023-11-14,26.4,14.3,0.0,10.2,Toba Tek Singh
2023-11-15,26.9,13.4,0.0,10.5,Toba Tek Singh
2023-11-16,26.8,14.0,0.0,9.3,Toba Tek Singh
2023-11-17,26.4,12.9,0.0,9.6,Toba Tek Singh
2023-11-18,26.5,13.6,0.0,10.0,Toba Tek Singh
2023-11-19,26.5,14.1,0.0,9.4,Toba Tek Singh
2023-11-20,25.7,13.6,0.0,10.5,Toba Tek Singh
2023-11-21,25.0,13.2,0.0,10.0,Toba Tek Singh
2023-11-22,26.2,11.4,0.0,10.4,Toba Tek Singh
2023-11-23,27.1,13.5,0.0,13.3,Toba Tek Singh
2023-11-24,26.2,13.6,0.0,9.4,Toba Tek Singh
2023-11-25,24.8,14.2,0.0,9.4,Toba Tek Singh
2023-11-26,24.5,14.1,0.0,9.0,Toba Tek Singh
2023-11-27,24.3,14.2,4.2,17.7,Toba Tek Singh
2023-11-28,25.2,12.6,0.0,13.6,Toba Tek Singh
2023-11-29,25.9,14.3,0.1,9.5,Toba Tek Singh
2023-11-30,25.0,13.9,0.0,15.0,Toba Tek Singh
2023-12-01,23.5,12.1,0.0,11.2,Toba Tek Singh
2023-12-02,24.8,11.1,0.0,9.0,Toba Tek Singh
2023-12-03,24.5,11.4,0.0,10.2,Toba Tek Singh
2023-12-04,24.4,11.9,0.0,10.3,Toba Tek Singh
2023-12-05,24.0,9.5,0.0,7.0,Toba Tek Singh
2023-12-06,24.1,9.4,0.0,11.0,Toba Tek Singh
2023-12-07,23.6,10.1,0.0,11.6,Toba Tek Singh
2023-12-08,24.2,9.4,0.0,10.9,Toba Tek Singh
2023-12-09,24.0,9.6,0.0,9.4,Toba Tek Singh
2023-12-10,23.4,8.9,0.0,10.5,Toba Tek Singh
2023-12-11,23.1,8.2,0.0,9.9,Toba Tek Singh
2023-12-12,23.0,10.4,0.0,9.4,Toba Tek Singh
2023-12-13,22.8,9.0,0.0,10.5,Toba Tek Singh
2023-12-14,22.2,8.9,0.0,9.6,Toba Tek Singh
2023-12-15,22.5,9.6,0.0,9.3,Toba Tek Singh
2023-12-16,22.2,8.9,0.0,9.7,Toba Tek Singh
2023-12-17,21.1,9.5,0.0,10.5,Toba Tek Singh
2023-12-18,21.9,8.2,0.0,14.4,Toba Tek Singh
2023-12-19,22.2,7.2,0.0,11.4,Toba Tek Singh
2023-12-20,22.9,6.7,0.0,11.2,Toba Tek Singh
2023-12-21,22.1,6.3,0.0,11.6,Toba Tek Singh
2023-12-22,21.9,7.3,0.1,12.3,Toba Tek Singh
2023-12-23,23.8,11.0,0.0,10.9,Toba Tek Singh
2023-12-24,23.2,10.0,0.0,10.0,Toba Tek Singh
2023-12-25,24.9,9.9,0.0,10.5,Toba Tek Singh
2023-12-26,24.0,9.4,0.0,10.7,Toba Tek Singh
2023-12-27,23.2,7.9,0.0,10.4,Toba Tek Singh
2023-12-28,22.8,8.2,0.0,10.8,Toba Tek Singh
2023-12-29,21.3,8.1,0.0,9.8,Toba Tek Singh
2023-12-30,18.5,8.4,0.0,9.0,Toba Tek Singh
2023-12-31,17.9,8.1,0.0,4.9,Toba Tek Singh
